
/*--------------------------------*- C++ -*----------------------------------*\
| =========                 |                                                 |
| \      /  F ield         | OpenFOAM: The Open Source CFD Toolbox           |
|  \    /   O peration     | Version:  v2412                                 |
|   \  /    A nd           | Website:  www.openfoam.com                      |
|    \/     M anipulation  |                                                 |
\*---------------------------------------------------------------------------*/
FoamFile
{
    version         2.0;
    format          ascii;
    class           dictionary;
    object          blockMeshDict;
}
// * * * * * * * * * * * * * * * * * * * * * * * * * * * * * * * * * * * * * //

scale   1;

// This file is generated using blocktool.py 

vertices
(
	(-0.04 0.0 0)
	(-0.04 0.0 0.8)
	(-0.023094010767585032 0.0 0)
	(-0.023094010767585032 0.0 0.8)
	(0.02309401076758503 0.0 0)
	(0.02309401076758503 0.0 0.8)
	(0.04618802153517006 0.0 0)
	(0.04618802153517006 0.0 0.8)
	(0.09237604307034011 0.0 0)
	(0.09237604307034011 0.0 0.8)
	(0.11547005383792515 0.0 0)
	(0.11547005383792515 0.0 0.8)
	(0.16165807537309523 0.0 0)
	(0.16165807537309523 0.0 0.8)
	(0.18475208614068026 0.0 0)
	(0.18475208614068026 0.0 0.8)
	(0.23094010767585033 0.0 0)
	(0.23094010767585033 0.0 0.8)
	(0.2540341184434353 0.0 0)
	(0.2540341184434353 0.0 0.8)
	(0.30022213997860536 0.0 0)
	(0.30022213997860536 0.0 0.8)
	(0.3233161507461904 0.0 0)
	(0.3233161507461904 0.0 0.8)
	(0.36950417228136045 0.0 0)
	(0.36950417228136045 0.0 0.8)
	(0.3925981830489455 0.0 0)
	(0.3925981830489455 0.0 0.8)
	(0.43878620458411555 0.0 0)
	(0.43878620458411555 0.0 0.8)
	(0.4618802153517006 0.0 0)
	(0.4618802153517006 0.0 0.8)
	(0.5080682368868707 0.0 0)
	(0.5080682368868707 0.0 0.8)
	(0.5311622476544557 0.0 0)
	(0.5311622476544557 0.0 0.8)
	(0.5773502691896257 0.0 0)
	(0.5773502691896257 0.0 0.8)
	(0.6004442799572108 0.0 0)
	(0.6004442799572108 0.0 0.8)
	(0.6466323014923809 0.0 0)
	(0.6466323014923809 0.0 0.8)
	(0.6697263122599659 0.0 0)
	(0.6697263122599659 0.0 0.8)
	(0.7159143337951359 0.0 0)
	(0.7159143337951359 0.0 0.8)
	(0.739008344562721 0.0 0)
	(0.739008344562721 0.0 0.8)
	(0.7851963660978911 0.0 0)
	(0.7851963660978911 0.0 0.8)
	(0.8082903768654761 0.0 0)
	(0.8082903768654761 0.0 0.8)
	(0.8544783984006461 0.0 0)
	(0.8544783984006461 0.0 0.8)
	(0.8775724091682312 0.0 0)
	(0.8775724091682312 0.0 0.8)
	(0.9237604307034013 0.0 0)
	(0.9237604307034013 0.0 0.8)
	(0.9468544414709863 0.0 0)
	(0.9468544414709863 0.0 0.8)
	(0.9930424630061563 0.0 0)
	(0.9930424630061563 0.0 0.8)
	(1.0161364737737415 0.0 0)
	(1.0161364737737415 0.0 0.8)
	(1.0623244953089115 0.0 0)
	(1.0623244953089115 0.0 0.8)
	(1.0854185060764965 0.0 0)
	(1.0854185060764965 0.0 0.8)
	(1.1316065276116665 0.0 0)
	(1.1316065276116665 0.0 0.8)
	(1.1547005383792515 0.0 0)
	(1.1547005383792515 0.0 0.8)
	(1.2008885599144217 0.0 0)
	(1.2008885599144217 0.0 0.8)
	(1.2239825706820067 0.0 0)
	(1.2239825706820067 0.0 0.8)
	(1.2701705922171767 0.0 0)
	(1.2701705922171767 0.0 0.8)
	(1.2932646029847619 0.0 0)
	(1.2932646029847619 0.0 0.8)
	(1.3394526245199319 0.0 0)
	(1.3394526245199319 0.0 0.8)
	(1.3509996299037244 0.0 0)
	(1.3509996299037244 0.0 0.8)
	(-0.04 0.02 0)
	(-0.04 0.02 0.8)
	(-0.011547005383792516 0.02 0)
	(-0.011547005383792516 0.02 0.8)
	(0.011547005383792514 0.02 0)
	(0.011547005383792514 0.02 0.8)
	(0.057735026918962574 0.02 0)
	(0.057735026918962574 0.02 0.8)
	(0.0808290376865476 0.02 0)
	(0.0808290376865476 0.02 0.8)
	(0.12701705922171766 0.02 0)
	(0.12701705922171766 0.02 0.8)
	(0.1501110699893027 0.02 0)
	(0.1501110699893027 0.02 0.8)
	(0.19629909152447278 0.02 0)
	(0.19629909152447278 0.02 0.8)
	(0.2193931022920578 0.02 0)
	(0.2193931022920578 0.02 0.8)
	(0.2655811238272278 0.02 0)
	(0.2655811238272278 0.02 0.8)
	(0.28867513459481287 0.02 0)
	(0.28867513459481287 0.02 0.8)
	(0.3348631561299829 0.02 0)
	(0.3348631561299829 0.02 0.8)
	(0.35795716689756796 0.02 0)
	(0.35795716689756796 0.02 0.8)
	(0.404145188432738 0.02 0)
	(0.404145188432738 0.02 0.8)
	(0.42723919920032305 0.02 0)
	(0.42723919920032305 0.02 0.8)
	(0.4734272207354931 0.02 0)
	(0.4734272207354931 0.02 0.8)
	(0.4965212315030782 0.02 0)
	(0.4965212315030782 0.02 0.8)
	(0.5427092530382482 0.02 0)
	(0.5427092530382482 0.02 0.8)
	(0.5658032638058332 0.02 0)
	(0.5658032638058332 0.02 0.8)
	(0.6119912853410033 0.02 0)
	(0.6119912853410033 0.02 0.8)
	(0.6350852961085884 0.02 0)
	(0.6350852961085884 0.02 0.8)
	(0.6812733176437584 0.02 0)
	(0.6812733176437584 0.02 0.8)
	(0.7043673284113434 0.02 0)
	(0.7043673284113434 0.02 0.8)
	(0.7505553499465135 0.02 0)
	(0.7505553499465135 0.02 0.8)
	(0.7736493607140986 0.02 0)
	(0.7736493607140986 0.02 0.8)
	(0.8198373822492686 0.02 0)
	(0.8198373822492686 0.02 0.8)
	(0.8429313930168536 0.02 0)
	(0.8429313930168536 0.02 0.8)
	(0.8891194145520237 0.02 0)
	(0.8891194145520237 0.02 0.8)
	(0.9122134253196088 0.02 0)
	(0.9122134253196088 0.02 0.8)
	(0.9584014468547788 0.02 0)
	(0.9584014468547788 0.02 0.8)
	(0.9814954576223638 0.02 0)
	(0.9814954576223638 0.02 0.8)
	(1.027683479157534 0.02 0)
	(1.027683479157534 0.02 0.8)
	(1.050777489925119 0.02 0)
	(1.050777489925119 0.02 0.8)
	(1.096965511460289 0.02 0)
	(1.096965511460289 0.02 0.8)
	(1.120059522227874 0.02 0)
	(1.120059522227874 0.02 0.8)
	(1.166247543763044 0.02 0)
	(1.166247543763044 0.02 0.8)
	(1.1893415545306292 0.02 0)
	(1.1893415545306292 0.02 0.8)
	(1.2355295760657992 0.02 0)
	(1.2355295760657992 0.02 0.8)
	(1.2586235868333842 0.02 0)
	(1.2586235868333842 0.02 0.8)
	(1.3048116083685544 0.02 0)
	(1.3048116083685544 0.02 0.8)
	(1.3279056191361394 0.02 0)
	(1.3279056191361394 0.02 0.8)
	(1.3509996299037244 0.02 0)
	(1.3509996299037244 0.02 0.8)
	(-0.04 0.04 0)
	(-0.04 0.04 0.8)
	(-0.023094010767585032 0.04 0)
	(-0.023094010767585032 0.04 0.8)
	(0.02309401076758503 0.04 0)
	(0.02309401076758503 0.04 0.8)
	(0.04618802153517006 0.04 0)
	(0.04618802153517006 0.04 0.8)
	(0.09237604307034011 0.04 0)
	(0.09237604307034011 0.04 0.8)
	(0.11547005383792515 0.04 0)
	(0.11547005383792515 0.04 0.8)
	(0.16165807537309523 0.04 0)
	(0.16165807537309523 0.04 0.8)
	(0.18475208614068026 0.04 0)
	(0.18475208614068026 0.04 0.8)
	(0.23094010767585033 0.04 0)
	(0.23094010767585033 0.04 0.8)
	(0.2540341184434353 0.04 0)
	(0.2540341184434353 0.04 0.8)
	(0.30022213997860536 0.04 0)
	(0.30022213997860536 0.04 0.8)
	(0.3233161507461904 0.04 0)
	(0.3233161507461904 0.04 0.8)
	(0.36950417228136045 0.04 0)
	(0.36950417228136045 0.04 0.8)
	(0.3925981830489455 0.04 0)
	(0.3925981830489455 0.04 0.8)
	(0.43878620458411555 0.04 0)
	(0.43878620458411555 0.04 0.8)
	(0.4618802153517006 0.04 0)
	(0.4618802153517006 0.04 0.8)
	(0.5080682368868707 0.04 0)
	(0.5080682368868707 0.04 0.8)
	(0.5311622476544557 0.04 0)
	(0.5311622476544557 0.04 0.8)
	(0.5773502691896257 0.04 0)
	(0.5773502691896257 0.04 0.8)
	(0.6004442799572108 0.04 0)
	(0.6004442799572108 0.04 0.8)
	(0.6466323014923809 0.04 0)
	(0.6466323014923809 0.04 0.8)
	(0.6697263122599659 0.04 0)
	(0.6697263122599659 0.04 0.8)
	(0.7159143337951359 0.04 0)
	(0.7159143337951359 0.04 0.8)
	(0.739008344562721 0.04 0)
	(0.739008344562721 0.04 0.8)
	(0.7851963660978911 0.04 0)
	(0.7851963660978911 0.04 0.8)
	(0.8082903768654761 0.04 0)
	(0.8082903768654761 0.04 0.8)
	(0.8544783984006461 0.04 0)
	(0.8544783984006461 0.04 0.8)
	(0.8775724091682312 0.04 0)
	(0.8775724091682312 0.04 0.8)
	(0.9237604307034013 0.04 0)
	(0.9237604307034013 0.04 0.8)
	(0.9468544414709863 0.04 0)
	(0.9468544414709863 0.04 0.8)
	(0.9930424630061563 0.04 0)
	(0.9930424630061563 0.04 0.8)
	(1.0161364737737415 0.04 0)
	(1.0161364737737415 0.04 0.8)
	(1.0623244953089115 0.04 0)
	(1.0623244953089115 0.04 0.8)
	(1.0854185060764965 0.04 0)
	(1.0854185060764965 0.04 0.8)
	(1.1316065276116665 0.04 0)
	(1.1316065276116665 0.04 0.8)
	(1.1547005383792515 0.04 0)
	(1.1547005383792515 0.04 0.8)
	(1.2008885599144217 0.04 0)
	(1.2008885599144217 0.04 0.8)
	(1.2239825706820067 0.04 0)
	(1.2239825706820067 0.04 0.8)
	(1.2701705922171767 0.04 0)
	(1.2701705922171767 0.04 0.8)
	(1.2932646029847619 0.04 0)
	(1.2932646029847619 0.04 0.8)
	(1.3394526245199319 0.04 0)
	(1.3394526245199319 0.04 0.8)
	(1.3509996299037244 0.04 0)
	(1.3509996299037244 0.04 0.8)
	(-0.04 0.06 0)
	(-0.04 0.06 0.8)
	(-0.011547005383792516 0.06 0)
	(-0.011547005383792516 0.06 0.8)
	(0.011547005383792514 0.06 0)
	(0.011547005383792514 0.06 0.8)
	(0.057735026918962574 0.06 0)
	(0.057735026918962574 0.06 0.8)
	(0.0808290376865476 0.06 0)
	(0.0808290376865476 0.06 0.8)
	(0.12701705922171766 0.06 0)
	(0.12701705922171766 0.06 0.8)
	(0.1501110699893027 0.06 0)
	(0.1501110699893027 0.06 0.8)
	(0.19629909152447278 0.06 0)
	(0.19629909152447278 0.06 0.8)
	(0.2193931022920578 0.06 0)
	(0.2193931022920578 0.06 0.8)
	(0.2655811238272278 0.06 0)
	(0.2655811238272278 0.06 0.8)
	(0.28867513459481287 0.06 0)
	(0.28867513459481287 0.06 0.8)
	(0.3348631561299829 0.06 0)
	(0.3348631561299829 0.06 0.8)
	(0.35795716689756796 0.06 0)
	(0.35795716689756796 0.06 0.8)
	(0.404145188432738 0.06 0)
	(0.404145188432738 0.06 0.8)
	(0.42723919920032305 0.06 0)
	(0.42723919920032305 0.06 0.8)
	(0.4734272207354931 0.06 0)
	(0.4734272207354931 0.06 0.8)
	(0.4965212315030782 0.06 0)
	(0.4965212315030782 0.06 0.8)
	(0.5427092530382482 0.06 0)
	(0.5427092530382482 0.06 0.8)
	(0.5658032638058332 0.06 0)
	(0.5658032638058332 0.06 0.8)
	(0.6119912853410033 0.06 0)
	(0.6119912853410033 0.06 0.8)
	(0.6350852961085884 0.06 0)
	(0.6350852961085884 0.06 0.8)
	(0.6812733176437584 0.06 0)
	(0.6812733176437584 0.06 0.8)
	(0.7043673284113434 0.06 0)
	(0.7043673284113434 0.06 0.8)
	(0.7505553499465135 0.06 0)
	(0.7505553499465135 0.06 0.8)
	(0.7736493607140986 0.06 0)
	(0.7736493607140986 0.06 0.8)
	(0.8198373822492686 0.06 0)
	(0.8198373822492686 0.06 0.8)
	(0.8429313930168536 0.06 0)
	(0.8429313930168536 0.06 0.8)
	(0.8891194145520237 0.06 0)
	(0.8891194145520237 0.06 0.8)
	(0.9122134253196088 0.06 0)
	(0.9122134253196088 0.06 0.8)
	(0.9584014468547788 0.06 0)
	(0.9584014468547788 0.06 0.8)
	(0.9814954576223638 0.06 0)
	(0.9814954576223638 0.06 0.8)
	(1.027683479157534 0.06 0)
	(1.027683479157534 0.06 0.8)
	(1.050777489925119 0.06 0)
	(1.050777489925119 0.06 0.8)
	(1.096965511460289 0.06 0)
	(1.096965511460289 0.06 0.8)
	(1.120059522227874 0.06 0)
	(1.120059522227874 0.06 0.8)
	(1.166247543763044 0.06 0)
	(1.166247543763044 0.06 0.8)
	(1.1893415545306292 0.06 0)
	(1.1893415545306292 0.06 0.8)
	(1.2355295760657992 0.06 0)
	(1.2355295760657992 0.06 0.8)
	(1.2586235868333842 0.06 0)
	(1.2586235868333842 0.06 0.8)
	(1.3048116083685544 0.06 0)
	(1.3048116083685544 0.06 0.8)
	(1.3279056191361394 0.06 0)
	(1.3279056191361394 0.06 0.8)
	(1.3509996299037244 0.06 0)
	(1.3509996299037244 0.06 0.8)
	(-0.04 0.08 0)
	(-0.04 0.08 0.8)
	(-0.023094010767585032 0.08 0)
	(-0.023094010767585032 0.08 0.8)
	(0.02309401076758503 0.08 0)
	(0.02309401076758503 0.08 0.8)
	(0.04618802153517006 0.08 0)
	(0.04618802153517006 0.08 0.8)
	(0.09237604307034011 0.08 0)
	(0.09237604307034011 0.08 0.8)
	(0.11547005383792515 0.08 0)
	(0.11547005383792515 0.08 0.8)
	(0.16165807537309523 0.08 0)
	(0.16165807537309523 0.08 0.8)
	(0.18475208614068026 0.08 0)
	(0.18475208614068026 0.08 0.8)
	(0.23094010767585033 0.08 0)
	(0.23094010767585033 0.08 0.8)
	(0.2540341184434353 0.08 0)
	(0.2540341184434353 0.08 0.8)
	(0.30022213997860536 0.08 0)
	(0.30022213997860536 0.08 0.8)
	(0.3233161507461904 0.08 0)
	(0.3233161507461904 0.08 0.8)
	(0.36950417228136045 0.08 0)
	(0.36950417228136045 0.08 0.8)
	(0.3925981830489455 0.08 0)
	(0.3925981830489455 0.08 0.8)
	(0.43878620458411555 0.08 0)
	(0.43878620458411555 0.08 0.8)
	(0.4618802153517006 0.08 0)
	(0.4618802153517006 0.08 0.8)
	(0.5080682368868707 0.08 0)
	(0.5080682368868707 0.08 0.8)
	(0.5311622476544557 0.08 0)
	(0.5311622476544557 0.08 0.8)
	(0.5773502691896257 0.08 0)
	(0.5773502691896257 0.08 0.8)
	(0.6004442799572108 0.08 0)
	(0.6004442799572108 0.08 0.8)
	(0.6466323014923809 0.08 0)
	(0.6466323014923809 0.08 0.8)
	(0.6697263122599659 0.08 0)
	(0.6697263122599659 0.08 0.8)
	(0.7159143337951359 0.08 0)
	(0.7159143337951359 0.08 0.8)
	(0.739008344562721 0.08 0)
	(0.739008344562721 0.08 0.8)
	(0.7851963660978911 0.08 0)
	(0.7851963660978911 0.08 0.8)
	(0.8082903768654761 0.08 0)
	(0.8082903768654761 0.08 0.8)
	(0.8544783984006461 0.08 0)
	(0.8544783984006461 0.08 0.8)
	(0.8775724091682312 0.08 0)
	(0.8775724091682312 0.08 0.8)
	(0.9237604307034013 0.08 0)
	(0.9237604307034013 0.08 0.8)
	(0.9468544414709863 0.08 0)
	(0.9468544414709863 0.08 0.8)
	(0.9930424630061563 0.08 0)
	(0.9930424630061563 0.08 0.8)
	(1.0161364737737415 0.08 0)
	(1.0161364737737415 0.08 0.8)
	(1.0623244953089115 0.08 0)
	(1.0623244953089115 0.08 0.8)
	(1.0854185060764965 0.08 0)
	(1.0854185060764965 0.08 0.8)
	(1.1316065276116665 0.08 0)
	(1.1316065276116665 0.08 0.8)
	(1.1547005383792515 0.08 0)
	(1.1547005383792515 0.08 0.8)
	(1.2008885599144217 0.08 0)
	(1.2008885599144217 0.08 0.8)
	(1.2239825706820067 0.08 0)
	(1.2239825706820067 0.08 0.8)
	(1.2701705922171767 0.08 0)
	(1.2701705922171767 0.08 0.8)
	(1.2932646029847619 0.08 0)
	(1.2932646029847619 0.08 0.8)
	(1.3394526245199319 0.08 0)
	(1.3394526245199319 0.08 0.8)
	(1.3509996299037244 0.08 0)
	(1.3509996299037244 0.08 0.8)
	(-0.04 0.1 0)
	(-0.04 0.1 0.8)
	(-0.011547005383792516 0.1 0)
	(-0.011547005383792516 0.1 0.8)
	(0.011547005383792514 0.1 0)
	(0.011547005383792514 0.1 0.8)
	(0.057735026918962574 0.1 0)
	(0.057735026918962574 0.1 0.8)
	(0.0808290376865476 0.1 0)
	(0.0808290376865476 0.1 0.8)
	(0.12701705922171766 0.1 0)
	(0.12701705922171766 0.1 0.8)
	(0.1501110699893027 0.1 0)
	(0.1501110699893027 0.1 0.8)
	(0.19629909152447278 0.1 0)
	(0.19629909152447278 0.1 0.8)
	(0.2193931022920578 0.1 0)
	(0.2193931022920578 0.1 0.8)
	(0.2655811238272278 0.1 0)
	(0.2655811238272278 0.1 0.8)
	(0.28867513459481287 0.1 0)
	(0.28867513459481287 0.1 0.8)
	(0.3348631561299829 0.1 0)
	(0.3348631561299829 0.1 0.8)
	(0.35795716689756796 0.1 0)
	(0.35795716689756796 0.1 0.8)
	(0.404145188432738 0.1 0)
	(0.404145188432738 0.1 0.8)
	(0.42723919920032305 0.1 0)
	(0.42723919920032305 0.1 0.8)
	(0.4734272207354931 0.1 0)
	(0.4734272207354931 0.1 0.8)
	(0.4965212315030782 0.1 0)
	(0.4965212315030782 0.1 0.8)
	(0.5427092530382482 0.1 0)
	(0.5427092530382482 0.1 0.8)
	(0.5658032638058332 0.1 0)
	(0.5658032638058332 0.1 0.8)
	(0.6119912853410033 0.1 0)
	(0.6119912853410033 0.1 0.8)
	(0.6350852961085884 0.1 0)
	(0.6350852961085884 0.1 0.8)
	(0.6812733176437584 0.1 0)
	(0.6812733176437584 0.1 0.8)
	(0.7043673284113434 0.1 0)
	(0.7043673284113434 0.1 0.8)
	(0.7505553499465135 0.1 0)
	(0.7505553499465135 0.1 0.8)
	(0.7736493607140986 0.1 0)
	(0.7736493607140986 0.1 0.8)
	(0.8198373822492686 0.1 0)
	(0.8198373822492686 0.1 0.8)
	(0.8429313930168536 0.1 0)
	(0.8429313930168536 0.1 0.8)
	(0.8891194145520237 0.1 0)
	(0.8891194145520237 0.1 0.8)
	(0.9122134253196088 0.1 0)
	(0.9122134253196088 0.1 0.8)
	(0.9584014468547788 0.1 0)
	(0.9584014468547788 0.1 0.8)
	(0.9814954576223638 0.1 0)
	(0.9814954576223638 0.1 0.8)
	(1.027683479157534 0.1 0)
	(1.027683479157534 0.1 0.8)
	(1.050777489925119 0.1 0)
	(1.050777489925119 0.1 0.8)
	(1.096965511460289 0.1 0)
	(1.096965511460289 0.1 0.8)
	(1.120059522227874 0.1 0)
	(1.120059522227874 0.1 0.8)
	(1.166247543763044 0.1 0)
	(1.166247543763044 0.1 0.8)
	(1.1893415545306292 0.1 0)
	(1.1893415545306292 0.1 0.8)
	(1.2355295760657992 0.1 0)
	(1.2355295760657992 0.1 0.8)
	(1.2586235868333842 0.1 0)
	(1.2586235868333842 0.1 0.8)
	(1.3048116083685544 0.1 0)
	(1.3048116083685544 0.1 0.8)
	(1.3279056191361394 0.1 0)
	(1.3279056191361394 0.1 0.8)
	(1.3509996299037244 0.1 0)
	(1.3509996299037244 0.1 0.8)
	(-0.04 0.12 0)
	(-0.04 0.12 0.8)
	(-0.023094010767585032 0.12 0)
	(-0.023094010767585032 0.12 0.8)
	(0.02309401076758503 0.12 0)
	(0.02309401076758503 0.12 0.8)
	(0.04618802153517006 0.12 0)
	(0.04618802153517006 0.12 0.8)
	(0.09237604307034011 0.12 0)
	(0.09237604307034011 0.12 0.8)
	(0.11547005383792515 0.12 0)
	(0.11547005383792515 0.12 0.8)
	(0.16165807537309523 0.12 0)
	(0.16165807537309523 0.12 0.8)
	(0.18475208614068026 0.12 0)
	(0.18475208614068026 0.12 0.8)
	(0.23094010767585033 0.12 0)
	(0.23094010767585033 0.12 0.8)
	(0.2540341184434353 0.12 0)
	(0.2540341184434353 0.12 0.8)
	(0.30022213997860536 0.12 0)
	(0.30022213997860536 0.12 0.8)
	(0.3233161507461904 0.12 0)
	(0.3233161507461904 0.12 0.8)
	(0.36950417228136045 0.12 0)
	(0.36950417228136045 0.12 0.8)
	(0.3925981830489455 0.12 0)
	(0.3925981830489455 0.12 0.8)
	(0.43878620458411555 0.12 0)
	(0.43878620458411555 0.12 0.8)
	(0.4618802153517006 0.12 0)
	(0.4618802153517006 0.12 0.8)
	(0.5080682368868707 0.12 0)
	(0.5080682368868707 0.12 0.8)
	(0.5311622476544557 0.12 0)
	(0.5311622476544557 0.12 0.8)
	(0.5773502691896257 0.12 0)
	(0.5773502691896257 0.12 0.8)
	(0.6004442799572108 0.12 0)
	(0.6004442799572108 0.12 0.8)
	(0.6466323014923809 0.12 0)
	(0.6466323014923809 0.12 0.8)
	(0.6697263122599659 0.12 0)
	(0.6697263122599659 0.12 0.8)
	(0.7159143337951359 0.12 0)
	(0.7159143337951359 0.12 0.8)
	(0.739008344562721 0.12 0)
	(0.739008344562721 0.12 0.8)
	(0.7851963660978911 0.12 0)
	(0.7851963660978911 0.12 0.8)
	(0.8082903768654761 0.12 0)
	(0.8082903768654761 0.12 0.8)
	(0.8544783984006461 0.12 0)
	(0.8544783984006461 0.12 0.8)
	(0.8775724091682312 0.12 0)
	(0.8775724091682312 0.12 0.8)
	(0.9237604307034013 0.12 0)
	(0.9237604307034013 0.12 0.8)
	(0.9468544414709863 0.12 0)
	(0.9468544414709863 0.12 0.8)
	(0.9930424630061563 0.12 0)
	(0.9930424630061563 0.12 0.8)
	(1.0161364737737415 0.12 0)
	(1.0161364737737415 0.12 0.8)
	(1.0623244953089115 0.12 0)
	(1.0623244953089115 0.12 0.8)
	(1.0854185060764965 0.12 0)
	(1.0854185060764965 0.12 0.8)
	(1.1316065276116665 0.12 0)
	(1.1316065276116665 0.12 0.8)
	(1.1547005383792515 0.12 0)
	(1.1547005383792515 0.12 0.8)
	(1.2008885599144217 0.12 0)
	(1.2008885599144217 0.12 0.8)
	(1.2239825706820067 0.12 0)
	(1.2239825706820067 0.12 0.8)
	(1.2701705922171767 0.12 0)
	(1.2701705922171767 0.12 0.8)
	(1.2932646029847619 0.12 0)
	(1.2932646029847619 0.12 0.8)
	(1.3394526245199319 0.12 0)
	(1.3394526245199319 0.12 0.8)
	(1.3509996299037244 0.12 0)
	(1.3509996299037244 0.12 0.8)
	(-0.04 0.14 0)
	(-0.04 0.14 0.8)
	(-0.011547005383792516 0.14 0)
	(-0.011547005383792516 0.14 0.8)
	(0.011547005383792514 0.14 0)
	(0.011547005383792514 0.14 0.8)
	(0.057735026918962574 0.14 0)
	(0.057735026918962574 0.14 0.8)
	(0.0808290376865476 0.14 0)
	(0.0808290376865476 0.14 0.8)
	(0.12701705922171766 0.14 0)
	(0.12701705922171766 0.14 0.8)
	(0.1501110699893027 0.14 0)
	(0.1501110699893027 0.14 0.8)
	(0.19629909152447278 0.14 0)
	(0.19629909152447278 0.14 0.8)
	(0.2193931022920578 0.14 0)
	(0.2193931022920578 0.14 0.8)
	(0.2655811238272278 0.14 0)
	(0.2655811238272278 0.14 0.8)
	(0.28867513459481287 0.14 0)
	(0.28867513459481287 0.14 0.8)
	(0.3348631561299829 0.14 0)
	(0.3348631561299829 0.14 0.8)
	(0.35795716689756796 0.14 0)
	(0.35795716689756796 0.14 0.8)
	(0.404145188432738 0.14 0)
	(0.404145188432738 0.14 0.8)
	(0.42723919920032305 0.14 0)
	(0.42723919920032305 0.14 0.8)
	(0.4734272207354931 0.14 0)
	(0.4734272207354931 0.14 0.8)
	(0.4965212315030782 0.14 0)
	(0.4965212315030782 0.14 0.8)
	(0.5427092530382482 0.14 0)
	(0.5427092530382482 0.14 0.8)
	(0.5658032638058332 0.14 0)
	(0.5658032638058332 0.14 0.8)
	(0.6119912853410033 0.14 0)
	(0.6119912853410033 0.14 0.8)
	(0.6350852961085884 0.14 0)
	(0.6350852961085884 0.14 0.8)
	(0.6812733176437584 0.14 0)
	(0.6812733176437584 0.14 0.8)
	(0.7043673284113434 0.14 0)
	(0.7043673284113434 0.14 0.8)
	(0.7505553499465135 0.14 0)
	(0.7505553499465135 0.14 0.8)
	(0.7736493607140986 0.14 0)
	(0.7736493607140986 0.14 0.8)
	(0.8198373822492686 0.14 0)
	(0.8198373822492686 0.14 0.8)
	(0.8429313930168536 0.14 0)
	(0.8429313930168536 0.14 0.8)
	(0.8891194145520237 0.14 0)
	(0.8891194145520237 0.14 0.8)
	(0.9122134253196088 0.14 0)
	(0.9122134253196088 0.14 0.8)
	(0.9584014468547788 0.14 0)
	(0.9584014468547788 0.14 0.8)
	(0.9814954576223638 0.14 0)
	(0.9814954576223638 0.14 0.8)
	(1.027683479157534 0.14 0)
	(1.027683479157534 0.14 0.8)
	(1.050777489925119 0.14 0)
	(1.050777489925119 0.14 0.8)
	(1.096965511460289 0.14 0)
	(1.096965511460289 0.14 0.8)
	(1.120059522227874 0.14 0)
	(1.120059522227874 0.14 0.8)
	(1.166247543763044 0.14 0)
	(1.166247543763044 0.14 0.8)
	(1.1893415545306292 0.14 0)
	(1.1893415545306292 0.14 0.8)
	(1.2355295760657992 0.14 0)
	(1.2355295760657992 0.14 0.8)
	(1.2586235868333842 0.14 0)
	(1.2586235868333842 0.14 0.8)
	(1.3048116083685544 0.14 0)
	(1.3048116083685544 0.14 0.8)
	(1.3279056191361394 0.14 0)
	(1.3279056191361394 0.14 0.8)
	(1.3509996299037244 0.14 0)
	(1.3509996299037244 0.14 0.8)
	(-0.04 0.16 0)
	(-0.04 0.16 0.8)
	(-0.023094010767585032 0.16 0)
	(-0.023094010767585032 0.16 0.8)
	(0.02309401076758503 0.16 0)
	(0.02309401076758503 0.16 0.8)
	(0.04618802153517006 0.16 0)
	(0.04618802153517006 0.16 0.8)
	(0.09237604307034011 0.16 0)
	(0.09237604307034011 0.16 0.8)
	(0.11547005383792515 0.16 0)
	(0.11547005383792515 0.16 0.8)
	(0.16165807537309523 0.16 0)
	(0.16165807537309523 0.16 0.8)
	(0.18475208614068026 0.16 0)
	(0.18475208614068026 0.16 0.8)
	(0.23094010767585033 0.16 0)
	(0.23094010767585033 0.16 0.8)
	(0.2540341184434353 0.16 0)
	(0.2540341184434353 0.16 0.8)
	(0.30022213997860536 0.16 0)
	(0.30022213997860536 0.16 0.8)
	(0.3233161507461904 0.16 0)
	(0.3233161507461904 0.16 0.8)
	(0.36950417228136045 0.16 0)
	(0.36950417228136045 0.16 0.8)
	(0.3925981830489455 0.16 0)
	(0.3925981830489455 0.16 0.8)
	(0.43878620458411555 0.16 0)
	(0.43878620458411555 0.16 0.8)
	(0.4618802153517006 0.16 0)
	(0.4618802153517006 0.16 0.8)
	(0.5080682368868707 0.16 0)
	(0.5080682368868707 0.16 0.8)
	(0.5311622476544557 0.16 0)
	(0.5311622476544557 0.16 0.8)
	(0.5773502691896257 0.16 0)
	(0.5773502691896257 0.16 0.8)
	(0.6004442799572108 0.16 0)
	(0.6004442799572108 0.16 0.8)
	(0.6466323014923809 0.16 0)
	(0.6466323014923809 0.16 0.8)
	(0.6697263122599659 0.16 0)
	(0.6697263122599659 0.16 0.8)
	(0.7159143337951359 0.16 0)
	(0.7159143337951359 0.16 0.8)
	(0.739008344562721 0.16 0)
	(0.739008344562721 0.16 0.8)
	(0.7851963660978911 0.16 0)
	(0.7851963660978911 0.16 0.8)
	(0.8082903768654761 0.16 0)
	(0.8082903768654761 0.16 0.8)
	(0.8544783984006461 0.16 0)
	(0.8544783984006461 0.16 0.8)
	(0.8775724091682312 0.16 0)
	(0.8775724091682312 0.16 0.8)
	(0.9237604307034013 0.16 0)
	(0.9237604307034013 0.16 0.8)
	(0.9468544414709863 0.16 0)
	(0.9468544414709863 0.16 0.8)
	(0.9930424630061563 0.16 0)
	(0.9930424630061563 0.16 0.8)
	(1.0161364737737415 0.16 0)
	(1.0161364737737415 0.16 0.8)
	(1.0623244953089115 0.16 0)
	(1.0623244953089115 0.16 0.8)
	(1.0854185060764965 0.16 0)
	(1.0854185060764965 0.16 0.8)
	(1.1316065276116665 0.16 0)
	(1.1316065276116665 0.16 0.8)
	(1.1547005383792515 0.16 0)
	(1.1547005383792515 0.16 0.8)
	(1.2008885599144217 0.16 0)
	(1.2008885599144217 0.16 0.8)
	(1.2239825706820067 0.16 0)
	(1.2239825706820067 0.16 0.8)
	(1.2701705922171767 0.16 0)
	(1.2701705922171767 0.16 0.8)
	(1.2932646029847619 0.16 0)
	(1.2932646029847619 0.16 0.8)
	(1.3394526245199319 0.16 0)
	(1.3394526245199319 0.16 0.8)
	(1.3509996299037244 0.16 0)
	(1.3509996299037244 0.16 0.8)
	(-0.04 0.18 0)
	(-0.04 0.18 0.8)
	(-0.011547005383792516 0.18 0)
	(-0.011547005383792516 0.18 0.8)
	(0.011547005383792514 0.18 0)
	(0.011547005383792514 0.18 0.8)
	(0.057735026918962574 0.18 0)
	(0.057735026918962574 0.18 0.8)
	(0.0808290376865476 0.18 0)
	(0.0808290376865476 0.18 0.8)
	(0.12701705922171766 0.18 0)
	(0.12701705922171766 0.18 0.8)
	(0.1501110699893027 0.18 0)
	(0.1501110699893027 0.18 0.8)
	(0.19629909152447278 0.18 0)
	(0.19629909152447278 0.18 0.8)
	(0.2193931022920578 0.18 0)
	(0.2193931022920578 0.18 0.8)
	(0.2655811238272278 0.18 0)
	(0.2655811238272278 0.18 0.8)
	(0.28867513459481287 0.18 0)
	(0.28867513459481287 0.18 0.8)
	(0.3348631561299829 0.18 0)
	(0.3348631561299829 0.18 0.8)
	(0.35795716689756796 0.18 0)
	(0.35795716689756796 0.18 0.8)
	(0.404145188432738 0.18 0)
	(0.404145188432738 0.18 0.8)
	(0.42723919920032305 0.18 0)
	(0.42723919920032305 0.18 0.8)
	(0.4734272207354931 0.18 0)
	(0.4734272207354931 0.18 0.8)
	(0.4965212315030782 0.18 0)
	(0.4965212315030782 0.18 0.8)
	(0.5427092530382482 0.18 0)
	(0.5427092530382482 0.18 0.8)
	(0.5658032638058332 0.18 0)
	(0.5658032638058332 0.18 0.8)
	(0.6119912853410033 0.18 0)
	(0.6119912853410033 0.18 0.8)
	(0.6350852961085884 0.18 0)
	(0.6350852961085884 0.18 0.8)
	(0.6812733176437584 0.18 0)
	(0.6812733176437584 0.18 0.8)
	(0.7043673284113434 0.18 0)
	(0.7043673284113434 0.18 0.8)
	(0.7505553499465135 0.18 0)
	(0.7505553499465135 0.18 0.8)
	(0.7736493607140986 0.18 0)
	(0.7736493607140986 0.18 0.8)
	(0.8198373822492686 0.18 0)
	(0.8198373822492686 0.18 0.8)
	(0.8429313930168536 0.18 0)
	(0.8429313930168536 0.18 0.8)
	(0.8891194145520237 0.18 0)
	(0.8891194145520237 0.18 0.8)
	(0.9122134253196088 0.18 0)
	(0.9122134253196088 0.18 0.8)
	(0.9584014468547788 0.18 0)
	(0.9584014468547788 0.18 0.8)
	(0.9814954576223638 0.18 0)
	(0.9814954576223638 0.18 0.8)
	(1.027683479157534 0.18 0)
	(1.027683479157534 0.18 0.8)
	(1.050777489925119 0.18 0)
	(1.050777489925119 0.18 0.8)
	(1.096965511460289 0.18 0)
	(1.096965511460289 0.18 0.8)
	(1.120059522227874 0.18 0)
	(1.120059522227874 0.18 0.8)
	(1.166247543763044 0.18 0)
	(1.166247543763044 0.18 0.8)
	(1.1893415545306292 0.18 0)
	(1.1893415545306292 0.18 0.8)
	(1.2355295760657992 0.18 0)
	(1.2355295760657992 0.18 0.8)
	(1.2586235868333842 0.18 0)
	(1.2586235868333842 0.18 0.8)
	(1.3048116083685544 0.18 0)
	(1.3048116083685544 0.18 0.8)
	(1.3279056191361394 0.18 0)
	(1.3279056191361394 0.18 0.8)
	(1.3509996299037244 0.18 0)
	(1.3509996299037244 0.18 0.8)
	(-0.04 0.2 0)
	(-0.04 0.2 0.8)
	(-0.023094010767585032 0.2 0)
	(-0.023094010767585032 0.2 0.8)
	(0.02309401076758503 0.2 0)
	(0.02309401076758503 0.2 0.8)
	(0.04618802153517006 0.2 0)
	(0.04618802153517006 0.2 0.8)
	(0.09237604307034011 0.2 0)
	(0.09237604307034011 0.2 0.8)
	(0.11547005383792515 0.2 0)
	(0.11547005383792515 0.2 0.8)
	(0.16165807537309523 0.2 0)
	(0.16165807537309523 0.2 0.8)
	(0.18475208614068026 0.2 0)
	(0.18475208614068026 0.2 0.8)
	(0.23094010767585033 0.2 0)
	(0.23094010767585033 0.2 0.8)
	(0.2540341184434353 0.2 0)
	(0.2540341184434353 0.2 0.8)
	(0.30022213997860536 0.2 0)
	(0.30022213997860536 0.2 0.8)
	(0.3233161507461904 0.2 0)
	(0.3233161507461904 0.2 0.8)
	(0.36950417228136045 0.2 0)
	(0.36950417228136045 0.2 0.8)
	(0.3925981830489455 0.2 0)
	(0.3925981830489455 0.2 0.8)
	(0.43878620458411555 0.2 0)
	(0.43878620458411555 0.2 0.8)
	(0.4618802153517006 0.2 0)
	(0.4618802153517006 0.2 0.8)
	(0.5080682368868707 0.2 0)
	(0.5080682368868707 0.2 0.8)
	(0.5311622476544557 0.2 0)
	(0.5311622476544557 0.2 0.8)
	(0.5773502691896257 0.2 0)
	(0.5773502691896257 0.2 0.8)
	(0.6004442799572108 0.2 0)
	(0.6004442799572108 0.2 0.8)
	(0.6466323014923809 0.2 0)
	(0.6466323014923809 0.2 0.8)
	(0.6697263122599659 0.2 0)
	(0.6697263122599659 0.2 0.8)
	(0.7159143337951359 0.2 0)
	(0.7159143337951359 0.2 0.8)
	(0.739008344562721 0.2 0)
	(0.739008344562721 0.2 0.8)
	(0.7851963660978911 0.2 0)
	(0.7851963660978911 0.2 0.8)
	(0.8082903768654761 0.2 0)
	(0.8082903768654761 0.2 0.8)
	(0.8544783984006461 0.2 0)
	(0.8544783984006461 0.2 0.8)
	(0.8775724091682312 0.2 0)
	(0.8775724091682312 0.2 0.8)
	(0.9237604307034013 0.2 0)
	(0.9237604307034013 0.2 0.8)
	(0.9468544414709863 0.2 0)
	(0.9468544414709863 0.2 0.8)
	(0.9930424630061563 0.2 0)
	(0.9930424630061563 0.2 0.8)
	(1.0161364737737415 0.2 0)
	(1.0161364737737415 0.2 0.8)
	(1.0623244953089115 0.2 0)
	(1.0623244953089115 0.2 0.8)
	(1.0854185060764965 0.2 0)
	(1.0854185060764965 0.2 0.8)
	(1.1316065276116665 0.2 0)
	(1.1316065276116665 0.2 0.8)
	(1.1547005383792515 0.2 0)
	(1.1547005383792515 0.2 0.8)
	(1.2008885599144217 0.2 0)
	(1.2008885599144217 0.2 0.8)
	(1.2239825706820067 0.2 0)
	(1.2239825706820067 0.2 0.8)
	(1.2701705922171767 0.2 0)
	(1.2701705922171767 0.2 0.8)
	(1.2932646029847619 0.2 0)
	(1.2932646029847619 0.2 0.8)
	(1.3394526245199319 0.2 0)
	(1.3394526245199319 0.2 0.8)
	(1.3509996299037244 0.2 0)
	(1.3509996299037244 0.2 0.8)
	(-0.04 0.22 0)
	(-0.04 0.22 0.8)
	(-0.011547005383792516 0.22 0)
	(-0.011547005383792516 0.22 0.8)
	(0.011547005383792514 0.22 0)
	(0.011547005383792514 0.22 0.8)
	(0.057735026918962574 0.22 0)
	(0.057735026918962574 0.22 0.8)
	(0.0808290376865476 0.22 0)
	(0.0808290376865476 0.22 0.8)
	(0.12701705922171766 0.22 0)
	(0.12701705922171766 0.22 0.8)
	(0.1501110699893027 0.22 0)
	(0.1501110699893027 0.22 0.8)
	(0.19629909152447278 0.22 0)
	(0.19629909152447278 0.22 0.8)
	(0.2193931022920578 0.22 0)
	(0.2193931022920578 0.22 0.8)
	(0.2655811238272278 0.22 0)
	(0.2655811238272278 0.22 0.8)
	(0.28867513459481287 0.22 0)
	(0.28867513459481287 0.22 0.8)
	(0.3348631561299829 0.22 0)
	(0.3348631561299829 0.22 0.8)
	(0.35795716689756796 0.22 0)
	(0.35795716689756796 0.22 0.8)
	(0.404145188432738 0.22 0)
	(0.404145188432738 0.22 0.8)
	(0.42723919920032305 0.22 0)
	(0.42723919920032305 0.22 0.8)
	(0.4734272207354931 0.22 0)
	(0.4734272207354931 0.22 0.8)
	(0.4965212315030782 0.22 0)
	(0.4965212315030782 0.22 0.8)
	(0.5427092530382482 0.22 0)
	(0.5427092530382482 0.22 0.8)
	(0.5658032638058332 0.22 0)
	(0.5658032638058332 0.22 0.8)
	(0.6119912853410033 0.22 0)
	(0.6119912853410033 0.22 0.8)
	(0.6350852961085884 0.22 0)
	(0.6350852961085884 0.22 0.8)
	(0.6812733176437584 0.22 0)
	(0.6812733176437584 0.22 0.8)
	(0.7043673284113434 0.22 0)
	(0.7043673284113434 0.22 0.8)
	(0.7505553499465135 0.22 0)
	(0.7505553499465135 0.22 0.8)
	(0.7736493607140986 0.22 0)
	(0.7736493607140986 0.22 0.8)
	(0.8198373822492686 0.22 0)
	(0.8198373822492686 0.22 0.8)
	(0.8429313930168536 0.22 0)
	(0.8429313930168536 0.22 0.8)
	(0.8891194145520237 0.22 0)
	(0.8891194145520237 0.22 0.8)
	(0.9122134253196088 0.22 0)
	(0.9122134253196088 0.22 0.8)
	(0.9584014468547788 0.22 0)
	(0.9584014468547788 0.22 0.8)
	(0.9814954576223638 0.22 0)
	(0.9814954576223638 0.22 0.8)
	(1.027683479157534 0.22 0)
	(1.027683479157534 0.22 0.8)
	(1.050777489925119 0.22 0)
	(1.050777489925119 0.22 0.8)
	(1.096965511460289 0.22 0)
	(1.096965511460289 0.22 0.8)
	(1.120059522227874 0.22 0)
	(1.120059522227874 0.22 0.8)
	(1.166247543763044 0.22 0)
	(1.166247543763044 0.22 0.8)
	(1.1893415545306292 0.22 0)
	(1.1893415545306292 0.22 0.8)
	(1.2355295760657992 0.22 0)
	(1.2355295760657992 0.22 0.8)
	(1.2586235868333842 0.22 0)
	(1.2586235868333842 0.22 0.8)
	(1.3048116083685544 0.22 0)
	(1.3048116083685544 0.22 0.8)
	(1.3279056191361394 0.22 0)
	(1.3279056191361394 0.22 0.8)
	(1.3509996299037244 0.22 0)
	(1.3509996299037244 0.22 0.8)
	(-0.04 0.24 0)
	(-0.04 0.24 0.8)
	(-0.023094010767585032 0.24 0)
	(-0.023094010767585032 0.24 0.8)
	(0.02309401076758503 0.24 0)
	(0.02309401076758503 0.24 0.8)
	(0.04618802153517006 0.24 0)
	(0.04618802153517006 0.24 0.8)
	(0.09237604307034011 0.24 0)
	(0.09237604307034011 0.24 0.8)
	(0.11547005383792515 0.24 0)
	(0.11547005383792515 0.24 0.8)
	(0.16165807537309523 0.24 0)
	(0.16165807537309523 0.24 0.8)
	(0.18475208614068026 0.24 0)
	(0.18475208614068026 0.24 0.8)
	(0.23094010767585033 0.24 0)
	(0.23094010767585033 0.24 0.8)
	(0.2540341184434353 0.24 0)
	(0.2540341184434353 0.24 0.8)
	(0.30022213997860536 0.24 0)
	(0.30022213997860536 0.24 0.8)
	(0.3233161507461904 0.24 0)
	(0.3233161507461904 0.24 0.8)
	(0.36950417228136045 0.24 0)
	(0.36950417228136045 0.24 0.8)
	(0.3925981830489455 0.24 0)
	(0.3925981830489455 0.24 0.8)
	(0.43878620458411555 0.24 0)
	(0.43878620458411555 0.24 0.8)
	(0.4618802153517006 0.24 0)
	(0.4618802153517006 0.24 0.8)
	(0.5080682368868707 0.24 0)
	(0.5080682368868707 0.24 0.8)
	(0.5311622476544557 0.24 0)
	(0.5311622476544557 0.24 0.8)
	(0.5773502691896257 0.24 0)
	(0.5773502691896257 0.24 0.8)
	(0.6004442799572108 0.24 0)
	(0.6004442799572108 0.24 0.8)
	(0.6466323014923809 0.24 0)
	(0.6466323014923809 0.24 0.8)
	(0.6697263122599659 0.24 0)
	(0.6697263122599659 0.24 0.8)
	(0.7159143337951359 0.24 0)
	(0.7159143337951359 0.24 0.8)
	(0.739008344562721 0.24 0)
	(0.739008344562721 0.24 0.8)
	(0.7851963660978911 0.24 0)
	(0.7851963660978911 0.24 0.8)
	(0.8082903768654761 0.24 0)
	(0.8082903768654761 0.24 0.8)
	(0.8544783984006461 0.24 0)
	(0.8544783984006461 0.24 0.8)
	(0.8775724091682312 0.24 0)
	(0.8775724091682312 0.24 0.8)
	(0.9237604307034013 0.24 0)
	(0.9237604307034013 0.24 0.8)
	(0.9468544414709863 0.24 0)
	(0.9468544414709863 0.24 0.8)
	(0.9930424630061563 0.24 0)
	(0.9930424630061563 0.24 0.8)
	(1.0161364737737415 0.24 0)
	(1.0161364737737415 0.24 0.8)
	(1.0623244953089115 0.24 0)
	(1.0623244953089115 0.24 0.8)
	(1.0854185060764965 0.24 0)
	(1.0854185060764965 0.24 0.8)
	(1.1316065276116665 0.24 0)
	(1.1316065276116665 0.24 0.8)
	(1.1547005383792515 0.24 0)
	(1.1547005383792515 0.24 0.8)
	(1.2008885599144217 0.24 0)
	(1.2008885599144217 0.24 0.8)
	(1.2239825706820067 0.24 0)
	(1.2239825706820067 0.24 0.8)
	(1.2701705922171767 0.24 0)
	(1.2701705922171767 0.24 0.8)
	(1.2932646029847619 0.24 0)
	(1.2932646029847619 0.24 0.8)
	(1.3394526245199319 0.24 0)
	(1.3394526245199319 0.24 0.8)
	(1.3509996299037244 0.24 0)
	(1.3509996299037244 0.24 0.8)
	(-0.04 0.26 0)
	(-0.04 0.26 0.8)
	(-0.011547005383792516 0.26 0)
	(-0.011547005383792516 0.26 0.8)
	(0.011547005383792514 0.26 0)
	(0.011547005383792514 0.26 0.8)
	(0.057735026918962574 0.26 0)
	(0.057735026918962574 0.26 0.8)
	(0.0808290376865476 0.26 0)
	(0.0808290376865476 0.26 0.8)
	(0.12701705922171766 0.26 0)
	(0.12701705922171766 0.26 0.8)
	(0.1501110699893027 0.26 0)
	(0.1501110699893027 0.26 0.8)
	(0.19629909152447278 0.26 0)
	(0.19629909152447278 0.26 0.8)
	(0.2193931022920578 0.26 0)
	(0.2193931022920578 0.26 0.8)
	(0.2655811238272278 0.26 0)
	(0.2655811238272278 0.26 0.8)
	(0.28867513459481287 0.26 0)
	(0.28867513459481287 0.26 0.8)
	(0.3348631561299829 0.26 0)
	(0.3348631561299829 0.26 0.8)
	(0.35795716689756796 0.26 0)
	(0.35795716689756796 0.26 0.8)
	(0.404145188432738 0.26 0)
	(0.404145188432738 0.26 0.8)
	(0.42723919920032305 0.26 0)
	(0.42723919920032305 0.26 0.8)
	(0.4734272207354931 0.26 0)
	(0.4734272207354931 0.26 0.8)
	(0.4965212315030782 0.26 0)
	(0.4965212315030782 0.26 0.8)
	(0.5427092530382482 0.26 0)
	(0.5427092530382482 0.26 0.8)
	(0.5658032638058332 0.26 0)
	(0.5658032638058332 0.26 0.8)
	(0.6119912853410033 0.26 0)
	(0.6119912853410033 0.26 0.8)
	(0.6350852961085884 0.26 0)
	(0.6350852961085884 0.26 0.8)
	(0.6812733176437584 0.26 0)
	(0.6812733176437584 0.26 0.8)
	(0.7043673284113434 0.26 0)
	(0.7043673284113434 0.26 0.8)
	(0.7505553499465135 0.26 0)
	(0.7505553499465135 0.26 0.8)
	(0.7736493607140986 0.26 0)
	(0.7736493607140986 0.26 0.8)
	(0.8198373822492686 0.26 0)
	(0.8198373822492686 0.26 0.8)
	(0.8429313930168536 0.26 0)
	(0.8429313930168536 0.26 0.8)
	(0.8891194145520237 0.26 0)
	(0.8891194145520237 0.26 0.8)
	(0.9122134253196088 0.26 0)
	(0.9122134253196088 0.26 0.8)
	(0.9584014468547788 0.26 0)
	(0.9584014468547788 0.26 0.8)
	(0.9814954576223638 0.26 0)
	(0.9814954576223638 0.26 0.8)
	(1.027683479157534 0.26 0)
	(1.027683479157534 0.26 0.8)
	(1.050777489925119 0.26 0)
	(1.050777489925119 0.26 0.8)
	(1.096965511460289 0.26 0)
	(1.096965511460289 0.26 0.8)
	(1.120059522227874 0.26 0)
	(1.120059522227874 0.26 0.8)
	(1.166247543763044 0.26 0)
	(1.166247543763044 0.26 0.8)
	(1.1893415545306292 0.26 0)
	(1.1893415545306292 0.26 0.8)
	(1.2355295760657992 0.26 0)
	(1.2355295760657992 0.26 0.8)
	(1.2586235868333842 0.26 0)
	(1.2586235868333842 0.26 0.8)
	(1.3048116083685544 0.26 0)
	(1.3048116083685544 0.26 0.8)
	(1.3279056191361394 0.26 0)
	(1.3279056191361394 0.26 0.8)
	(1.3509996299037244 0.26 0)
	(1.3509996299037244 0.26 0.8)
	(-0.04 0.28 0)
	(-0.04 0.28 0.8)
	(-0.023094010767585032 0.28 0)
	(-0.023094010767585032 0.28 0.8)
	(0.02309401076758503 0.28 0)
	(0.02309401076758503 0.28 0.8)
	(0.04618802153517006 0.28 0)
	(0.04618802153517006 0.28 0.8)
	(0.09237604307034011 0.28 0)
	(0.09237604307034011 0.28 0.8)
	(0.11547005383792515 0.28 0)
	(0.11547005383792515 0.28 0.8)
	(0.16165807537309523 0.28 0)
	(0.16165807537309523 0.28 0.8)
	(0.18475208614068026 0.28 0)
	(0.18475208614068026 0.28 0.8)
	(0.23094010767585033 0.28 0)
	(0.23094010767585033 0.28 0.8)
	(0.2540341184434353 0.28 0)
	(0.2540341184434353 0.28 0.8)
	(0.30022213997860536 0.28 0)
	(0.30022213997860536 0.28 0.8)
	(0.3233161507461904 0.28 0)
	(0.3233161507461904 0.28 0.8)
	(0.36950417228136045 0.28 0)
	(0.36950417228136045 0.28 0.8)
	(0.3925981830489455 0.28 0)
	(0.3925981830489455 0.28 0.8)
	(0.43878620458411555 0.28 0)
	(0.43878620458411555 0.28 0.8)
	(0.4618802153517006 0.28 0)
	(0.4618802153517006 0.28 0.8)
	(0.5080682368868707 0.28 0)
	(0.5080682368868707 0.28 0.8)
	(0.5311622476544557 0.28 0)
	(0.5311622476544557 0.28 0.8)
	(0.5773502691896257 0.28 0)
	(0.5773502691896257 0.28 0.8)
	(0.6004442799572108 0.28 0)
	(0.6004442799572108 0.28 0.8)
	(0.6466323014923809 0.28 0)
	(0.6466323014923809 0.28 0.8)
	(0.6697263122599659 0.28 0)
	(0.6697263122599659 0.28 0.8)
	(0.7159143337951359 0.28 0)
	(0.7159143337951359 0.28 0.8)
	(0.739008344562721 0.28 0)
	(0.739008344562721 0.28 0.8)
	(0.7851963660978911 0.28 0)
	(0.7851963660978911 0.28 0.8)
	(0.8082903768654761 0.28 0)
	(0.8082903768654761 0.28 0.8)
	(0.8544783984006461 0.28 0)
	(0.8544783984006461 0.28 0.8)
	(0.8775724091682312 0.28 0)
	(0.8775724091682312 0.28 0.8)
	(0.9237604307034013 0.28 0)
	(0.9237604307034013 0.28 0.8)
	(0.9468544414709863 0.28 0)
	(0.9468544414709863 0.28 0.8)
	(0.9930424630061563 0.28 0)
	(0.9930424630061563 0.28 0.8)
	(1.0161364737737415 0.28 0)
	(1.0161364737737415 0.28 0.8)
	(1.0623244953089115 0.28 0)
	(1.0623244953089115 0.28 0.8)
	(1.0854185060764965 0.28 0)
	(1.0854185060764965 0.28 0.8)
	(1.1316065276116665 0.28 0)
	(1.1316065276116665 0.28 0.8)
	(1.1547005383792515 0.28 0)
	(1.1547005383792515 0.28 0.8)
	(1.2008885599144217 0.28 0)
	(1.2008885599144217 0.28 0.8)
	(1.2239825706820067 0.28 0)
	(1.2239825706820067 0.28 0.8)
	(1.2701705922171767 0.28 0)
	(1.2701705922171767 0.28 0.8)
	(1.2932646029847619 0.28 0)
	(1.2932646029847619 0.28 0.8)
	(1.3394526245199319 0.28 0)
	(1.3394526245199319 0.28 0.8)
	(1.3509996299037244 0.28 0)
	(1.3509996299037244 0.28 0.8)
	(-0.04 0.3 0)
	(-0.04 0.3 0.8)
	(-0.011547005383792516 0.3 0)
	(-0.011547005383792516 0.3 0.8)
	(0.011547005383792514 0.3 0)
	(0.011547005383792514 0.3 0.8)
	(0.057735026918962574 0.3 0)
	(0.057735026918962574 0.3 0.8)
	(0.0808290376865476 0.3 0)
	(0.0808290376865476 0.3 0.8)
	(0.12701705922171766 0.3 0)
	(0.12701705922171766 0.3 0.8)
	(0.1501110699893027 0.3 0)
	(0.1501110699893027 0.3 0.8)
	(0.19629909152447278 0.3 0)
	(0.19629909152447278 0.3 0.8)
	(0.2193931022920578 0.3 0)
	(0.2193931022920578 0.3 0.8)
	(0.2655811238272278 0.3 0)
	(0.2655811238272278 0.3 0.8)
	(0.28867513459481287 0.3 0)
	(0.28867513459481287 0.3 0.8)
	(0.3348631561299829 0.3 0)
	(0.3348631561299829 0.3 0.8)
	(0.35795716689756796 0.3 0)
	(0.35795716689756796 0.3 0.8)
	(0.404145188432738 0.3 0)
	(0.404145188432738 0.3 0.8)
	(0.42723919920032305 0.3 0)
	(0.42723919920032305 0.3 0.8)
	(0.4734272207354931 0.3 0)
	(0.4734272207354931 0.3 0.8)
	(0.4965212315030782 0.3 0)
	(0.4965212315030782 0.3 0.8)
	(0.5427092530382482 0.3 0)
	(0.5427092530382482 0.3 0.8)
	(0.5658032638058332 0.3 0)
	(0.5658032638058332 0.3 0.8)
	(0.6119912853410033 0.3 0)
	(0.6119912853410033 0.3 0.8)
	(0.6350852961085884 0.3 0)
	(0.6350852961085884 0.3 0.8)
	(0.6812733176437584 0.3 0)
	(0.6812733176437584 0.3 0.8)
	(0.7043673284113434 0.3 0)
	(0.7043673284113434 0.3 0.8)
	(0.7505553499465135 0.3 0)
	(0.7505553499465135 0.3 0.8)
	(0.7736493607140986 0.3 0)
	(0.7736493607140986 0.3 0.8)
	(0.8198373822492686 0.3 0)
	(0.8198373822492686 0.3 0.8)
	(0.8429313930168536 0.3 0)
	(0.8429313930168536 0.3 0.8)
	(0.8891194145520237 0.3 0)
	(0.8891194145520237 0.3 0.8)
	(0.9122134253196088 0.3 0)
	(0.9122134253196088 0.3 0.8)
	(0.9584014468547788 0.3 0)
	(0.9584014468547788 0.3 0.8)
	(0.9814954576223638 0.3 0)
	(0.9814954576223638 0.3 0.8)
	(1.027683479157534 0.3 0)
	(1.027683479157534 0.3 0.8)
	(1.050777489925119 0.3 0)
	(1.050777489925119 0.3 0.8)
	(1.096965511460289 0.3 0)
	(1.096965511460289 0.3 0.8)
	(1.120059522227874 0.3 0)
	(1.120059522227874 0.3 0.8)
	(1.166247543763044 0.3 0)
	(1.166247543763044 0.3 0.8)
	(1.1893415545306292 0.3 0)
	(1.1893415545306292 0.3 0.8)
	(1.2355295760657992 0.3 0)
	(1.2355295760657992 0.3 0.8)
	(1.2586235868333842 0.3 0)
	(1.2586235868333842 0.3 0.8)
	(1.3048116083685544 0.3 0)
	(1.3048116083685544 0.3 0.8)
	(1.3279056191361394 0.3 0)
	(1.3279056191361394 0.3 0.8)
	(1.3509996299037244 0.3 0)
	(1.3509996299037244 0.3 0.8)
	(-0.04 0.32 0)
	(-0.04 0.32 0.8)
	(-0.023094010767585032 0.32 0)
	(-0.023094010767585032 0.32 0.8)
	(0.02309401076758503 0.32 0)
	(0.02309401076758503 0.32 0.8)
	(0.04618802153517006 0.32 0)
	(0.04618802153517006 0.32 0.8)
	(0.09237604307034011 0.32 0)
	(0.09237604307034011 0.32 0.8)
	(0.11547005383792515 0.32 0)
	(0.11547005383792515 0.32 0.8)
	(0.16165807537309523 0.32 0)
	(0.16165807537309523 0.32 0.8)
	(0.18475208614068026 0.32 0)
	(0.18475208614068026 0.32 0.8)
	(0.23094010767585033 0.32 0)
	(0.23094010767585033 0.32 0.8)
	(0.2540341184434353 0.32 0)
	(0.2540341184434353 0.32 0.8)
	(0.30022213997860536 0.32 0)
	(0.30022213997860536 0.32 0.8)
	(0.3233161507461904 0.32 0)
	(0.3233161507461904 0.32 0.8)
	(0.36950417228136045 0.32 0)
	(0.36950417228136045 0.32 0.8)
	(0.3925981830489455 0.32 0)
	(0.3925981830489455 0.32 0.8)
	(0.43878620458411555 0.32 0)
	(0.43878620458411555 0.32 0.8)
	(0.4618802153517006 0.32 0)
	(0.4618802153517006 0.32 0.8)
	(0.5080682368868707 0.32 0)
	(0.5080682368868707 0.32 0.8)
	(0.5311622476544557 0.32 0)
	(0.5311622476544557 0.32 0.8)
	(0.5773502691896257 0.32 0)
	(0.5773502691896257 0.32 0.8)
	(0.6004442799572108 0.32 0)
	(0.6004442799572108 0.32 0.8)
	(0.6466323014923809 0.32 0)
	(0.6466323014923809 0.32 0.8)
	(0.6697263122599659 0.32 0)
	(0.6697263122599659 0.32 0.8)
	(0.7159143337951359 0.32 0)
	(0.7159143337951359 0.32 0.8)
	(0.739008344562721 0.32 0)
	(0.739008344562721 0.32 0.8)
	(0.7851963660978911 0.32 0)
	(0.7851963660978911 0.32 0.8)
	(0.8082903768654761 0.32 0)
	(0.8082903768654761 0.32 0.8)
	(0.8544783984006461 0.32 0)
	(0.8544783984006461 0.32 0.8)
	(0.8775724091682312 0.32 0)
	(0.8775724091682312 0.32 0.8)
	(0.9237604307034013 0.32 0)
	(0.9237604307034013 0.32 0.8)
	(0.9468544414709863 0.32 0)
	(0.9468544414709863 0.32 0.8)
	(0.9930424630061563 0.32 0)
	(0.9930424630061563 0.32 0.8)
	(1.0161364737737415 0.32 0)
	(1.0161364737737415 0.32 0.8)
	(1.0623244953089115 0.32 0)
	(1.0623244953089115 0.32 0.8)
	(1.0854185060764965 0.32 0)
	(1.0854185060764965 0.32 0.8)
	(1.1316065276116665 0.32 0)
	(1.1316065276116665 0.32 0.8)
	(1.1547005383792515 0.32 0)
	(1.1547005383792515 0.32 0.8)
	(1.2008885599144217 0.32 0)
	(1.2008885599144217 0.32 0.8)
	(1.2239825706820067 0.32 0)
	(1.2239825706820067 0.32 0.8)
	(1.2701705922171767 0.32 0)
	(1.2701705922171767 0.32 0.8)
	(1.2932646029847619 0.32 0)
	(1.2932646029847619 0.32 0.8)
	(1.3394526245199319 0.32 0)
	(1.3394526245199319 0.32 0.8)
	(1.3509996299037244 0.32 0)
	(1.3509996299037244 0.32 0.8)
	(-0.04 0.34 0)
	(-0.04 0.34 0.8)
	(-0.011547005383792516 0.34 0)
	(-0.011547005383792516 0.34 0.8)
	(0.011547005383792514 0.34 0)
	(0.011547005383792514 0.34 0.8)
	(0.057735026918962574 0.34 0)
	(0.057735026918962574 0.34 0.8)
	(0.0808290376865476 0.34 0)
	(0.0808290376865476 0.34 0.8)
	(0.12701705922171766 0.34 0)
	(0.12701705922171766 0.34 0.8)
	(0.1501110699893027 0.34 0)
	(0.1501110699893027 0.34 0.8)
	(0.19629909152447278 0.34 0)
	(0.19629909152447278 0.34 0.8)
	(0.2193931022920578 0.34 0)
	(0.2193931022920578 0.34 0.8)
	(0.2655811238272278 0.34 0)
	(0.2655811238272278 0.34 0.8)
	(0.28867513459481287 0.34 0)
	(0.28867513459481287 0.34 0.8)
	(0.3348631561299829 0.34 0)
	(0.3348631561299829 0.34 0.8)
	(0.35795716689756796 0.34 0)
	(0.35795716689756796 0.34 0.8)
	(0.404145188432738 0.34 0)
	(0.404145188432738 0.34 0.8)
	(0.42723919920032305 0.34 0)
	(0.42723919920032305 0.34 0.8)
	(0.4734272207354931 0.34 0)
	(0.4734272207354931 0.34 0.8)
	(0.4965212315030782 0.34 0)
	(0.4965212315030782 0.34 0.8)
	(0.5427092530382482 0.34 0)
	(0.5427092530382482 0.34 0.8)
	(0.5658032638058332 0.34 0)
	(0.5658032638058332 0.34 0.8)
	(0.6119912853410033 0.34 0)
	(0.6119912853410033 0.34 0.8)
	(0.6350852961085884 0.34 0)
	(0.6350852961085884 0.34 0.8)
	(0.6812733176437584 0.34 0)
	(0.6812733176437584 0.34 0.8)
	(0.7043673284113434 0.34 0)
	(0.7043673284113434 0.34 0.8)
	(0.7505553499465135 0.34 0)
	(0.7505553499465135 0.34 0.8)
	(0.7736493607140986 0.34 0)
	(0.7736493607140986 0.34 0.8)
	(0.8198373822492686 0.34 0)
	(0.8198373822492686 0.34 0.8)
	(0.8429313930168536 0.34 0)
	(0.8429313930168536 0.34 0.8)
	(0.8891194145520237 0.34 0)
	(0.8891194145520237 0.34 0.8)
	(0.9122134253196088 0.34 0)
	(0.9122134253196088 0.34 0.8)
	(0.9584014468547788 0.34 0)
	(0.9584014468547788 0.34 0.8)
	(0.9814954576223638 0.34 0)
	(0.9814954576223638 0.34 0.8)
	(1.027683479157534 0.34 0)
	(1.027683479157534 0.34 0.8)
	(1.050777489925119 0.34 0)
	(1.050777489925119 0.34 0.8)
	(1.096965511460289 0.34 0)
	(1.096965511460289 0.34 0.8)
	(1.120059522227874 0.34 0)
	(1.120059522227874 0.34 0.8)
	(1.166247543763044 0.34 0)
	(1.166247543763044 0.34 0.8)
	(1.1893415545306292 0.34 0)
	(1.1893415545306292 0.34 0.8)
	(1.2355295760657992 0.34 0)
	(1.2355295760657992 0.34 0.8)
	(1.2586235868333842 0.34 0)
	(1.2586235868333842 0.34 0.8)
	(1.3048116083685544 0.34 0)
	(1.3048116083685544 0.34 0.8)
	(1.3279056191361394 0.34 0)
	(1.3279056191361394 0.34 0.8)
	(1.3509996299037244 0.34 0)
	(1.3509996299037244 0.34 0.8)
	(-0.04 0.36 0)
	(-0.04 0.36 0.8)
	(-0.023094010767585032 0.36 0)
	(-0.023094010767585032 0.36 0.8)
	(0.02309401076758503 0.36 0)
	(0.02309401076758503 0.36 0.8)
	(0.04618802153517006 0.36 0)
	(0.04618802153517006 0.36 0.8)
	(0.09237604307034011 0.36 0)
	(0.09237604307034011 0.36 0.8)
	(0.11547005383792515 0.36 0)
	(0.11547005383792515 0.36 0.8)
	(0.16165807537309523 0.36 0)
	(0.16165807537309523 0.36 0.8)
	(0.18475208614068026 0.36 0)
	(0.18475208614068026 0.36 0.8)
	(0.23094010767585033 0.36 0)
	(0.23094010767585033 0.36 0.8)
	(0.2540341184434353 0.36 0)
	(0.2540341184434353 0.36 0.8)
	(0.30022213997860536 0.36 0)
	(0.30022213997860536 0.36 0.8)
	(0.3233161507461904 0.36 0)
	(0.3233161507461904 0.36 0.8)
	(0.36950417228136045 0.36 0)
	(0.36950417228136045 0.36 0.8)
	(0.3925981830489455 0.36 0)
	(0.3925981830489455 0.36 0.8)
	(0.43878620458411555 0.36 0)
	(0.43878620458411555 0.36 0.8)
	(0.4618802153517006 0.36 0)
	(0.4618802153517006 0.36 0.8)
	(0.5080682368868707 0.36 0)
	(0.5080682368868707 0.36 0.8)
	(0.5311622476544557 0.36 0)
	(0.5311622476544557 0.36 0.8)
	(0.5773502691896257 0.36 0)
	(0.5773502691896257 0.36 0.8)
	(0.6004442799572108 0.36 0)
	(0.6004442799572108 0.36 0.8)
	(0.6466323014923809 0.36 0)
	(0.6466323014923809 0.36 0.8)
	(0.6697263122599659 0.36 0)
	(0.6697263122599659 0.36 0.8)
	(0.7159143337951359 0.36 0)
	(0.7159143337951359 0.36 0.8)
	(0.739008344562721 0.36 0)
	(0.739008344562721 0.36 0.8)
	(0.7851963660978911 0.36 0)
	(0.7851963660978911 0.36 0.8)
	(0.8082903768654761 0.36 0)
	(0.8082903768654761 0.36 0.8)
	(0.8544783984006461 0.36 0)
	(0.8544783984006461 0.36 0.8)
	(0.8775724091682312 0.36 0)
	(0.8775724091682312 0.36 0.8)
	(0.9237604307034013 0.36 0)
	(0.9237604307034013 0.36 0.8)
	(0.9468544414709863 0.36 0)
	(0.9468544414709863 0.36 0.8)
	(0.9930424630061563 0.36 0)
	(0.9930424630061563 0.36 0.8)
	(1.0161364737737415 0.36 0)
	(1.0161364737737415 0.36 0.8)
	(1.0623244953089115 0.36 0)
	(1.0623244953089115 0.36 0.8)
	(1.0854185060764965 0.36 0)
	(1.0854185060764965 0.36 0.8)
	(1.1316065276116665 0.36 0)
	(1.1316065276116665 0.36 0.8)
	(1.1547005383792515 0.36 0)
	(1.1547005383792515 0.36 0.8)
	(1.2008885599144217 0.36 0)
	(1.2008885599144217 0.36 0.8)
	(1.2239825706820067 0.36 0)
	(1.2239825706820067 0.36 0.8)
	(1.2701705922171767 0.36 0)
	(1.2701705922171767 0.36 0.8)
	(1.2932646029847619 0.36 0)
	(1.2932646029847619 0.36 0.8)
	(1.3394526245199319 0.36 0)
	(1.3394526245199319 0.36 0.8)
	(1.3509996299037244 0.36 0)
	(1.3509996299037244 0.36 0.8)
	(-0.04 0.38 0)
	(-0.04 0.38 0.8)
	(-0.011547005383792516 0.38 0)
	(-0.011547005383792516 0.38 0.8)
	(0.011547005383792514 0.38 0)
	(0.011547005383792514 0.38 0.8)
	(0.057735026918962574 0.38 0)
	(0.057735026918962574 0.38 0.8)
	(0.0808290376865476 0.38 0)
	(0.0808290376865476 0.38 0.8)
	(0.12701705922171766 0.38 0)
	(0.12701705922171766 0.38 0.8)
	(0.1501110699893027 0.38 0)
	(0.1501110699893027 0.38 0.8)
	(0.19629909152447278 0.38 0)
	(0.19629909152447278 0.38 0.8)
	(0.2193931022920578 0.38 0)
	(0.2193931022920578 0.38 0.8)
	(0.2655811238272278 0.38 0)
	(0.2655811238272278 0.38 0.8)
	(0.28867513459481287 0.38 0)
	(0.28867513459481287 0.38 0.8)
	(0.3348631561299829 0.38 0)
	(0.3348631561299829 0.38 0.8)
	(0.35795716689756796 0.38 0)
	(0.35795716689756796 0.38 0.8)
	(0.404145188432738 0.38 0)
	(0.404145188432738 0.38 0.8)
	(0.42723919920032305 0.38 0)
	(0.42723919920032305 0.38 0.8)
	(0.4734272207354931 0.38 0)
	(0.4734272207354931 0.38 0.8)
	(0.4965212315030782 0.38 0)
	(0.4965212315030782 0.38 0.8)
	(0.5427092530382482 0.38 0)
	(0.5427092530382482 0.38 0.8)
	(0.5658032638058332 0.38 0)
	(0.5658032638058332 0.38 0.8)
	(0.6119912853410033 0.38 0)
	(0.6119912853410033 0.38 0.8)
	(0.6350852961085884 0.38 0)
	(0.6350852961085884 0.38 0.8)
	(0.6812733176437584 0.38 0)
	(0.6812733176437584 0.38 0.8)
	(0.7043673284113434 0.38 0)
	(0.7043673284113434 0.38 0.8)
	(0.7505553499465135 0.38 0)
	(0.7505553499465135 0.38 0.8)
	(0.7736493607140986 0.38 0)
	(0.7736493607140986 0.38 0.8)
	(0.8198373822492686 0.38 0)
	(0.8198373822492686 0.38 0.8)
	(0.8429313930168536 0.38 0)
	(0.8429313930168536 0.38 0.8)
	(0.8891194145520237 0.38 0)
	(0.8891194145520237 0.38 0.8)
	(0.9122134253196088 0.38 0)
	(0.9122134253196088 0.38 0.8)
	(0.9584014468547788 0.38 0)
	(0.9584014468547788 0.38 0.8)
	(0.9814954576223638 0.38 0)
	(0.9814954576223638 0.38 0.8)
	(1.027683479157534 0.38 0)
	(1.027683479157534 0.38 0.8)
	(1.050777489925119 0.38 0)
	(1.050777489925119 0.38 0.8)
	(1.096965511460289 0.38 0)
	(1.096965511460289 0.38 0.8)
	(1.120059522227874 0.38 0)
	(1.120059522227874 0.38 0.8)
	(1.166247543763044 0.38 0)
	(1.166247543763044 0.38 0.8)
	(1.1893415545306292 0.38 0)
	(1.1893415545306292 0.38 0.8)
	(1.2355295760657992 0.38 0)
	(1.2355295760657992 0.38 0.8)
	(1.2586235868333842 0.38 0)
	(1.2586235868333842 0.38 0.8)
	(1.3048116083685544 0.38 0)
	(1.3048116083685544 0.38 0.8)
	(1.3279056191361394 0.38 0)
	(1.3279056191361394 0.38 0.8)
	(1.3509996299037244 0.38 0)
	(1.3509996299037244 0.38 0.8)
	(-0.04 0.4 0)
	(-0.04 0.4 0.8)
	(-0.023094010767585032 0.4 0)
	(-0.023094010767585032 0.4 0.8)
	(0.02309401076758503 0.4 0)
	(0.02309401076758503 0.4 0.8)
	(0.04618802153517006 0.4 0)
	(0.04618802153517006 0.4 0.8)
	(0.09237604307034011 0.4 0)
	(0.09237604307034011 0.4 0.8)
	(0.11547005383792515 0.4 0)
	(0.11547005383792515 0.4 0.8)
	(0.16165807537309523 0.4 0)
	(0.16165807537309523 0.4 0.8)
	(0.18475208614068026 0.4 0)
	(0.18475208614068026 0.4 0.8)
	(0.23094010767585033 0.4 0)
	(0.23094010767585033 0.4 0.8)
	(0.2540341184434353 0.4 0)
	(0.2540341184434353 0.4 0.8)
	(0.30022213997860536 0.4 0)
	(0.30022213997860536 0.4 0.8)
	(0.3233161507461904 0.4 0)
	(0.3233161507461904 0.4 0.8)
	(0.36950417228136045 0.4 0)
	(0.36950417228136045 0.4 0.8)
	(0.3925981830489455 0.4 0)
	(0.3925981830489455 0.4 0.8)
	(0.43878620458411555 0.4 0)
	(0.43878620458411555 0.4 0.8)
	(0.4618802153517006 0.4 0)
	(0.4618802153517006 0.4 0.8)
	(0.5080682368868707 0.4 0)
	(0.5080682368868707 0.4 0.8)
	(0.5311622476544557 0.4 0)
	(0.5311622476544557 0.4 0.8)
	(0.5773502691896257 0.4 0)
	(0.5773502691896257 0.4 0.8)
	(0.6004442799572108 0.4 0)
	(0.6004442799572108 0.4 0.8)
	(0.6466323014923809 0.4 0)
	(0.6466323014923809 0.4 0.8)
	(0.6697263122599659 0.4 0)
	(0.6697263122599659 0.4 0.8)
	(0.7159143337951359 0.4 0)
	(0.7159143337951359 0.4 0.8)
	(0.739008344562721 0.4 0)
	(0.739008344562721 0.4 0.8)
	(0.7851963660978911 0.4 0)
	(0.7851963660978911 0.4 0.8)
	(0.8082903768654761 0.4 0)
	(0.8082903768654761 0.4 0.8)
	(0.8544783984006461 0.4 0)
	(0.8544783984006461 0.4 0.8)
	(0.8775724091682312 0.4 0)
	(0.8775724091682312 0.4 0.8)
	(0.9237604307034013 0.4 0)
	(0.9237604307034013 0.4 0.8)
	(0.9468544414709863 0.4 0)
	(0.9468544414709863 0.4 0.8)
	(0.9930424630061563 0.4 0)
	(0.9930424630061563 0.4 0.8)
	(1.0161364737737415 0.4 0)
	(1.0161364737737415 0.4 0.8)
	(1.0623244953089115 0.4 0)
	(1.0623244953089115 0.4 0.8)
	(1.0854185060764965 0.4 0)
	(1.0854185060764965 0.4 0.8)
	(1.1316065276116665 0.4 0)
	(1.1316065276116665 0.4 0.8)
	(1.1547005383792515 0.4 0)
	(1.1547005383792515 0.4 0.8)
	(1.2008885599144217 0.4 0)
	(1.2008885599144217 0.4 0.8)
	(1.2239825706820067 0.4 0)
	(1.2239825706820067 0.4 0.8)
	(1.2701705922171767 0.4 0)
	(1.2701705922171767 0.4 0.8)
	(1.2932646029847619 0.4 0)
	(1.2932646029847619 0.4 0.8)
	(1.3394526245199319 0.4 0)
	(1.3394526245199319 0.4 0.8)
	(1.3509996299037244 0.4 0)
	(1.3509996299037244 0.4 0.8)
	(-0.04 0.42 0)
	(-0.04 0.42 0.8)
	(-0.011547005383792516 0.42 0)
	(-0.011547005383792516 0.42 0.8)
	(0.011547005383792514 0.42 0)
	(0.011547005383792514 0.42 0.8)
	(0.057735026918962574 0.42 0)
	(0.057735026918962574 0.42 0.8)
	(0.0808290376865476 0.42 0)
	(0.0808290376865476 0.42 0.8)
	(0.12701705922171766 0.42 0)
	(0.12701705922171766 0.42 0.8)
	(0.1501110699893027 0.42 0)
	(0.1501110699893027 0.42 0.8)
	(0.19629909152447278 0.42 0)
	(0.19629909152447278 0.42 0.8)
	(0.2193931022920578 0.42 0)
	(0.2193931022920578 0.42 0.8)
	(0.2655811238272278 0.42 0)
	(0.2655811238272278 0.42 0.8)
	(0.28867513459481287 0.42 0)
	(0.28867513459481287 0.42 0.8)
	(0.3348631561299829 0.42 0)
	(0.3348631561299829 0.42 0.8)
	(0.35795716689756796 0.42 0)
	(0.35795716689756796 0.42 0.8)
	(0.404145188432738 0.42 0)
	(0.404145188432738 0.42 0.8)
	(0.42723919920032305 0.42 0)
	(0.42723919920032305 0.42 0.8)
	(0.4734272207354931 0.42 0)
	(0.4734272207354931 0.42 0.8)
	(0.4965212315030782 0.42 0)
	(0.4965212315030782 0.42 0.8)
	(0.5427092530382482 0.42 0)
	(0.5427092530382482 0.42 0.8)
	(0.5658032638058332 0.42 0)
	(0.5658032638058332 0.42 0.8)
	(0.6119912853410033 0.42 0)
	(0.6119912853410033 0.42 0.8)
	(0.6350852961085884 0.42 0)
	(0.6350852961085884 0.42 0.8)
	(0.6812733176437584 0.42 0)
	(0.6812733176437584 0.42 0.8)
	(0.7043673284113434 0.42 0)
	(0.7043673284113434 0.42 0.8)
	(0.7505553499465135 0.42 0)
	(0.7505553499465135 0.42 0.8)
	(0.7736493607140986 0.42 0)
	(0.7736493607140986 0.42 0.8)
	(0.8198373822492686 0.42 0)
	(0.8198373822492686 0.42 0.8)
	(0.8429313930168536 0.42 0)
	(0.8429313930168536 0.42 0.8)
	(0.8891194145520237 0.42 0)
	(0.8891194145520237 0.42 0.8)
	(0.9122134253196088 0.42 0)
	(0.9122134253196088 0.42 0.8)
	(0.9584014468547788 0.42 0)
	(0.9584014468547788 0.42 0.8)
	(0.9814954576223638 0.42 0)
	(0.9814954576223638 0.42 0.8)
	(1.027683479157534 0.42 0)
	(1.027683479157534 0.42 0.8)
	(1.050777489925119 0.42 0)
	(1.050777489925119 0.42 0.8)
	(1.096965511460289 0.42 0)
	(1.096965511460289 0.42 0.8)
	(1.120059522227874 0.42 0)
	(1.120059522227874 0.42 0.8)
	(1.166247543763044 0.42 0)
	(1.166247543763044 0.42 0.8)
	(1.1893415545306292 0.42 0)
	(1.1893415545306292 0.42 0.8)
	(1.2355295760657992 0.42 0)
	(1.2355295760657992 0.42 0.8)
	(1.2586235868333842 0.42 0)
	(1.2586235868333842 0.42 0.8)
	(1.3048116083685544 0.42 0)
	(1.3048116083685544 0.42 0.8)
	(1.3279056191361394 0.42 0)
	(1.3279056191361394 0.42 0.8)
	(1.3509996299037244 0.42 0)
	(1.3509996299037244 0.42 0.8)
	(-0.04 0.44 0)
	(-0.04 0.44 0.8)
	(-0.023094010767585032 0.44 0)
	(-0.023094010767585032 0.44 0.8)
	(0.02309401076758503 0.44 0)
	(0.02309401076758503 0.44 0.8)
	(0.04618802153517006 0.44 0)
	(0.04618802153517006 0.44 0.8)
	(0.09237604307034011 0.44 0)
	(0.09237604307034011 0.44 0.8)
	(0.11547005383792515 0.44 0)
	(0.11547005383792515 0.44 0.8)
	(0.16165807537309523 0.44 0)
	(0.16165807537309523 0.44 0.8)
	(0.18475208614068026 0.44 0)
	(0.18475208614068026 0.44 0.8)
	(0.23094010767585033 0.44 0)
	(0.23094010767585033 0.44 0.8)
	(0.2540341184434353 0.44 0)
	(0.2540341184434353 0.44 0.8)
	(0.30022213997860536 0.44 0)
	(0.30022213997860536 0.44 0.8)
	(0.3233161507461904 0.44 0)
	(0.3233161507461904 0.44 0.8)
	(0.36950417228136045 0.44 0)
	(0.36950417228136045 0.44 0.8)
	(0.3925981830489455 0.44 0)
	(0.3925981830489455 0.44 0.8)
	(0.43878620458411555 0.44 0)
	(0.43878620458411555 0.44 0.8)
	(0.4618802153517006 0.44 0)
	(0.4618802153517006 0.44 0.8)
	(0.5080682368868707 0.44 0)
	(0.5080682368868707 0.44 0.8)
	(0.5311622476544557 0.44 0)
	(0.5311622476544557 0.44 0.8)
	(0.5773502691896257 0.44 0)
	(0.5773502691896257 0.44 0.8)
	(0.6004442799572108 0.44 0)
	(0.6004442799572108 0.44 0.8)
	(0.6466323014923809 0.44 0)
	(0.6466323014923809 0.44 0.8)
	(0.6697263122599659 0.44 0)
	(0.6697263122599659 0.44 0.8)
	(0.7159143337951359 0.44 0)
	(0.7159143337951359 0.44 0.8)
	(0.739008344562721 0.44 0)
	(0.739008344562721 0.44 0.8)
	(0.7851963660978911 0.44 0)
	(0.7851963660978911 0.44 0.8)
	(0.8082903768654761 0.44 0)
	(0.8082903768654761 0.44 0.8)
	(0.8544783984006461 0.44 0)
	(0.8544783984006461 0.44 0.8)
	(0.8775724091682312 0.44 0)
	(0.8775724091682312 0.44 0.8)
	(0.9237604307034013 0.44 0)
	(0.9237604307034013 0.44 0.8)
	(0.9468544414709863 0.44 0)
	(0.9468544414709863 0.44 0.8)
	(0.9930424630061563 0.44 0)
	(0.9930424630061563 0.44 0.8)
	(1.0161364737737415 0.44 0)
	(1.0161364737737415 0.44 0.8)
	(1.0623244953089115 0.44 0)
	(1.0623244953089115 0.44 0.8)
	(1.0854185060764965 0.44 0)
	(1.0854185060764965 0.44 0.8)
	(1.1316065276116665 0.44 0)
	(1.1316065276116665 0.44 0.8)
	(1.1547005383792515 0.44 0)
	(1.1547005383792515 0.44 0.8)
	(1.2008885599144217 0.44 0)
	(1.2008885599144217 0.44 0.8)
	(1.2239825706820067 0.44 0)
	(1.2239825706820067 0.44 0.8)
	(1.2701705922171767 0.44 0)
	(1.2701705922171767 0.44 0.8)
	(1.2932646029847619 0.44 0)
	(1.2932646029847619 0.44 0.8)
	(1.3394526245199319 0.44 0)
	(1.3394526245199319 0.44 0.8)
	(1.3509996299037244 0.44 0)
	(1.3509996299037244 0.44 0.8)
	(-0.04 0.46 0)
	(-0.04 0.46 0.8)
	(-0.011547005383792516 0.46 0)
	(-0.011547005383792516 0.46 0.8)
	(0.011547005383792514 0.46 0)
	(0.011547005383792514 0.46 0.8)
	(0.057735026918962574 0.46 0)
	(0.057735026918962574 0.46 0.8)
	(0.0808290376865476 0.46 0)
	(0.0808290376865476 0.46 0.8)
	(0.12701705922171766 0.46 0)
	(0.12701705922171766 0.46 0.8)
	(0.1501110699893027 0.46 0)
	(0.1501110699893027 0.46 0.8)
	(0.19629909152447278 0.46 0)
	(0.19629909152447278 0.46 0.8)
	(0.2193931022920578 0.46 0)
	(0.2193931022920578 0.46 0.8)
	(0.2655811238272278 0.46 0)
	(0.2655811238272278 0.46 0.8)
	(0.28867513459481287 0.46 0)
	(0.28867513459481287 0.46 0.8)
	(0.3348631561299829 0.46 0)
	(0.3348631561299829 0.46 0.8)
	(0.35795716689756796 0.46 0)
	(0.35795716689756796 0.46 0.8)
	(0.404145188432738 0.46 0)
	(0.404145188432738 0.46 0.8)
	(0.42723919920032305 0.46 0)
	(0.42723919920032305 0.46 0.8)
	(0.4734272207354931 0.46 0)
	(0.4734272207354931 0.46 0.8)
	(0.4965212315030782 0.46 0)
	(0.4965212315030782 0.46 0.8)
	(0.5427092530382482 0.46 0)
	(0.5427092530382482 0.46 0.8)
	(0.5658032638058332 0.46 0)
	(0.5658032638058332 0.46 0.8)
	(0.6119912853410033 0.46 0)
	(0.6119912853410033 0.46 0.8)
	(0.6350852961085884 0.46 0)
	(0.6350852961085884 0.46 0.8)
	(0.6812733176437584 0.46 0)
	(0.6812733176437584 0.46 0.8)
	(0.7043673284113434 0.46 0)
	(0.7043673284113434 0.46 0.8)
	(0.7505553499465135 0.46 0)
	(0.7505553499465135 0.46 0.8)
	(0.7736493607140986 0.46 0)
	(0.7736493607140986 0.46 0.8)
	(0.8198373822492686 0.46 0)
	(0.8198373822492686 0.46 0.8)
	(0.8429313930168536 0.46 0)
	(0.8429313930168536 0.46 0.8)
	(0.8891194145520237 0.46 0)
	(0.8891194145520237 0.46 0.8)
	(0.9122134253196088 0.46 0)
	(0.9122134253196088 0.46 0.8)
	(0.9584014468547788 0.46 0)
	(0.9584014468547788 0.46 0.8)
	(0.9814954576223638 0.46 0)
	(0.9814954576223638 0.46 0.8)
	(1.027683479157534 0.46 0)
	(1.027683479157534 0.46 0.8)
	(1.050777489925119 0.46 0)
	(1.050777489925119 0.46 0.8)
	(1.096965511460289 0.46 0)
	(1.096965511460289 0.46 0.8)
	(1.120059522227874 0.46 0)
	(1.120059522227874 0.46 0.8)
	(1.166247543763044 0.46 0)
	(1.166247543763044 0.46 0.8)
	(1.1893415545306292 0.46 0)
	(1.1893415545306292 0.46 0.8)
	(1.2355295760657992 0.46 0)
	(1.2355295760657992 0.46 0.8)
	(1.2586235868333842 0.46 0)
	(1.2586235868333842 0.46 0.8)
	(1.3048116083685544 0.46 0)
	(1.3048116083685544 0.46 0.8)
	(1.3279056191361394 0.46 0)
	(1.3279056191361394 0.46 0.8)
	(1.3509996299037244 0.46 0)
	(1.3509996299037244 0.46 0.8)
	(-0.04 0.48 0)
	(-0.04 0.48 0.8)
	(-0.023094010767585032 0.48 0)
	(-0.023094010767585032 0.48 0.8)
	(0.02309401076758503 0.48 0)
	(0.02309401076758503 0.48 0.8)
	(0.04618802153517006 0.48 0)
	(0.04618802153517006 0.48 0.8)
	(0.09237604307034011 0.48 0)
	(0.09237604307034011 0.48 0.8)
	(0.11547005383792515 0.48 0)
	(0.11547005383792515 0.48 0.8)
	(0.16165807537309523 0.48 0)
	(0.16165807537309523 0.48 0.8)
	(0.18475208614068026 0.48 0)
	(0.18475208614068026 0.48 0.8)
	(0.23094010767585033 0.48 0)
	(0.23094010767585033 0.48 0.8)
	(0.2540341184434353 0.48 0)
	(0.2540341184434353 0.48 0.8)
	(0.30022213997860536 0.48 0)
	(0.30022213997860536 0.48 0.8)
	(0.3233161507461904 0.48 0)
	(0.3233161507461904 0.48 0.8)
	(0.36950417228136045 0.48 0)
	(0.36950417228136045 0.48 0.8)
	(0.3925981830489455 0.48 0)
	(0.3925981830489455 0.48 0.8)
	(0.43878620458411555 0.48 0)
	(0.43878620458411555 0.48 0.8)
	(0.4618802153517006 0.48 0)
	(0.4618802153517006 0.48 0.8)
	(0.5080682368868707 0.48 0)
	(0.5080682368868707 0.48 0.8)
	(0.5311622476544557 0.48 0)
	(0.5311622476544557 0.48 0.8)
	(0.5773502691896257 0.48 0)
	(0.5773502691896257 0.48 0.8)
	(0.6004442799572108 0.48 0)
	(0.6004442799572108 0.48 0.8)
	(0.6466323014923809 0.48 0)
	(0.6466323014923809 0.48 0.8)
	(0.6697263122599659 0.48 0)
	(0.6697263122599659 0.48 0.8)
	(0.7159143337951359 0.48 0)
	(0.7159143337951359 0.48 0.8)
	(0.739008344562721 0.48 0)
	(0.739008344562721 0.48 0.8)
	(0.7851963660978911 0.48 0)
	(0.7851963660978911 0.48 0.8)
	(0.8082903768654761 0.48 0)
	(0.8082903768654761 0.48 0.8)
	(0.8544783984006461 0.48 0)
	(0.8544783984006461 0.48 0.8)
	(0.8775724091682312 0.48 0)
	(0.8775724091682312 0.48 0.8)
	(0.9237604307034013 0.48 0)
	(0.9237604307034013 0.48 0.8)
	(0.9468544414709863 0.48 0)
	(0.9468544414709863 0.48 0.8)
	(0.9930424630061563 0.48 0)
	(0.9930424630061563 0.48 0.8)
	(1.0161364737737415 0.48 0)
	(1.0161364737737415 0.48 0.8)
	(1.0623244953089115 0.48 0)
	(1.0623244953089115 0.48 0.8)
	(1.0854185060764965 0.48 0)
	(1.0854185060764965 0.48 0.8)
	(1.1316065276116665 0.48 0)
	(1.1316065276116665 0.48 0.8)
	(1.1547005383792515 0.48 0)
	(1.1547005383792515 0.48 0.8)
	(1.2008885599144217 0.48 0)
	(1.2008885599144217 0.48 0.8)
	(1.2239825706820067 0.48 0)
	(1.2239825706820067 0.48 0.8)
	(1.2701705922171767 0.48 0)
	(1.2701705922171767 0.48 0.8)
	(1.2932646029847619 0.48 0)
	(1.2932646029847619 0.48 0.8)
	(1.3394526245199319 0.48 0)
	(1.3394526245199319 0.48 0.8)
	(1.3509996299037244 0.48 0)
	(1.3509996299037244 0.48 0.8)
	(-0.0125 0.0 0)
	(-0.0125 0.0 0.8)
	(-0.010000000000000002 0.0 0)
	(-0.010000000000000002 0.0 0.8)
	(0.010000000000000002 0.0 0)
	(0.010000000000000002 0.0 0.8)
	(0.0125 0.0 0)
	(0.0125 0.0 0.8)
	(-0.0125 0.08 0)
	(-0.0125 0.08 0.8)
	(-0.010000000000000002 0.08 0)
	(-0.010000000000000002 0.08 0.8)
	(0.010000000000000002 0.08 0)
	(0.010000000000000002 0.08 0.8)
	(0.0125 0.08 0)
	(0.0125 0.08 0.8)
	(-0.0125 0.16 0)
	(-0.0125 0.16 0.8)
	(-0.010000000000000002 0.16 0)
	(-0.010000000000000002 0.16 0.8)
	(0.010000000000000002 0.16 0)
	(0.010000000000000002 0.16 0.8)
	(0.0125 0.16 0)
	(0.0125 0.16 0.8)
	(-0.0125 0.24 0)
	(-0.0125 0.24 0.8)
	(-0.010000000000000002 0.24 0)
	(-0.010000000000000002 0.24 0.8)
	(0.010000000000000002 0.24 0)
	(0.010000000000000002 0.24 0.8)
	(0.0125 0.24 0)
	(0.0125 0.24 0.8)
	(-0.0125 0.32 0)
	(-0.0125 0.32 0.8)
	(-0.010000000000000002 0.32 0)
	(-0.010000000000000002 0.32 0.8)
	(0.010000000000000002 0.32 0)
	(0.010000000000000002 0.32 0.8)
	(0.0125 0.32 0)
	(0.0125 0.32 0.8)
	(-0.0125 0.4 0)
	(-0.0125 0.4 0.8)
	(-0.010000000000000002 0.4 0)
	(-0.010000000000000002 0.4 0.8)
	(0.010000000000000002 0.4 0)
	(0.010000000000000002 0.4 0.8)
	(0.0125 0.4 0)
	(0.0125 0.4 0.8)
	(-0.0125 0.48 0)
	(-0.0125 0.48 0.8)
	(-0.010000000000000002 0.48 0)
	(-0.010000000000000002 0.48 0.8)
	(0.010000000000000002 0.48 0)
	(0.010000000000000002 0.48 0.8)
	(0.0125 0.48 0)
	(0.0125 0.48 0.8)
	(0.056782032302755095 0.04 0)
	(0.056782032302755095 0.04 0.8)
	(0.05928203230275509 0.04 0)
	(0.05928203230275509 0.04 0.8)
	(0.0792820323027551 0.04 0)
	(0.0792820323027551 0.04 0.8)
	(0.08178203230275509 0.04 0)
	(0.08178203230275509 0.04 0.8)
	(0.056782032302755095 0.12 0)
	(0.056782032302755095 0.12 0.8)
	(0.05928203230275509 0.12 0)
	(0.05928203230275509 0.12 0.8)
	(0.0792820323027551 0.12 0)
	(0.0792820323027551 0.12 0.8)
	(0.08178203230275509 0.12 0)
	(0.08178203230275509 0.12 0.8)
	(0.056782032302755095 0.2 0)
	(0.056782032302755095 0.2 0.8)
	(0.05928203230275509 0.2 0)
	(0.05928203230275509 0.2 0.8)
	(0.0792820323027551 0.2 0)
	(0.0792820323027551 0.2 0.8)
	(0.08178203230275509 0.2 0)
	(0.08178203230275509 0.2 0.8)
	(0.056782032302755095 0.28 0)
	(0.056782032302755095 0.28 0.8)
	(0.05928203230275509 0.28 0)
	(0.05928203230275509 0.28 0.8)
	(0.0792820323027551 0.28 0)
	(0.0792820323027551 0.28 0.8)
	(0.08178203230275509 0.28 0)
	(0.08178203230275509 0.28 0.8)
	(0.056782032302755095 0.36 0)
	(0.056782032302755095 0.36 0.8)
	(0.05928203230275509 0.36 0)
	(0.05928203230275509 0.36 0.8)
	(0.0792820323027551 0.36 0)
	(0.0792820323027551 0.36 0.8)
	(0.08178203230275509 0.36 0)
	(0.08178203230275509 0.36 0.8)
	(0.056782032302755095 0.44 0)
	(0.056782032302755095 0.44 0.8)
	(0.05928203230275509 0.44 0)
	(0.05928203230275509 0.44 0.8)
	(0.0792820323027551 0.44 0)
	(0.0792820323027551 0.44 0.8)
	(0.08178203230275509 0.44 0)
	(0.08178203230275509 0.44 0.8)
	(0.12606406460551017 0.0 0)
	(0.12606406460551017 0.0 0.8)
	(0.12856406460551018 0.0 0)
	(0.12856406460551018 0.0 0.8)
	(0.1485640646055102 0.0 0)
	(0.1485640646055102 0.0 0.8)
	(0.1510640646055102 0.0 0)
	(0.1510640646055102 0.0 0.8)
	(0.12606406460551017 0.08 0)
	(0.12606406460551017 0.08 0.8)
	(0.12856406460551018 0.08 0)
	(0.12856406460551018 0.08 0.8)
	(0.1485640646055102 0.08 0)
	(0.1485640646055102 0.08 0.8)
	(0.1510640646055102 0.08 0)
	(0.1510640646055102 0.08 0.8)
	(0.12606406460551017 0.16 0)
	(0.12606406460551017 0.16 0.8)
	(0.12856406460551018 0.16 0)
	(0.12856406460551018 0.16 0.8)
	(0.1485640646055102 0.16 0)
	(0.1485640646055102 0.16 0.8)
	(0.1510640646055102 0.16 0)
	(0.1510640646055102 0.16 0.8)
	(0.12606406460551017 0.24 0)
	(0.12606406460551017 0.24 0.8)
	(0.12856406460551018 0.24 0)
	(0.12856406460551018 0.24 0.8)
	(0.1485640646055102 0.24 0)
	(0.1485640646055102 0.24 0.8)
	(0.1510640646055102 0.24 0)
	(0.1510640646055102 0.24 0.8)
	(0.12606406460551017 0.32 0)
	(0.12606406460551017 0.32 0.8)
	(0.12856406460551018 0.32 0)
	(0.12856406460551018 0.32 0.8)
	(0.1485640646055102 0.32 0)
	(0.1485640646055102 0.32 0.8)
	(0.1510640646055102 0.32 0)
	(0.1510640646055102 0.32 0.8)
	(0.12606406460551017 0.4 0)
	(0.12606406460551017 0.4 0.8)
	(0.12856406460551018 0.4 0)
	(0.12856406460551018 0.4 0.8)
	(0.1485640646055102 0.4 0)
	(0.1485640646055102 0.4 0.8)
	(0.1510640646055102 0.4 0)
	(0.1510640646055102 0.4 0.8)
	(0.12606406460551017 0.48 0)
	(0.12606406460551017 0.48 0.8)
	(0.12856406460551018 0.48 0)
	(0.12856406460551018 0.48 0.8)
	(0.1485640646055102 0.48 0)
	(0.1485640646055102 0.48 0.8)
	(0.1510640646055102 0.48 0)
	(0.1510640646055102 0.48 0.8)
	(0.19534609690826527 0.04 0)
	(0.19534609690826527 0.04 0.8)
	(0.19784609690826527 0.04 0)
	(0.19784609690826527 0.04 0.8)
	(0.21784609690826529 0.04 0)
	(0.21784609690826529 0.04 0.8)
	(0.2203460969082653 0.04 0)
	(0.2203460969082653 0.04 0.8)
	(0.19534609690826527 0.12 0)
	(0.19534609690826527 0.12 0.8)
	(0.19784609690826527 0.12 0)
	(0.19784609690826527 0.12 0.8)
	(0.21784609690826529 0.12 0)
	(0.21784609690826529 0.12 0.8)
	(0.2203460969082653 0.12 0)
	(0.2203460969082653 0.12 0.8)
	(0.19534609690826527 0.2 0)
	(0.19534609690826527 0.2 0.8)
	(0.19784609690826527 0.2 0)
	(0.19784609690826527 0.2 0.8)
	(0.21784609690826529 0.2 0)
	(0.21784609690826529 0.2 0.8)
	(0.2203460969082653 0.2 0)
	(0.2203460969082653 0.2 0.8)
	(0.19534609690826527 0.28 0)
	(0.19534609690826527 0.28 0.8)
	(0.19784609690826527 0.28 0)
	(0.19784609690826527 0.28 0.8)
	(0.21784609690826529 0.28 0)
	(0.21784609690826529 0.28 0.8)
	(0.2203460969082653 0.28 0)
	(0.2203460969082653 0.28 0.8)
	(0.19534609690826527 0.36 0)
	(0.19534609690826527 0.36 0.8)
	(0.19784609690826527 0.36 0)
	(0.19784609690826527 0.36 0.8)
	(0.21784609690826529 0.36 0)
	(0.21784609690826529 0.36 0.8)
	(0.2203460969082653 0.36 0)
	(0.2203460969082653 0.36 0.8)
	(0.19534609690826527 0.44 0)
	(0.19534609690826527 0.44 0.8)
	(0.19784609690826527 0.44 0)
	(0.19784609690826527 0.44 0.8)
	(0.21784609690826529 0.44 0)
	(0.21784609690826529 0.44 0.8)
	(0.2203460969082653 0.44 0)
	(0.2203460969082653 0.44 0.8)
	(0.26462812921102036 0.0 0)
	(0.26462812921102036 0.0 0.8)
	(0.26712812921102036 0.0 0)
	(0.26712812921102036 0.0 0.8)
	(0.2871281292110204 0.0 0)
	(0.2871281292110204 0.0 0.8)
	(0.2896281292110204 0.0 0)
	(0.2896281292110204 0.0 0.8)
	(0.26462812921102036 0.08 0)
	(0.26462812921102036 0.08 0.8)
	(0.26712812921102036 0.08 0)
	(0.26712812921102036 0.08 0.8)
	(0.2871281292110204 0.08 0)
	(0.2871281292110204 0.08 0.8)
	(0.2896281292110204 0.08 0)
	(0.2896281292110204 0.08 0.8)
	(0.26462812921102036 0.16 0)
	(0.26462812921102036 0.16 0.8)
	(0.26712812921102036 0.16 0)
	(0.26712812921102036 0.16 0.8)
	(0.2871281292110204 0.16 0)
	(0.2871281292110204 0.16 0.8)
	(0.2896281292110204 0.16 0)
	(0.2896281292110204 0.16 0.8)
	(0.26462812921102036 0.24 0)
	(0.26462812921102036 0.24 0.8)
	(0.26712812921102036 0.24 0)
	(0.26712812921102036 0.24 0.8)
	(0.2871281292110204 0.24 0)
	(0.2871281292110204 0.24 0.8)
	(0.2896281292110204 0.24 0)
	(0.2896281292110204 0.24 0.8)
	(0.26462812921102036 0.32 0)
	(0.26462812921102036 0.32 0.8)
	(0.26712812921102036 0.32 0)
	(0.26712812921102036 0.32 0.8)
	(0.2871281292110204 0.32 0)
	(0.2871281292110204 0.32 0.8)
	(0.2896281292110204 0.32 0)
	(0.2896281292110204 0.32 0.8)
	(0.26462812921102036 0.4 0)
	(0.26462812921102036 0.4 0.8)
	(0.26712812921102036 0.4 0)
	(0.26712812921102036 0.4 0.8)
	(0.2871281292110204 0.4 0)
	(0.2871281292110204 0.4 0.8)
	(0.2896281292110204 0.4 0)
	(0.2896281292110204 0.4 0.8)
	(0.26462812921102036 0.48 0)
	(0.26462812921102036 0.48 0.8)
	(0.26712812921102036 0.48 0)
	(0.26712812921102036 0.48 0.8)
	(0.2871281292110204 0.48 0)
	(0.2871281292110204 0.48 0.8)
	(0.2896281292110204 0.48 0)
	(0.2896281292110204 0.48 0.8)
	(0.33391016151377545 0.04 0)
	(0.33391016151377545 0.04 0.8)
	(0.33641016151377545 0.04 0)
	(0.33641016151377545 0.04 0.8)
	(0.35641016151377547 0.04 0)
	(0.35641016151377547 0.04 0.8)
	(0.35891016151377547 0.04 0)
	(0.35891016151377547 0.04 0.8)
	(0.33391016151377545 0.12 0)
	(0.33391016151377545 0.12 0.8)
	(0.33641016151377545 0.12 0)
	(0.33641016151377545 0.12 0.8)
	(0.35641016151377547 0.12 0)
	(0.35641016151377547 0.12 0.8)
	(0.35891016151377547 0.12 0)
	(0.35891016151377547 0.12 0.8)
	(0.33391016151377545 0.2 0)
	(0.33391016151377545 0.2 0.8)
	(0.33641016151377545 0.2 0)
	(0.33641016151377545 0.2 0.8)
	(0.35641016151377547 0.2 0)
	(0.35641016151377547 0.2 0.8)
	(0.35891016151377547 0.2 0)
	(0.35891016151377547 0.2 0.8)
	(0.33391016151377545 0.28 0)
	(0.33391016151377545 0.28 0.8)
	(0.33641016151377545 0.28 0)
	(0.33641016151377545 0.28 0.8)
	(0.35641016151377547 0.28 0)
	(0.35641016151377547 0.28 0.8)
	(0.35891016151377547 0.28 0)
	(0.35891016151377547 0.28 0.8)
	(0.33391016151377545 0.36 0)
	(0.33391016151377545 0.36 0.8)
	(0.33641016151377545 0.36 0)
	(0.33641016151377545 0.36 0.8)
	(0.35641016151377547 0.36 0)
	(0.35641016151377547 0.36 0.8)
	(0.35891016151377547 0.36 0)
	(0.35891016151377547 0.36 0.8)
	(0.33391016151377545 0.44 0)
	(0.33391016151377545 0.44 0.8)
	(0.33641016151377545 0.44 0)
	(0.33641016151377545 0.44 0.8)
	(0.35641016151377547 0.44 0)
	(0.35641016151377547 0.44 0.8)
	(0.35891016151377547 0.44 0)
	(0.35891016151377547 0.44 0.8)
	(0.40319219381653054 0.0 0)
	(0.40319219381653054 0.0 0.8)
	(0.40569219381653054 0.0 0)
	(0.40569219381653054 0.0 0.8)
	(0.42569219381653056 0.0 0)
	(0.42569219381653056 0.0 0.8)
	(0.42819219381653056 0.0 0)
	(0.42819219381653056 0.0 0.8)
	(0.40319219381653054 0.08 0)
	(0.40319219381653054 0.08 0.8)
	(0.40569219381653054 0.08 0)
	(0.40569219381653054 0.08 0.8)
	(0.42569219381653056 0.08 0)
	(0.42569219381653056 0.08 0.8)
	(0.42819219381653056 0.08 0)
	(0.42819219381653056 0.08 0.8)
	(0.40319219381653054 0.16 0)
	(0.40319219381653054 0.16 0.8)
	(0.40569219381653054 0.16 0)
	(0.40569219381653054 0.16 0.8)
	(0.42569219381653056 0.16 0)
	(0.42569219381653056 0.16 0.8)
	(0.42819219381653056 0.16 0)
	(0.42819219381653056 0.16 0.8)
	(0.40319219381653054 0.24 0)
	(0.40319219381653054 0.24 0.8)
	(0.40569219381653054 0.24 0)
	(0.40569219381653054 0.24 0.8)
	(0.42569219381653056 0.24 0)
	(0.42569219381653056 0.24 0.8)
	(0.42819219381653056 0.24 0)
	(0.42819219381653056 0.24 0.8)
	(0.40319219381653054 0.32 0)
	(0.40319219381653054 0.32 0.8)
	(0.40569219381653054 0.32 0)
	(0.40569219381653054 0.32 0.8)
	(0.42569219381653056 0.32 0)
	(0.42569219381653056 0.32 0.8)
	(0.42819219381653056 0.32 0)
	(0.42819219381653056 0.32 0.8)
	(0.40319219381653054 0.4 0)
	(0.40319219381653054 0.4 0.8)
	(0.40569219381653054 0.4 0)
	(0.40569219381653054 0.4 0.8)
	(0.42569219381653056 0.4 0)
	(0.42569219381653056 0.4 0.8)
	(0.42819219381653056 0.4 0)
	(0.42819219381653056 0.4 0.8)
	(0.40319219381653054 0.48 0)
	(0.40319219381653054 0.48 0.8)
	(0.40569219381653054 0.48 0)
	(0.40569219381653054 0.48 0.8)
	(0.42569219381653056 0.48 0)
	(0.42569219381653056 0.48 0.8)
	(0.42819219381653056 0.48 0)
	(0.42819219381653056 0.48 0.8)
	(0.47247422611928563 0.04 0)
	(0.47247422611928563 0.04 0.8)
	(0.47497422611928564 0.04 0)
	(0.47497422611928564 0.04 0.8)
	(0.49497422611928565 0.04 0)
	(0.49497422611928565 0.04 0.8)
	(0.49747422611928566 0.04 0)
	(0.49747422611928566 0.04 0.8)
	(0.47247422611928563 0.12 0)
	(0.47247422611928563 0.12 0.8)
	(0.47497422611928564 0.12 0)
	(0.47497422611928564 0.12 0.8)
	(0.49497422611928565 0.12 0)
	(0.49497422611928565 0.12 0.8)
	(0.49747422611928566 0.12 0)
	(0.49747422611928566 0.12 0.8)
	(0.47247422611928563 0.2 0)
	(0.47247422611928563 0.2 0.8)
	(0.47497422611928564 0.2 0)
	(0.47497422611928564 0.2 0.8)
	(0.49497422611928565 0.2 0)
	(0.49497422611928565 0.2 0.8)
	(0.49747422611928566 0.2 0)
	(0.49747422611928566 0.2 0.8)
	(0.47247422611928563 0.28 0)
	(0.47247422611928563 0.28 0.8)
	(0.47497422611928564 0.28 0)
	(0.47497422611928564 0.28 0.8)
	(0.49497422611928565 0.28 0)
	(0.49497422611928565 0.28 0.8)
	(0.49747422611928566 0.28 0)
	(0.49747422611928566 0.28 0.8)
	(0.47247422611928563 0.36 0)
	(0.47247422611928563 0.36 0.8)
	(0.47497422611928564 0.36 0)
	(0.47497422611928564 0.36 0.8)
	(0.49497422611928565 0.36 0)
	(0.49497422611928565 0.36 0.8)
	(0.49747422611928566 0.36 0)
	(0.49747422611928566 0.36 0.8)
	(0.47247422611928563 0.44 0)
	(0.47247422611928563 0.44 0.8)
	(0.47497422611928564 0.44 0)
	(0.47497422611928564 0.44 0.8)
	(0.49497422611928565 0.44 0)
	(0.49497422611928565 0.44 0.8)
	(0.49747422611928566 0.44 0)
	(0.49747422611928566 0.44 0.8)
	(0.5417562584220408 0.0 0)
	(0.5417562584220408 0.0 0.8)
	(0.5442562584220407 0.0 0)
	(0.5442562584220407 0.0 0.8)
	(0.5642562584220407 0.0 0)
	(0.5642562584220407 0.0 0.8)
	(0.5667562584220407 0.0 0)
	(0.5667562584220407 0.0 0.8)
	(0.5417562584220408 0.08 0)
	(0.5417562584220408 0.08 0.8)
	(0.5442562584220407 0.08 0)
	(0.5442562584220407 0.08 0.8)
	(0.5642562584220407 0.08 0)
	(0.5642562584220407 0.08 0.8)
	(0.5667562584220407 0.08 0)
	(0.5667562584220407 0.08 0.8)
	(0.5417562584220408 0.16 0)
	(0.5417562584220408 0.16 0.8)
	(0.5442562584220407 0.16 0)
	(0.5442562584220407 0.16 0.8)
	(0.5642562584220407 0.16 0)
	(0.5642562584220407 0.16 0.8)
	(0.5667562584220407 0.16 0)
	(0.5667562584220407 0.16 0.8)
	(0.5417562584220408 0.24 0)
	(0.5417562584220408 0.24 0.8)
	(0.5442562584220407 0.24 0)
	(0.5442562584220407 0.24 0.8)
	(0.5642562584220407 0.24 0)
	(0.5642562584220407 0.24 0.8)
	(0.5667562584220407 0.24 0)
	(0.5667562584220407 0.24 0.8)
	(0.5417562584220408 0.32 0)
	(0.5417562584220408 0.32 0.8)
	(0.5442562584220407 0.32 0)
	(0.5442562584220407 0.32 0.8)
	(0.5642562584220407 0.32 0)
	(0.5642562584220407 0.32 0.8)
	(0.5667562584220407 0.32 0)
	(0.5667562584220407 0.32 0.8)
	(0.5417562584220408 0.4 0)
	(0.5417562584220408 0.4 0.8)
	(0.5442562584220407 0.4 0)
	(0.5442562584220407 0.4 0.8)
	(0.5642562584220407 0.4 0)
	(0.5642562584220407 0.4 0.8)
	(0.5667562584220407 0.4 0)
	(0.5667562584220407 0.4 0.8)
	(0.5417562584220408 0.48 0)
	(0.5417562584220408 0.48 0.8)
	(0.5442562584220407 0.48 0)
	(0.5442562584220407 0.48 0.8)
	(0.5642562584220407 0.48 0)
	(0.5642562584220407 0.48 0.8)
	(0.5667562584220407 0.48 0)
	(0.5667562584220407 0.48 0.8)
	(0.6110382907247959 0.04 0)
	(0.6110382907247959 0.04 0.8)
	(0.6135382907247958 0.04 0)
	(0.6135382907247958 0.04 0.8)
	(0.6335382907247958 0.04 0)
	(0.6335382907247958 0.04 0.8)
	(0.6360382907247958 0.04 0)
	(0.6360382907247958 0.04 0.8)
	(0.6110382907247959 0.12 0)
	(0.6110382907247959 0.12 0.8)
	(0.6135382907247958 0.12 0)
	(0.6135382907247958 0.12 0.8)
	(0.6335382907247958 0.12 0)
	(0.6335382907247958 0.12 0.8)
	(0.6360382907247958 0.12 0)
	(0.6360382907247958 0.12 0.8)
	(0.6110382907247959 0.2 0)
	(0.6110382907247959 0.2 0.8)
	(0.6135382907247958 0.2 0)
	(0.6135382907247958 0.2 0.8)
	(0.6335382907247958 0.2 0)
	(0.6335382907247958 0.2 0.8)
	(0.6360382907247958 0.2 0)
	(0.6360382907247958 0.2 0.8)
	(0.6110382907247959 0.28 0)
	(0.6110382907247959 0.28 0.8)
	(0.6135382907247958 0.28 0)
	(0.6135382907247958 0.28 0.8)
	(0.6335382907247958 0.28 0)
	(0.6335382907247958 0.28 0.8)
	(0.6360382907247958 0.28 0)
	(0.6360382907247958 0.28 0.8)
	(0.6110382907247959 0.36 0)
	(0.6110382907247959 0.36 0.8)
	(0.6135382907247958 0.36 0)
	(0.6135382907247958 0.36 0.8)
	(0.6335382907247958 0.36 0)
	(0.6335382907247958 0.36 0.8)
	(0.6360382907247958 0.36 0)
	(0.6360382907247958 0.36 0.8)
	(0.6110382907247959 0.44 0)
	(0.6110382907247959 0.44 0.8)
	(0.6135382907247958 0.44 0)
	(0.6135382907247958 0.44 0.8)
	(0.6335382907247958 0.44 0)
	(0.6335382907247958 0.44 0.8)
	(0.6360382907247958 0.44 0)
	(0.6360382907247958 0.44 0.8)
	(0.680320323027551 0.0 0)
	(0.680320323027551 0.0 0.8)
	(0.6828203230275509 0.0 0)
	(0.6828203230275509 0.0 0.8)
	(0.7028203230275509 0.0 0)
	(0.7028203230275509 0.0 0.8)
	(0.7053203230275509 0.0 0)
	(0.7053203230275509 0.0 0.8)
	(0.680320323027551 0.08 0)
	(0.680320323027551 0.08 0.8)
	(0.6828203230275509 0.08 0)
	(0.6828203230275509 0.08 0.8)
	(0.7028203230275509 0.08 0)
	(0.7028203230275509 0.08 0.8)
	(0.7053203230275509 0.08 0)
	(0.7053203230275509 0.08 0.8)
	(0.680320323027551 0.16 0)
	(0.680320323027551 0.16 0.8)
	(0.6828203230275509 0.16 0)
	(0.6828203230275509 0.16 0.8)
	(0.7028203230275509 0.16 0)
	(0.7028203230275509 0.16 0.8)
	(0.7053203230275509 0.16 0)
	(0.7053203230275509 0.16 0.8)
	(0.680320323027551 0.24 0)
	(0.680320323027551 0.24 0.8)
	(0.6828203230275509 0.24 0)
	(0.6828203230275509 0.24 0.8)
	(0.7028203230275509 0.24 0)
	(0.7028203230275509 0.24 0.8)
	(0.7053203230275509 0.24 0)
	(0.7053203230275509 0.24 0.8)
	(0.680320323027551 0.32 0)
	(0.680320323027551 0.32 0.8)
	(0.6828203230275509 0.32 0)
	(0.6828203230275509 0.32 0.8)
	(0.7028203230275509 0.32 0)
	(0.7028203230275509 0.32 0.8)
	(0.7053203230275509 0.32 0)
	(0.7053203230275509 0.32 0.8)
	(0.680320323027551 0.4 0)
	(0.680320323027551 0.4 0.8)
	(0.6828203230275509 0.4 0)
	(0.6828203230275509 0.4 0.8)
	(0.7028203230275509 0.4 0)
	(0.7028203230275509 0.4 0.8)
	(0.7053203230275509 0.4 0)
	(0.7053203230275509 0.4 0.8)
	(0.680320323027551 0.48 0)
	(0.680320323027551 0.48 0.8)
	(0.6828203230275509 0.48 0)
	(0.6828203230275509 0.48 0.8)
	(0.7028203230275509 0.48 0)
	(0.7028203230275509 0.48 0.8)
	(0.7053203230275509 0.48 0)
	(0.7053203230275509 0.48 0.8)
	(0.7496023553303061 0.04 0)
	(0.7496023553303061 0.04 0.8)
	(0.752102355330306 0.04 0)
	(0.752102355330306 0.04 0.8)
	(0.772102355330306 0.04 0)
	(0.772102355330306 0.04 0.8)
	(0.774602355330306 0.04 0)
	(0.774602355330306 0.04 0.8)
	(0.7496023553303061 0.12 0)
	(0.7496023553303061 0.12 0.8)
	(0.752102355330306 0.12 0)
	(0.752102355330306 0.12 0.8)
	(0.772102355330306 0.12 0)
	(0.772102355330306 0.12 0.8)
	(0.774602355330306 0.12 0)
	(0.774602355330306 0.12 0.8)
	(0.7496023553303061 0.2 0)
	(0.7496023553303061 0.2 0.8)
	(0.752102355330306 0.2 0)
	(0.752102355330306 0.2 0.8)
	(0.772102355330306 0.2 0)
	(0.772102355330306 0.2 0.8)
	(0.774602355330306 0.2 0)
	(0.774602355330306 0.2 0.8)
	(0.7496023553303061 0.28 0)
	(0.7496023553303061 0.28 0.8)
	(0.752102355330306 0.28 0)
	(0.752102355330306 0.28 0.8)
	(0.772102355330306 0.28 0)
	(0.772102355330306 0.28 0.8)
	(0.774602355330306 0.28 0)
	(0.774602355330306 0.28 0.8)
	(0.7496023553303061 0.36 0)
	(0.7496023553303061 0.36 0.8)
	(0.752102355330306 0.36 0)
	(0.752102355330306 0.36 0.8)
	(0.772102355330306 0.36 0)
	(0.772102355330306 0.36 0.8)
	(0.774602355330306 0.36 0)
	(0.774602355330306 0.36 0.8)
	(0.7496023553303061 0.44 0)
	(0.7496023553303061 0.44 0.8)
	(0.752102355330306 0.44 0)
	(0.752102355330306 0.44 0.8)
	(0.772102355330306 0.44 0)
	(0.772102355330306 0.44 0.8)
	(0.774602355330306 0.44 0)
	(0.774602355330306 0.44 0.8)
	(0.8188843876330612 0.0 0)
	(0.8188843876330612 0.0 0.8)
	(0.8213843876330611 0.0 0)
	(0.8213843876330611 0.0 0.8)
	(0.8413843876330611 0.0 0)
	(0.8413843876330611 0.0 0.8)
	(0.8438843876330611 0.0 0)
	(0.8438843876330611 0.0 0.8)
	(0.8188843876330612 0.08 0)
	(0.8188843876330612 0.08 0.8)
	(0.8213843876330611 0.08 0)
	(0.8213843876330611 0.08 0.8)
	(0.8413843876330611 0.08 0)
	(0.8413843876330611 0.08 0.8)
	(0.8438843876330611 0.08 0)
	(0.8438843876330611 0.08 0.8)
	(0.8188843876330612 0.16 0)
	(0.8188843876330612 0.16 0.8)
	(0.8213843876330611 0.16 0)
	(0.8213843876330611 0.16 0.8)
	(0.8413843876330611 0.16 0)
	(0.8413843876330611 0.16 0.8)
	(0.8438843876330611 0.16 0)
	(0.8438843876330611 0.16 0.8)
	(0.8188843876330612 0.24 0)
	(0.8188843876330612 0.24 0.8)
	(0.8213843876330611 0.24 0)
	(0.8213843876330611 0.24 0.8)
	(0.8413843876330611 0.24 0)
	(0.8413843876330611 0.24 0.8)
	(0.8438843876330611 0.24 0)
	(0.8438843876330611 0.24 0.8)
	(0.8188843876330612 0.32 0)
	(0.8188843876330612 0.32 0.8)
	(0.8213843876330611 0.32 0)
	(0.8213843876330611 0.32 0.8)
	(0.8413843876330611 0.32 0)
	(0.8413843876330611 0.32 0.8)
	(0.8438843876330611 0.32 0)
	(0.8438843876330611 0.32 0.8)
	(0.8188843876330612 0.4 0)
	(0.8188843876330612 0.4 0.8)
	(0.8213843876330611 0.4 0)
	(0.8213843876330611 0.4 0.8)
	(0.8413843876330611 0.4 0)
	(0.8413843876330611 0.4 0.8)
	(0.8438843876330611 0.4 0)
	(0.8438843876330611 0.4 0.8)
	(0.8188843876330612 0.48 0)
	(0.8188843876330612 0.48 0.8)
	(0.8213843876330611 0.48 0)
	(0.8213843876330611 0.48 0.8)
	(0.8413843876330611 0.48 0)
	(0.8413843876330611 0.48 0.8)
	(0.8438843876330611 0.48 0)
	(0.8438843876330611 0.48 0.8)
	(0.8881664199358162 0.04 0)
	(0.8881664199358162 0.04 0.8)
	(0.8906664199358162 0.04 0)
	(0.8906664199358162 0.04 0.8)
	(0.9106664199358162 0.04 0)
	(0.9106664199358162 0.04 0.8)
	(0.9131664199358162 0.04 0)
	(0.9131664199358162 0.04 0.8)
	(0.8881664199358162 0.12 0)
	(0.8881664199358162 0.12 0.8)
	(0.8906664199358162 0.12 0)
	(0.8906664199358162 0.12 0.8)
	(0.9106664199358162 0.12 0)
	(0.9106664199358162 0.12 0.8)
	(0.9131664199358162 0.12 0)
	(0.9131664199358162 0.12 0.8)
	(0.8881664199358162 0.2 0)
	(0.8881664199358162 0.2 0.8)
	(0.8906664199358162 0.2 0)
	(0.8906664199358162 0.2 0.8)
	(0.9106664199358162 0.2 0)
	(0.9106664199358162 0.2 0.8)
	(0.9131664199358162 0.2 0)
	(0.9131664199358162 0.2 0.8)
	(0.8881664199358162 0.28 0)
	(0.8881664199358162 0.28 0.8)
	(0.8906664199358162 0.28 0)
	(0.8906664199358162 0.28 0.8)
	(0.9106664199358162 0.28 0)
	(0.9106664199358162 0.28 0.8)
	(0.9131664199358162 0.28 0)
	(0.9131664199358162 0.28 0.8)
	(0.8881664199358162 0.36 0)
	(0.8881664199358162 0.36 0.8)
	(0.8906664199358162 0.36 0)
	(0.8906664199358162 0.36 0.8)
	(0.9106664199358162 0.36 0)
	(0.9106664199358162 0.36 0.8)
	(0.9131664199358162 0.36 0)
	(0.9131664199358162 0.36 0.8)
	(0.8881664199358162 0.44 0)
	(0.8881664199358162 0.44 0.8)
	(0.8906664199358162 0.44 0)
	(0.8906664199358162 0.44 0.8)
	(0.9106664199358162 0.44 0)
	(0.9106664199358162 0.44 0.8)
	(0.9131664199358162 0.44 0)
	(0.9131664199358162 0.44 0.8)
	(0.9574484522385713 0.0 0)
	(0.9574484522385713 0.0 0.8)
	(0.9599484522385713 0.0 0)
	(0.9599484522385713 0.0 0.8)
	(0.9799484522385713 0.0 0)
	(0.9799484522385713 0.0 0.8)
	(0.9824484522385712 0.0 0)
	(0.9824484522385712 0.0 0.8)
	(0.9574484522385713 0.08 0)
	(0.9574484522385713 0.08 0.8)
	(0.9599484522385713 0.08 0)
	(0.9599484522385713 0.08 0.8)
	(0.9799484522385713 0.08 0)
	(0.9799484522385713 0.08 0.8)
	(0.9824484522385712 0.08 0)
	(0.9824484522385712 0.08 0.8)
	(0.9574484522385713 0.16 0)
	(0.9574484522385713 0.16 0.8)
	(0.9599484522385713 0.16 0)
	(0.9599484522385713 0.16 0.8)
	(0.9799484522385713 0.16 0)
	(0.9799484522385713 0.16 0.8)
	(0.9824484522385712 0.16 0)
	(0.9824484522385712 0.16 0.8)
	(0.9574484522385713 0.24 0)
	(0.9574484522385713 0.24 0.8)
	(0.9599484522385713 0.24 0)
	(0.9599484522385713 0.24 0.8)
	(0.9799484522385713 0.24 0)
	(0.9799484522385713 0.24 0.8)
	(0.9824484522385712 0.24 0)
	(0.9824484522385712 0.24 0.8)
	(0.9574484522385713 0.32 0)
	(0.9574484522385713 0.32 0.8)
	(0.9599484522385713 0.32 0)
	(0.9599484522385713 0.32 0.8)
	(0.9799484522385713 0.32 0)
	(0.9799484522385713 0.32 0.8)
	(0.9824484522385712 0.32 0)
	(0.9824484522385712 0.32 0.8)
	(0.9574484522385713 0.4 0)
	(0.9574484522385713 0.4 0.8)
	(0.9599484522385713 0.4 0)
	(0.9599484522385713 0.4 0.8)
	(0.9799484522385713 0.4 0)
	(0.9799484522385713 0.4 0.8)
	(0.9824484522385712 0.4 0)
	(0.9824484522385712 0.4 0.8)
	(0.9574484522385713 0.48 0)
	(0.9574484522385713 0.48 0.8)
	(0.9599484522385713 0.48 0)
	(0.9599484522385713 0.48 0.8)
	(0.9799484522385713 0.48 0)
	(0.9799484522385713 0.48 0.8)
	(0.9824484522385712 0.48 0)
	(0.9824484522385712 0.48 0.8)
	(1.0267304845413265 0.04 0)
	(1.0267304845413265 0.04 0.8)
	(1.0292304845413265 0.04 0)
	(1.0292304845413265 0.04 0.8)
	(1.0492304845413265 0.04 0)
	(1.0492304845413265 0.04 0.8)
	(1.0517304845413264 0.04 0)
	(1.0517304845413264 0.04 0.8)
	(1.0267304845413265 0.12 0)
	(1.0267304845413265 0.12 0.8)
	(1.0292304845413265 0.12 0)
	(1.0292304845413265 0.12 0.8)
	(1.0492304845413265 0.12 0)
	(1.0492304845413265 0.12 0.8)
	(1.0517304845413264 0.12 0)
	(1.0517304845413264 0.12 0.8)
	(1.0267304845413265 0.2 0)
	(1.0267304845413265 0.2 0.8)
	(1.0292304845413265 0.2 0)
	(1.0292304845413265 0.2 0.8)
	(1.0492304845413265 0.2 0)
	(1.0492304845413265 0.2 0.8)
	(1.0517304845413264 0.2 0)
	(1.0517304845413264 0.2 0.8)
	(1.0267304845413265 0.28 0)
	(1.0267304845413265 0.28 0.8)
	(1.0292304845413265 0.28 0)
	(1.0292304845413265 0.28 0.8)
	(1.0492304845413265 0.28 0)
	(1.0492304845413265 0.28 0.8)
	(1.0517304845413264 0.28 0)
	(1.0517304845413264 0.28 0.8)
	(1.0267304845413265 0.36 0)
	(1.0267304845413265 0.36 0.8)
	(1.0292304845413265 0.36 0)
	(1.0292304845413265 0.36 0.8)
	(1.0492304845413265 0.36 0)
	(1.0492304845413265 0.36 0.8)
	(1.0517304845413264 0.36 0)
	(1.0517304845413264 0.36 0.8)
	(1.0267304845413265 0.44 0)
	(1.0267304845413265 0.44 0.8)
	(1.0292304845413265 0.44 0)
	(1.0292304845413265 0.44 0.8)
	(1.0492304845413265 0.44 0)
	(1.0492304845413265 0.44 0.8)
	(1.0517304845413264 0.44 0)
	(1.0517304845413264 0.44 0.8)
	(1.0960125168440815 0.0 0)
	(1.0960125168440815 0.0 0.8)
	(1.0985125168440815 0.0 0)
	(1.0985125168440815 0.0 0.8)
	(1.1185125168440815 0.0 0)
	(1.1185125168440815 0.0 0.8)
	(1.1210125168440814 0.0 0)
	(1.1210125168440814 0.0 0.8)
	(1.0960125168440815 0.08 0)
	(1.0960125168440815 0.08 0.8)
	(1.0985125168440815 0.08 0)
	(1.0985125168440815 0.08 0.8)
	(1.1185125168440815 0.08 0)
	(1.1185125168440815 0.08 0.8)
	(1.1210125168440814 0.08 0)
	(1.1210125168440814 0.08 0.8)
	(1.0960125168440815 0.16 0)
	(1.0960125168440815 0.16 0.8)
	(1.0985125168440815 0.16 0)
	(1.0985125168440815 0.16 0.8)
	(1.1185125168440815 0.16 0)
	(1.1185125168440815 0.16 0.8)
	(1.1210125168440814 0.16 0)
	(1.1210125168440814 0.16 0.8)
	(1.0960125168440815 0.24 0)
	(1.0960125168440815 0.24 0.8)
	(1.0985125168440815 0.24 0)
	(1.0985125168440815 0.24 0.8)
	(1.1185125168440815 0.24 0)
	(1.1185125168440815 0.24 0.8)
	(1.1210125168440814 0.24 0)
	(1.1210125168440814 0.24 0.8)
	(1.0960125168440815 0.32 0)
	(1.0960125168440815 0.32 0.8)
	(1.0985125168440815 0.32 0)
	(1.0985125168440815 0.32 0.8)
	(1.1185125168440815 0.32 0)
	(1.1185125168440815 0.32 0.8)
	(1.1210125168440814 0.32 0)
	(1.1210125168440814 0.32 0.8)
	(1.0960125168440815 0.4 0)
	(1.0960125168440815 0.4 0.8)
	(1.0985125168440815 0.4 0)
	(1.0985125168440815 0.4 0.8)
	(1.1185125168440815 0.4 0)
	(1.1185125168440815 0.4 0.8)
	(1.1210125168440814 0.4 0)
	(1.1210125168440814 0.4 0.8)
	(1.0960125168440815 0.48 0)
	(1.0960125168440815 0.48 0.8)
	(1.0985125168440815 0.48 0)
	(1.0985125168440815 0.48 0.8)
	(1.1185125168440815 0.48 0)
	(1.1185125168440815 0.48 0.8)
	(1.1210125168440814 0.48 0)
	(1.1210125168440814 0.48 0.8)
	(1.1652945491468365 0.04 0)
	(1.1652945491468365 0.04 0.8)
	(1.1677945491468364 0.04 0)
	(1.1677945491468364 0.04 0.8)
	(1.1877945491468365 0.04 0)
	(1.1877945491468365 0.04 0.8)
	(1.1902945491468364 0.04 0)
	(1.1902945491468364 0.04 0.8)
	(1.1652945491468365 0.12 0)
	(1.1652945491468365 0.12 0.8)
	(1.1677945491468364 0.12 0)
	(1.1677945491468364 0.12 0.8)
	(1.1877945491468365 0.12 0)
	(1.1877945491468365 0.12 0.8)
	(1.1902945491468364 0.12 0)
	(1.1902945491468364 0.12 0.8)
	(1.1652945491468365 0.2 0)
	(1.1652945491468365 0.2 0.8)
	(1.1677945491468364 0.2 0)
	(1.1677945491468364 0.2 0.8)
	(1.1877945491468365 0.2 0)
	(1.1877945491468365 0.2 0.8)
	(1.1902945491468364 0.2 0)
	(1.1902945491468364 0.2 0.8)
	(1.1652945491468365 0.28 0)
	(1.1652945491468365 0.28 0.8)
	(1.1677945491468364 0.28 0)
	(1.1677945491468364 0.28 0.8)
	(1.1877945491468365 0.28 0)
	(1.1877945491468365 0.28 0.8)
	(1.1902945491468364 0.28 0)
	(1.1902945491468364 0.28 0.8)
	(1.1652945491468365 0.36 0)
	(1.1652945491468365 0.36 0.8)
	(1.1677945491468364 0.36 0)
	(1.1677945491468364 0.36 0.8)
	(1.1877945491468365 0.36 0)
	(1.1877945491468365 0.36 0.8)
	(1.1902945491468364 0.36 0)
	(1.1902945491468364 0.36 0.8)
	(1.1652945491468365 0.44 0)
	(1.1652945491468365 0.44 0.8)
	(1.1677945491468364 0.44 0)
	(1.1677945491468364 0.44 0.8)
	(1.1877945491468365 0.44 0)
	(1.1877945491468365 0.44 0.8)
	(1.1902945491468364 0.44 0)
	(1.1902945491468364 0.44 0.8)
	(1.2345765814495917 0.0 0)
	(1.2345765814495917 0.0 0.8)
	(1.2370765814495917 0.0 0)
	(1.2370765814495917 0.0 0.8)
	(1.2570765814495917 0.0 0)
	(1.2570765814495917 0.0 0.8)
	(1.2595765814495916 0.0 0)
	(1.2595765814495916 0.0 0.8)
	(1.2345765814495917 0.08 0)
	(1.2345765814495917 0.08 0.8)
	(1.2370765814495917 0.08 0)
	(1.2370765814495917 0.08 0.8)
	(1.2570765814495917 0.08 0)
	(1.2570765814495917 0.08 0.8)
	(1.2595765814495916 0.08 0)
	(1.2595765814495916 0.08 0.8)
	(1.2345765814495917 0.16 0)
	(1.2345765814495917 0.16 0.8)
	(1.2370765814495917 0.16 0)
	(1.2370765814495917 0.16 0.8)
	(1.2570765814495917 0.16 0)
	(1.2570765814495917 0.16 0.8)
	(1.2595765814495916 0.16 0)
	(1.2595765814495916 0.16 0.8)
	(1.2345765814495917 0.24 0)
	(1.2345765814495917 0.24 0.8)
	(1.2370765814495917 0.24 0)
	(1.2370765814495917 0.24 0.8)
	(1.2570765814495917 0.24 0)
	(1.2570765814495917 0.24 0.8)
	(1.2595765814495916 0.24 0)
	(1.2595765814495916 0.24 0.8)
	(1.2345765814495917 0.32 0)
	(1.2345765814495917 0.32 0.8)
	(1.2370765814495917 0.32 0)
	(1.2370765814495917 0.32 0.8)
	(1.2570765814495917 0.32 0)
	(1.2570765814495917 0.32 0.8)
	(1.2595765814495916 0.32 0)
	(1.2595765814495916 0.32 0.8)
	(1.2345765814495917 0.4 0)
	(1.2345765814495917 0.4 0.8)
	(1.2370765814495917 0.4 0)
	(1.2370765814495917 0.4 0.8)
	(1.2570765814495917 0.4 0)
	(1.2570765814495917 0.4 0.8)
	(1.2595765814495916 0.4 0)
	(1.2595765814495916 0.4 0.8)
	(1.2345765814495917 0.48 0)
	(1.2345765814495917 0.48 0.8)
	(1.2370765814495917 0.48 0)
	(1.2370765814495917 0.48 0.8)
	(1.2570765814495917 0.48 0)
	(1.2570765814495917 0.48 0.8)
	(1.2595765814495916 0.48 0)
	(1.2595765814495916 0.48 0.8)
	(1.303858613752347 0.04 0)
	(1.303858613752347 0.04 0.8)
	(1.3063586137523469 0.04 0)
	(1.3063586137523469 0.04 0.8)
	(1.3263586137523469 0.04 0)
	(1.3263586137523469 0.04 0.8)
	(1.3288586137523468 0.04 0)
	(1.3288586137523468 0.04 0.8)
	(1.303858613752347 0.12 0)
	(1.303858613752347 0.12 0.8)
	(1.3063586137523469 0.12 0)
	(1.3063586137523469 0.12 0.8)
	(1.3263586137523469 0.12 0)
	(1.3263586137523469 0.12 0.8)
	(1.3288586137523468 0.12 0)
	(1.3288586137523468 0.12 0.8)
	(1.303858613752347 0.2 0)
	(1.303858613752347 0.2 0.8)
	(1.3063586137523469 0.2 0)
	(1.3063586137523469 0.2 0.8)
	(1.3263586137523469 0.2 0)
	(1.3263586137523469 0.2 0.8)
	(1.3288586137523468 0.2 0)
	(1.3288586137523468 0.2 0.8)
	(1.303858613752347 0.28 0)
	(1.303858613752347 0.28 0.8)
	(1.3063586137523469 0.28 0)
	(1.3063586137523469 0.28 0.8)
	(1.3263586137523469 0.28 0)
	(1.3263586137523469 0.28 0.8)
	(1.3288586137523468 0.28 0)
	(1.3288586137523468 0.28 0.8)
	(1.303858613752347 0.36 0)
	(1.303858613752347 0.36 0.8)
	(1.3063586137523469 0.36 0)
	(1.3063586137523469 0.36 0.8)
	(1.3263586137523469 0.36 0)
	(1.3263586137523469 0.36 0.8)
	(1.3288586137523468 0.36 0)
	(1.3288586137523468 0.36 0.8)
	(1.303858613752347 0.44 0)
	(1.303858613752347 0.44 0.8)
	(1.3063586137523469 0.44 0)
	(1.3063586137523469 0.44 0.8)
	(1.3263586137523469 0.44 0)
	(1.3263586137523469 0.44 0.8)
	(1.3288586137523468 0.44 0)
	(1.3288586137523468 0.44 0.8)
	(-0.005 0.008660254037844388 0)
	(-0.005 0.008660254037844388 0.8)
	(0.005 0.008660254037844388 0)
	(0.005 0.008660254037844388 0.8)
	(0.00625 0.010825317547305483 0)
	(0.00625 0.010825317547305483 0.8)
	(-0.0062499999999999995 0.010825317547305485 0)
	(-0.0062499999999999995 0.010825317547305485 0.8)
	(0.13356406460551018 0.008660254037844388 0)
	(0.13356406460551018 0.008660254037844388 0.8)
	(0.1435640646055102 0.008660254037844388 0)
	(0.1435640646055102 0.008660254037844388 0.8)
	(0.1448140646055102 0.010825317547305483 0)
	(0.1448140646055102 0.010825317547305483 0.8)
	(0.13231406460551018 0.010825317547305485 0)
	(0.13231406460551018 0.010825317547305485 0.8)
	(0.27212812921102036 0.008660254037844388 0)
	(0.27212812921102036 0.008660254037844388 0.8)
	(0.2821281292110204 0.008660254037844388 0)
	(0.2821281292110204 0.008660254037844388 0.8)
	(0.28337812921102035 0.010825317547305483 0)
	(0.28337812921102035 0.010825317547305483 0.8)
	(0.2708781292110204 0.010825317547305485 0)
	(0.2708781292110204 0.010825317547305485 0.8)
	(0.41069219381653055 0.008660254037844388 0)
	(0.41069219381653055 0.008660254037844388 0.8)
	(0.42069219381653056 0.008660254037844388 0)
	(0.42069219381653056 0.008660254037844388 0.8)
	(0.42194219381653053 0.010825317547305483 0)
	(0.42194219381653053 0.010825317547305483 0.8)
	(0.4094421938165306 0.010825317547305485 0)
	(0.4094421938165306 0.010825317547305485 0.8)
	(0.5492562584220407 0.008660254037844388 0)
	(0.5492562584220407 0.008660254037844388 0.8)
	(0.5592562584220407 0.008660254037844388 0)
	(0.5592562584220407 0.008660254037844388 0.8)
	(0.5605062584220407 0.010825317547305483 0)
	(0.5605062584220407 0.010825317547305483 0.8)
	(0.5480062584220408 0.010825317547305485 0)
	(0.5480062584220408 0.010825317547305485 0.8)
	(0.6878203230275509 0.008660254037844388 0)
	(0.6878203230275509 0.008660254037844388 0.8)
	(0.6978203230275509 0.008660254037844388 0)
	(0.6978203230275509 0.008660254037844388 0.8)
	(0.6990703230275509 0.010825317547305483 0)
	(0.6990703230275509 0.010825317547305483 0.8)
	(0.6865703230275509 0.010825317547305485 0)
	(0.6865703230275509 0.010825317547305485 0.8)
	(0.8263843876330611 0.008660254037844388 0)
	(0.8263843876330611 0.008660254037844388 0.8)
	(0.8363843876330611 0.008660254037844388 0)
	(0.8363843876330611 0.008660254037844388 0.8)
	(0.8376343876330611 0.010825317547305483 0)
	(0.8376343876330611 0.010825317547305483 0.8)
	(0.8251343876330611 0.010825317547305485 0)
	(0.8251343876330611 0.010825317547305485 0.8)
	(0.9649484522385713 0.008660254037844388 0)
	(0.9649484522385713 0.008660254037844388 0.8)
	(0.9749484522385713 0.008660254037844388 0)
	(0.9749484522385713 0.008660254037844388 0.8)
	(0.9761984522385713 0.010825317547305483 0)
	(0.9761984522385713 0.010825317547305483 0.8)
	(0.9636984522385713 0.010825317547305485 0)
	(0.9636984522385713 0.010825317547305485 0.8)
	(1.1035125168440816 0.008660254037844388 0)
	(1.1035125168440816 0.008660254037844388 0.8)
	(1.1135125168440814 0.008660254037844388 0)
	(1.1135125168440814 0.008660254037844388 0.8)
	(1.1147625168440816 0.010825317547305483 0)
	(1.1147625168440816 0.010825317547305483 0.8)
	(1.1022625168440814 0.010825317547305485 0)
	(1.1022625168440814 0.010825317547305485 0.8)
	(1.2420765814495918 0.008660254037844388 0)
	(1.2420765814495918 0.008660254037844388 0.8)
	(1.2520765814495916 0.008660254037844388 0)
	(1.2520765814495916 0.008660254037844388 0.8)
	(1.2533265814495917 0.010825317547305483 0)
	(1.2533265814495917 0.010825317547305483 0.8)
	(1.2408265814495916 0.010825317547305485 0)
	(1.2408265814495916 0.010825317547305485 0.8)
	(0.06303203230275509 0.02917468245269452 0)
	(0.06303203230275509 0.02917468245269452 0.8)
	(0.0755320323027551 0.029174682452694518 0)
	(0.0755320323027551 0.029174682452694518 0.8)
	(0.0742820323027551 0.031339745962155614 0)
	(0.0742820323027551 0.031339745962155614 0.8)
	(0.06428203230275509 0.031339745962155614 0)
	(0.06428203230275509 0.031339745962155614 0.8)
	(0.20159609690826527 0.02917468245269452 0)
	(0.20159609690826527 0.02917468245269452 0.8)
	(0.21409609690826528 0.029174682452694518 0)
	(0.21409609690826528 0.029174682452694518 0.8)
	(0.21284609690826528 0.031339745962155614 0)
	(0.21284609690826528 0.031339745962155614 0.8)
	(0.20284609690826527 0.031339745962155614 0)
	(0.20284609690826527 0.031339745962155614 0.8)
	(0.3401601615137755 0.02917468245269452 0)
	(0.3401601615137755 0.02917468245269452 0.8)
	(0.35266016151377544 0.029174682452694518 0)
	(0.35266016151377544 0.029174682452694518 0.8)
	(0.35141016151377547 0.031339745962155614 0)
	(0.35141016151377547 0.031339745962155614 0.8)
	(0.34141016151377546 0.031339745962155614 0)
	(0.34141016151377546 0.031339745962155614 0.8)
	(0.47872422611928567 0.02917468245269452 0)
	(0.47872422611928567 0.02917468245269452 0.8)
	(0.4912242261192856 0.029174682452694518 0)
	(0.4912242261192856 0.029174682452694518 0.8)
	(0.48997422611928565 0.031339745962155614 0)
	(0.48997422611928565 0.031339745962155614 0.8)
	(0.47997422611928564 0.031339745962155614 0)
	(0.47997422611928564 0.031339745962155614 0.8)
	(0.617288290724796 0.02917468245269452 0)
	(0.617288290724796 0.02917468245269452 0.8)
	(0.6297882907247959 0.029174682452694518 0)
	(0.6297882907247959 0.029174682452694518 0.8)
	(0.628538290724796 0.031339745962155614 0)
	(0.628538290724796 0.031339745962155614 0.8)
	(0.6185382907247959 0.031339745962155614 0)
	(0.6185382907247959 0.031339745962155614 0.8)
	(0.7558523553303061 0.02917468245269452 0)
	(0.7558523553303061 0.02917468245269452 0.8)
	(0.7683523553303061 0.029174682452694518 0)
	(0.7683523553303061 0.029174682452694518 0.8)
	(0.7671023553303061 0.031339745962155614 0)
	(0.7671023553303061 0.031339745962155614 0.8)
	(0.7571023553303061 0.031339745962155614 0)
	(0.7571023553303061 0.031339745962155614 0.8)
	(0.8944164199358163 0.02917468245269452 0)
	(0.8944164199358163 0.02917468245269452 0.8)
	(0.9069164199358163 0.029174682452694518 0)
	(0.9069164199358163 0.029174682452694518 0.8)
	(0.9056664199358163 0.031339745962155614 0)
	(0.9056664199358163 0.031339745962155614 0.8)
	(0.8956664199358163 0.031339745962155614 0)
	(0.8956664199358163 0.031339745962155614 0.8)
	(1.0329804845413264 0.02917468245269452 0)
	(1.0329804845413264 0.02917468245269452 0.8)
	(1.0454804845413266 0.029174682452694518 0)
	(1.0454804845413266 0.029174682452694518 0.8)
	(1.0442304845413264 0.031339745962155614 0)
	(1.0442304845413264 0.031339745962155614 0.8)
	(1.0342304845413264 0.031339745962155614 0)
	(1.0342304845413264 0.031339745962155614 0.8)
	(1.1715445491468364 0.02917468245269452 0)
	(1.1715445491468364 0.02917468245269452 0.8)
	(1.1840445491468365 0.029174682452694518 0)
	(1.1840445491468365 0.029174682452694518 0.8)
	(1.1827945491468363 0.031339745962155614 0)
	(1.1827945491468363 0.031339745962155614 0.8)
	(1.1727945491468363 0.031339745962155614 0)
	(1.1727945491468363 0.031339745962155614 0.8)
	(1.3101086137523468 0.02917468245269452 0)
	(1.3101086137523468 0.02917468245269452 0.8)
	(1.322608613752347 0.029174682452694518 0)
	(1.322608613752347 0.029174682452694518 0.8)
	(1.3213586137523468 0.031339745962155614 0)
	(1.3213586137523468 0.031339745962155614 0.8)
	(1.3113586137523467 0.031339745962155614 0)
	(1.3113586137523467 0.031339745962155614 0.8)
	(0.06428203230275509 0.04866025403784439 0)
	(0.06428203230275509 0.04866025403784439 0.8)
	(0.0742820323027551 0.04866025403784439 0)
	(0.0742820323027551 0.04866025403784439 0.8)
	(0.0755320323027551 0.05082531754730549 0)
	(0.0755320323027551 0.05082531754730549 0.8)
	(0.0630320323027551 0.05082531754730549 0)
	(0.0630320323027551 0.05082531754730549 0.8)
	(0.20284609690826527 0.04866025403784439 0)
	(0.20284609690826527 0.04866025403784439 0.8)
	(0.21284609690826528 0.04866025403784439 0)
	(0.21284609690826528 0.04866025403784439 0.8)
	(0.21409609690826528 0.05082531754730549 0)
	(0.21409609690826528 0.05082531754730549 0.8)
	(0.20159609690826527 0.05082531754730549 0)
	(0.20159609690826527 0.05082531754730549 0.8)
	(0.34141016151377546 0.04866025403784439 0)
	(0.34141016151377546 0.04866025403784439 0.8)
	(0.35141016151377547 0.04866025403784439 0)
	(0.35141016151377547 0.04866025403784439 0.8)
	(0.35266016151377544 0.05082531754730549 0)
	(0.35266016151377544 0.05082531754730549 0.8)
	(0.3401601615137755 0.05082531754730549 0)
	(0.3401601615137755 0.05082531754730549 0.8)
	(0.47997422611928564 0.04866025403784439 0)
	(0.47997422611928564 0.04866025403784439 0.8)
	(0.48997422611928565 0.04866025403784439 0)
	(0.48997422611928565 0.04866025403784439 0.8)
	(0.4912242261192856 0.05082531754730549 0)
	(0.4912242261192856 0.05082531754730549 0.8)
	(0.47872422611928567 0.05082531754730549 0)
	(0.47872422611928567 0.05082531754730549 0.8)
	(0.6185382907247959 0.04866025403784439 0)
	(0.6185382907247959 0.04866025403784439 0.8)
	(0.628538290724796 0.04866025403784439 0)
	(0.628538290724796 0.04866025403784439 0.8)
	(0.6297882907247959 0.05082531754730549 0)
	(0.6297882907247959 0.05082531754730549 0.8)
	(0.617288290724796 0.05082531754730549 0)
	(0.617288290724796 0.05082531754730549 0.8)
	(0.7571023553303061 0.04866025403784439 0)
	(0.7571023553303061 0.04866025403784439 0.8)
	(0.7671023553303061 0.04866025403784439 0)
	(0.7671023553303061 0.04866025403784439 0.8)
	(0.7683523553303061 0.05082531754730549 0)
	(0.7683523553303061 0.05082531754730549 0.8)
	(0.7558523553303061 0.05082531754730549 0)
	(0.7558523553303061 0.05082531754730549 0.8)
	(0.8956664199358163 0.04866025403784439 0)
	(0.8956664199358163 0.04866025403784439 0.8)
	(0.9056664199358163 0.04866025403784439 0)
	(0.9056664199358163 0.04866025403784439 0.8)
	(0.9069164199358163 0.05082531754730549 0)
	(0.9069164199358163 0.05082531754730549 0.8)
	(0.8944164199358163 0.05082531754730549 0)
	(0.8944164199358163 0.05082531754730549 0.8)
	(1.0342304845413266 0.04866025403784439 0)
	(1.0342304845413266 0.04866025403784439 0.8)
	(1.0442304845413264 0.04866025403784439 0)
	(1.0442304845413264 0.04866025403784439 0.8)
	(1.0454804845413266 0.05082531754730549 0)
	(1.0454804845413266 0.05082531754730549 0.8)
	(1.0329804845413264 0.05082531754730549 0)
	(1.0329804845413264 0.05082531754730549 0.8)
	(1.1727945491468366 0.04866025403784439 0)
	(1.1727945491468366 0.04866025403784439 0.8)
	(1.1827945491468363 0.04866025403784439 0)
	(1.1827945491468363 0.04866025403784439 0.8)
	(1.1840445491468365 0.05082531754730549 0)
	(1.1840445491468365 0.05082531754730549 0.8)
	(1.1715445491468364 0.05082531754730549 0)
	(1.1715445491468364 0.05082531754730549 0.8)
	(1.311358613752347 0.04866025403784439 0)
	(1.311358613752347 0.04866025403784439 0.8)
	(1.3213586137523468 0.04866025403784439 0)
	(1.3213586137523468 0.04866025403784439 0.8)
	(1.322608613752347 0.05082531754730549 0)
	(1.322608613752347 0.05082531754730549 0.8)
	(1.3101086137523468 0.05082531754730549 0)
	(1.3101086137523468 0.05082531754730549 0.8)
	(-0.006250000000000006 0.06917468245269452 0)
	(-0.006250000000000006 0.06917468245269452 0.8)
	(0.006250000000000001 0.06917468245269452 0)
	(0.006250000000000001 0.06917468245269452 0.8)
	(0.005000000000000001 0.07133974596215562 0)
	(0.005000000000000001 0.07133974596215562 0.8)
	(-0.005000000000000006 0.07133974596215562 0)
	(-0.005000000000000006 0.07133974596215562 0.8)
	(0.13231406460551018 0.06917468245269452 0)
	(0.13231406460551018 0.06917468245269452 0.8)
	(0.1448140646055102 0.06917468245269452 0)
	(0.1448140646055102 0.06917468245269452 0.8)
	(0.1435640646055102 0.07133974596215562 0)
	(0.1435640646055102 0.07133974596215562 0.8)
	(0.13356406460551018 0.07133974596215562 0)
	(0.13356406460551018 0.07133974596215562 0.8)
	(0.2708781292110204 0.06917468245269452 0)
	(0.2708781292110204 0.06917468245269452 0.8)
	(0.28337812921102035 0.06917468245269452 0)
	(0.28337812921102035 0.06917468245269452 0.8)
	(0.2821281292110204 0.07133974596215562 0)
	(0.2821281292110204 0.07133974596215562 0.8)
	(0.27212812921102036 0.07133974596215562 0)
	(0.27212812921102036 0.07133974596215562 0.8)
	(0.4094421938165306 0.06917468245269452 0)
	(0.4094421938165306 0.06917468245269452 0.8)
	(0.42194219381653053 0.06917468245269452 0)
	(0.42194219381653053 0.06917468245269452 0.8)
	(0.42069219381653056 0.07133974596215562 0)
	(0.42069219381653056 0.07133974596215562 0.8)
	(0.41069219381653055 0.07133974596215562 0)
	(0.41069219381653055 0.07133974596215562 0.8)
	(0.5480062584220408 0.06917468245269452 0)
	(0.5480062584220408 0.06917468245269452 0.8)
	(0.5605062584220407 0.06917468245269452 0)
	(0.5605062584220407 0.06917468245269452 0.8)
	(0.5592562584220407 0.07133974596215562 0)
	(0.5592562584220407 0.07133974596215562 0.8)
	(0.5492562584220407 0.07133974596215562 0)
	(0.5492562584220407 0.07133974596215562 0.8)
	(0.6865703230275509 0.06917468245269452 0)
	(0.6865703230275509 0.06917468245269452 0.8)
	(0.6990703230275509 0.06917468245269452 0)
	(0.6990703230275509 0.06917468245269452 0.8)
	(0.6978203230275509 0.07133974596215562 0)
	(0.6978203230275509 0.07133974596215562 0.8)
	(0.6878203230275509 0.07133974596215562 0)
	(0.6878203230275509 0.07133974596215562 0.8)
	(0.8251343876330611 0.06917468245269452 0)
	(0.8251343876330611 0.06917468245269452 0.8)
	(0.8376343876330611 0.06917468245269452 0)
	(0.8376343876330611 0.06917468245269452 0.8)
	(0.8363843876330611 0.07133974596215562 0)
	(0.8363843876330611 0.07133974596215562 0.8)
	(0.8263843876330611 0.07133974596215562 0)
	(0.8263843876330611 0.07133974596215562 0.8)
	(0.9636984522385713 0.06917468245269452 0)
	(0.9636984522385713 0.06917468245269452 0.8)
	(0.9761984522385713 0.06917468245269452 0)
	(0.9761984522385713 0.06917468245269452 0.8)
	(0.9749484522385713 0.07133974596215562 0)
	(0.9749484522385713 0.07133974596215562 0.8)
	(0.9649484522385713 0.07133974596215562 0)
	(0.9649484522385713 0.07133974596215562 0.8)
	(1.1022625168440814 0.06917468245269452 0)
	(1.1022625168440814 0.06917468245269452 0.8)
	(1.1147625168440816 0.06917468245269452 0)
	(1.1147625168440816 0.06917468245269452 0.8)
	(1.1135125168440814 0.07133974596215562 0)
	(1.1135125168440814 0.07133974596215562 0.8)
	(1.1035125168440814 0.07133974596215562 0)
	(1.1035125168440814 0.07133974596215562 0.8)
	(1.2408265814495916 0.06917468245269452 0)
	(1.2408265814495916 0.06917468245269452 0.8)
	(1.2533265814495917 0.06917468245269452 0)
	(1.2533265814495917 0.06917468245269452 0.8)
	(1.2520765814495916 0.07133974596215562 0)
	(1.2520765814495916 0.07133974596215562 0.8)
	(1.2420765814495915 0.07133974596215562 0)
	(1.2420765814495915 0.07133974596215562 0.8)
	(-0.005 0.08866025403784439 0)
	(-0.005 0.08866025403784439 0.8)
	(0.005 0.08866025403784439 0)
	(0.005 0.08866025403784439 0.8)
	(0.00625 0.09082531754730548 0)
	(0.00625 0.09082531754730548 0.8)
	(-0.0062499999999999995 0.09082531754730548 0)
	(-0.0062499999999999995 0.09082531754730548 0.8)
	(0.13356406460551018 0.08866025403784439 0)
	(0.13356406460551018 0.08866025403784439 0.8)
	(0.1435640646055102 0.08866025403784439 0)
	(0.1435640646055102 0.08866025403784439 0.8)
	(0.1448140646055102 0.09082531754730548 0)
	(0.1448140646055102 0.09082531754730548 0.8)
	(0.13231406460551018 0.09082531754730548 0)
	(0.13231406460551018 0.09082531754730548 0.8)
	(0.27212812921102036 0.08866025403784439 0)
	(0.27212812921102036 0.08866025403784439 0.8)
	(0.2821281292110204 0.08866025403784439 0)
	(0.2821281292110204 0.08866025403784439 0.8)
	(0.28337812921102035 0.09082531754730548 0)
	(0.28337812921102035 0.09082531754730548 0.8)
	(0.2708781292110204 0.09082531754730548 0)
	(0.2708781292110204 0.09082531754730548 0.8)
	(0.41069219381653055 0.08866025403784439 0)
	(0.41069219381653055 0.08866025403784439 0.8)
	(0.42069219381653056 0.08866025403784439 0)
	(0.42069219381653056 0.08866025403784439 0.8)
	(0.42194219381653053 0.09082531754730548 0)
	(0.42194219381653053 0.09082531754730548 0.8)
	(0.4094421938165306 0.09082531754730548 0)
	(0.4094421938165306 0.09082531754730548 0.8)
	(0.5492562584220407 0.08866025403784439 0)
	(0.5492562584220407 0.08866025403784439 0.8)
	(0.5592562584220407 0.08866025403784439 0)
	(0.5592562584220407 0.08866025403784439 0.8)
	(0.5605062584220407 0.09082531754730548 0)
	(0.5605062584220407 0.09082531754730548 0.8)
	(0.5480062584220408 0.09082531754730548 0)
	(0.5480062584220408 0.09082531754730548 0.8)
	(0.6878203230275509 0.08866025403784439 0)
	(0.6878203230275509 0.08866025403784439 0.8)
	(0.6978203230275509 0.08866025403784439 0)
	(0.6978203230275509 0.08866025403784439 0.8)
	(0.6990703230275509 0.09082531754730548 0)
	(0.6990703230275509 0.09082531754730548 0.8)
	(0.6865703230275509 0.09082531754730548 0)
	(0.6865703230275509 0.09082531754730548 0.8)
	(0.8263843876330611 0.08866025403784439 0)
	(0.8263843876330611 0.08866025403784439 0.8)
	(0.8363843876330611 0.08866025403784439 0)
	(0.8363843876330611 0.08866025403784439 0.8)
	(0.8376343876330611 0.09082531754730548 0)
	(0.8376343876330611 0.09082531754730548 0.8)
	(0.8251343876330611 0.09082531754730548 0)
	(0.8251343876330611 0.09082531754730548 0.8)
	(0.9649484522385713 0.08866025403784439 0)
	(0.9649484522385713 0.08866025403784439 0.8)
	(0.9749484522385713 0.08866025403784439 0)
	(0.9749484522385713 0.08866025403784439 0.8)
	(0.9761984522385713 0.09082531754730548 0)
	(0.9761984522385713 0.09082531754730548 0.8)
	(0.9636984522385713 0.09082531754730548 0)
	(0.9636984522385713 0.09082531754730548 0.8)
	(1.1035125168440816 0.08866025403784439 0)
	(1.1035125168440816 0.08866025403784439 0.8)
	(1.1135125168440814 0.08866025403784439 0)
	(1.1135125168440814 0.08866025403784439 0.8)
	(1.1147625168440816 0.09082531754730548 0)
	(1.1147625168440816 0.09082531754730548 0.8)
	(1.1022625168440814 0.09082531754730548 0)
	(1.1022625168440814 0.09082531754730548 0.8)
	(1.2420765814495918 0.08866025403784439 0)
	(1.2420765814495918 0.08866025403784439 0.8)
	(1.2520765814495916 0.08866025403784439 0)
	(1.2520765814495916 0.08866025403784439 0.8)
	(1.2533265814495917 0.09082531754730548 0)
	(1.2533265814495917 0.09082531754730548 0.8)
	(1.2408265814495916 0.09082531754730548 0)
	(1.2408265814495916 0.09082531754730548 0.8)
	(0.06303203230275509 0.10917468245269452 0)
	(0.06303203230275509 0.10917468245269452 0.8)
	(0.0755320323027551 0.10917468245269452 0)
	(0.0755320323027551 0.10917468245269452 0.8)
	(0.0742820323027551 0.11133974596215561 0)
	(0.0742820323027551 0.11133974596215561 0.8)
	(0.06428203230275509 0.11133974596215561 0)
	(0.06428203230275509 0.11133974596215561 0.8)
	(0.20159609690826527 0.10917468245269452 0)
	(0.20159609690826527 0.10917468245269452 0.8)
	(0.21409609690826528 0.10917468245269452 0)
	(0.21409609690826528 0.10917468245269452 0.8)
	(0.21284609690826528 0.11133974596215561 0)
	(0.21284609690826528 0.11133974596215561 0.8)
	(0.20284609690826527 0.11133974596215561 0)
	(0.20284609690826527 0.11133974596215561 0.8)
	(0.3401601615137755 0.10917468245269452 0)
	(0.3401601615137755 0.10917468245269452 0.8)
	(0.35266016151377544 0.10917468245269452 0)
	(0.35266016151377544 0.10917468245269452 0.8)
	(0.35141016151377547 0.11133974596215561 0)
	(0.35141016151377547 0.11133974596215561 0.8)
	(0.34141016151377546 0.11133974596215561 0)
	(0.34141016151377546 0.11133974596215561 0.8)
	(0.47872422611928567 0.10917468245269452 0)
	(0.47872422611928567 0.10917468245269452 0.8)
	(0.4912242261192856 0.10917468245269452 0)
	(0.4912242261192856 0.10917468245269452 0.8)
	(0.48997422611928565 0.11133974596215561 0)
	(0.48997422611928565 0.11133974596215561 0.8)
	(0.47997422611928564 0.11133974596215561 0)
	(0.47997422611928564 0.11133974596215561 0.8)
	(0.617288290724796 0.10917468245269452 0)
	(0.617288290724796 0.10917468245269452 0.8)
	(0.6297882907247959 0.10917468245269452 0)
	(0.6297882907247959 0.10917468245269452 0.8)
	(0.628538290724796 0.11133974596215561 0)
	(0.628538290724796 0.11133974596215561 0.8)
	(0.6185382907247959 0.11133974596215561 0)
	(0.6185382907247959 0.11133974596215561 0.8)
	(0.7558523553303061 0.10917468245269452 0)
	(0.7558523553303061 0.10917468245269452 0.8)
	(0.7683523553303061 0.10917468245269452 0)
	(0.7683523553303061 0.10917468245269452 0.8)
	(0.7671023553303061 0.11133974596215561 0)
	(0.7671023553303061 0.11133974596215561 0.8)
	(0.7571023553303061 0.11133974596215561 0)
	(0.7571023553303061 0.11133974596215561 0.8)
	(0.8944164199358163 0.10917468245269452 0)
	(0.8944164199358163 0.10917468245269452 0.8)
	(0.9069164199358163 0.10917468245269452 0)
	(0.9069164199358163 0.10917468245269452 0.8)
	(0.9056664199358163 0.11133974596215561 0)
	(0.9056664199358163 0.11133974596215561 0.8)
	(0.8956664199358163 0.11133974596215561 0)
	(0.8956664199358163 0.11133974596215561 0.8)
	(1.0329804845413264 0.10917468245269452 0)
	(1.0329804845413264 0.10917468245269452 0.8)
	(1.0454804845413266 0.10917468245269452 0)
	(1.0454804845413266 0.10917468245269452 0.8)
	(1.0442304845413264 0.11133974596215561 0)
	(1.0442304845413264 0.11133974596215561 0.8)
	(1.0342304845413264 0.11133974596215561 0)
	(1.0342304845413264 0.11133974596215561 0.8)
	(1.1715445491468364 0.10917468245269452 0)
	(1.1715445491468364 0.10917468245269452 0.8)
	(1.1840445491468365 0.10917468245269452 0)
	(1.1840445491468365 0.10917468245269452 0.8)
	(1.1827945491468363 0.11133974596215561 0)
	(1.1827945491468363 0.11133974596215561 0.8)
	(1.1727945491468363 0.11133974596215561 0)
	(1.1727945491468363 0.11133974596215561 0.8)
	(1.3101086137523468 0.10917468245269452 0)
	(1.3101086137523468 0.10917468245269452 0.8)
	(1.322608613752347 0.10917468245269452 0)
	(1.322608613752347 0.10917468245269452 0.8)
	(1.3213586137523468 0.11133974596215561 0)
	(1.3213586137523468 0.11133974596215561 0.8)
	(1.3113586137523467 0.11133974596215561 0)
	(1.3113586137523467 0.11133974596215561 0.8)
	(0.06428203230275509 0.1286602540378444 0)
	(0.06428203230275509 0.1286602540378444 0.8)
	(0.0742820323027551 0.1286602540378444 0)
	(0.0742820323027551 0.1286602540378444 0.8)
	(0.0755320323027551 0.13082531754730548 0)
	(0.0755320323027551 0.13082531754730548 0.8)
	(0.0630320323027551 0.13082531754730548 0)
	(0.0630320323027551 0.13082531754730548 0.8)
	(0.20284609690826527 0.1286602540378444 0)
	(0.20284609690826527 0.1286602540378444 0.8)
	(0.21284609690826528 0.1286602540378444 0)
	(0.21284609690826528 0.1286602540378444 0.8)
	(0.21409609690826528 0.13082531754730548 0)
	(0.21409609690826528 0.13082531754730548 0.8)
	(0.20159609690826527 0.13082531754730548 0)
	(0.20159609690826527 0.13082531754730548 0.8)
	(0.34141016151377546 0.1286602540378444 0)
	(0.34141016151377546 0.1286602540378444 0.8)
	(0.35141016151377547 0.1286602540378444 0)
	(0.35141016151377547 0.1286602540378444 0.8)
	(0.35266016151377544 0.13082531754730548 0)
	(0.35266016151377544 0.13082531754730548 0.8)
	(0.3401601615137755 0.13082531754730548 0)
	(0.3401601615137755 0.13082531754730548 0.8)
	(0.47997422611928564 0.1286602540378444 0)
	(0.47997422611928564 0.1286602540378444 0.8)
	(0.48997422611928565 0.1286602540378444 0)
	(0.48997422611928565 0.1286602540378444 0.8)
	(0.4912242261192856 0.13082531754730548 0)
	(0.4912242261192856 0.13082531754730548 0.8)
	(0.47872422611928567 0.13082531754730548 0)
	(0.47872422611928567 0.13082531754730548 0.8)
	(0.6185382907247959 0.1286602540378444 0)
	(0.6185382907247959 0.1286602540378444 0.8)
	(0.628538290724796 0.1286602540378444 0)
	(0.628538290724796 0.1286602540378444 0.8)
	(0.6297882907247959 0.13082531754730548 0)
	(0.6297882907247959 0.13082531754730548 0.8)
	(0.617288290724796 0.13082531754730548 0)
	(0.617288290724796 0.13082531754730548 0.8)
	(0.7571023553303061 0.1286602540378444 0)
	(0.7571023553303061 0.1286602540378444 0.8)
	(0.7671023553303061 0.1286602540378444 0)
	(0.7671023553303061 0.1286602540378444 0.8)
	(0.7683523553303061 0.13082531754730548 0)
	(0.7683523553303061 0.13082531754730548 0.8)
	(0.7558523553303061 0.13082531754730548 0)
	(0.7558523553303061 0.13082531754730548 0.8)
	(0.8956664199358163 0.1286602540378444 0)
	(0.8956664199358163 0.1286602540378444 0.8)
	(0.9056664199358163 0.1286602540378444 0)
	(0.9056664199358163 0.1286602540378444 0.8)
	(0.9069164199358163 0.13082531754730548 0)
	(0.9069164199358163 0.13082531754730548 0.8)
	(0.8944164199358163 0.13082531754730548 0)
	(0.8944164199358163 0.13082531754730548 0.8)
	(1.0342304845413266 0.1286602540378444 0)
	(1.0342304845413266 0.1286602540378444 0.8)
	(1.0442304845413264 0.1286602540378444 0)
	(1.0442304845413264 0.1286602540378444 0.8)
	(1.0454804845413266 0.13082531754730548 0)
	(1.0454804845413266 0.13082531754730548 0.8)
	(1.0329804845413264 0.13082531754730548 0)
	(1.0329804845413264 0.13082531754730548 0.8)
	(1.1727945491468366 0.1286602540378444 0)
	(1.1727945491468366 0.1286602540378444 0.8)
	(1.1827945491468363 0.1286602540378444 0)
	(1.1827945491468363 0.1286602540378444 0.8)
	(1.1840445491468365 0.13082531754730548 0)
	(1.1840445491468365 0.13082531754730548 0.8)
	(1.1715445491468364 0.13082531754730548 0)
	(1.1715445491468364 0.13082531754730548 0.8)
	(1.311358613752347 0.1286602540378444 0)
	(1.311358613752347 0.1286602540378444 0.8)
	(1.3213586137523468 0.1286602540378444 0)
	(1.3213586137523468 0.1286602540378444 0.8)
	(1.322608613752347 0.13082531754730548 0)
	(1.322608613752347 0.13082531754730548 0.8)
	(1.3101086137523468 0.13082531754730548 0)
	(1.3101086137523468 0.13082531754730548 0.8)
	(-0.006250000000000006 0.14917468245269452 0)
	(-0.006250000000000006 0.14917468245269452 0.8)
	(0.006250000000000001 0.14917468245269452 0)
	(0.006250000000000001 0.14917468245269452 0.8)
	(0.005000000000000001 0.1513397459621556 0)
	(0.005000000000000001 0.1513397459621556 0.8)
	(-0.005000000000000006 0.15133974596215563 0)
	(-0.005000000000000006 0.15133974596215563 0.8)
	(0.13231406460551018 0.14917468245269452 0)
	(0.13231406460551018 0.14917468245269452 0.8)
	(0.1448140646055102 0.14917468245269452 0)
	(0.1448140646055102 0.14917468245269452 0.8)
	(0.1435640646055102 0.1513397459621556 0)
	(0.1435640646055102 0.1513397459621556 0.8)
	(0.13356406460551018 0.15133974596215563 0)
	(0.13356406460551018 0.15133974596215563 0.8)
	(0.2708781292110204 0.14917468245269452 0)
	(0.2708781292110204 0.14917468245269452 0.8)
	(0.28337812921102035 0.14917468245269452 0)
	(0.28337812921102035 0.14917468245269452 0.8)
	(0.2821281292110204 0.1513397459621556 0)
	(0.2821281292110204 0.1513397459621556 0.8)
	(0.27212812921102036 0.15133974596215563 0)
	(0.27212812921102036 0.15133974596215563 0.8)
	(0.4094421938165306 0.14917468245269452 0)
	(0.4094421938165306 0.14917468245269452 0.8)
	(0.42194219381653053 0.14917468245269452 0)
	(0.42194219381653053 0.14917468245269452 0.8)
	(0.42069219381653056 0.1513397459621556 0)
	(0.42069219381653056 0.1513397459621556 0.8)
	(0.41069219381653055 0.15133974596215563 0)
	(0.41069219381653055 0.15133974596215563 0.8)
	(0.5480062584220408 0.14917468245269452 0)
	(0.5480062584220408 0.14917468245269452 0.8)
	(0.5605062584220407 0.14917468245269452 0)
	(0.5605062584220407 0.14917468245269452 0.8)
	(0.5592562584220407 0.1513397459621556 0)
	(0.5592562584220407 0.1513397459621556 0.8)
	(0.5492562584220407 0.15133974596215563 0)
	(0.5492562584220407 0.15133974596215563 0.8)
	(0.6865703230275509 0.14917468245269452 0)
	(0.6865703230275509 0.14917468245269452 0.8)
	(0.6990703230275509 0.14917468245269452 0)
	(0.6990703230275509 0.14917468245269452 0.8)
	(0.6978203230275509 0.1513397459621556 0)
	(0.6978203230275509 0.1513397459621556 0.8)
	(0.6878203230275509 0.15133974596215563 0)
	(0.6878203230275509 0.15133974596215563 0.8)
	(0.8251343876330611 0.14917468245269452 0)
	(0.8251343876330611 0.14917468245269452 0.8)
	(0.8376343876330611 0.14917468245269452 0)
	(0.8376343876330611 0.14917468245269452 0.8)
	(0.8363843876330611 0.1513397459621556 0)
	(0.8363843876330611 0.1513397459621556 0.8)
	(0.8263843876330611 0.15133974596215563 0)
	(0.8263843876330611 0.15133974596215563 0.8)
	(0.9636984522385713 0.14917468245269452 0)
	(0.9636984522385713 0.14917468245269452 0.8)
	(0.9761984522385713 0.14917468245269452 0)
	(0.9761984522385713 0.14917468245269452 0.8)
	(0.9749484522385713 0.1513397459621556 0)
	(0.9749484522385713 0.1513397459621556 0.8)
	(0.9649484522385713 0.15133974596215563 0)
	(0.9649484522385713 0.15133974596215563 0.8)
	(1.1022625168440814 0.14917468245269452 0)
	(1.1022625168440814 0.14917468245269452 0.8)
	(1.1147625168440816 0.14917468245269452 0)
	(1.1147625168440816 0.14917468245269452 0.8)
	(1.1135125168440814 0.1513397459621556 0)
	(1.1135125168440814 0.1513397459621556 0.8)
	(1.1035125168440814 0.15133974596215563 0)
	(1.1035125168440814 0.15133974596215563 0.8)
	(1.2408265814495916 0.14917468245269452 0)
	(1.2408265814495916 0.14917468245269452 0.8)
	(1.2533265814495917 0.14917468245269452 0)
	(1.2533265814495917 0.14917468245269452 0.8)
	(1.2520765814495916 0.1513397459621556 0)
	(1.2520765814495916 0.1513397459621556 0.8)
	(1.2420765814495915 0.15133974596215563 0)
	(1.2420765814495915 0.15133974596215563 0.8)
	(-0.005 0.1686602540378444 0)
	(-0.005 0.1686602540378444 0.8)
	(0.005 0.1686602540378444 0)
	(0.005 0.1686602540378444 0.8)
	(0.00625 0.17082531754730548 0)
	(0.00625 0.17082531754730548 0.8)
	(-0.0062499999999999995 0.17082531754730548 0)
	(-0.0062499999999999995 0.17082531754730548 0.8)
	(0.13356406460551018 0.1686602540378444 0)
	(0.13356406460551018 0.1686602540378444 0.8)
	(0.1435640646055102 0.1686602540378444 0)
	(0.1435640646055102 0.1686602540378444 0.8)
	(0.1448140646055102 0.17082531754730548 0)
	(0.1448140646055102 0.17082531754730548 0.8)
	(0.13231406460551018 0.17082531754730548 0)
	(0.13231406460551018 0.17082531754730548 0.8)
	(0.27212812921102036 0.1686602540378444 0)
	(0.27212812921102036 0.1686602540378444 0.8)
	(0.2821281292110204 0.1686602540378444 0)
	(0.2821281292110204 0.1686602540378444 0.8)
	(0.28337812921102035 0.17082531754730548 0)
	(0.28337812921102035 0.17082531754730548 0.8)
	(0.2708781292110204 0.17082531754730548 0)
	(0.2708781292110204 0.17082531754730548 0.8)
	(0.41069219381653055 0.1686602540378444 0)
	(0.41069219381653055 0.1686602540378444 0.8)
	(0.42069219381653056 0.1686602540378444 0)
	(0.42069219381653056 0.1686602540378444 0.8)
	(0.42194219381653053 0.17082531754730548 0)
	(0.42194219381653053 0.17082531754730548 0.8)
	(0.4094421938165306 0.17082531754730548 0)
	(0.4094421938165306 0.17082531754730548 0.8)
	(0.5492562584220407 0.1686602540378444 0)
	(0.5492562584220407 0.1686602540378444 0.8)
	(0.5592562584220407 0.1686602540378444 0)
	(0.5592562584220407 0.1686602540378444 0.8)
	(0.5605062584220407 0.17082531754730548 0)
	(0.5605062584220407 0.17082531754730548 0.8)
	(0.5480062584220408 0.17082531754730548 0)
	(0.5480062584220408 0.17082531754730548 0.8)
	(0.6878203230275509 0.1686602540378444 0)
	(0.6878203230275509 0.1686602540378444 0.8)
	(0.6978203230275509 0.1686602540378444 0)
	(0.6978203230275509 0.1686602540378444 0.8)
	(0.6990703230275509 0.17082531754730548 0)
	(0.6990703230275509 0.17082531754730548 0.8)
	(0.6865703230275509 0.17082531754730548 0)
	(0.6865703230275509 0.17082531754730548 0.8)
	(0.8263843876330611 0.1686602540378444 0)
	(0.8263843876330611 0.1686602540378444 0.8)
	(0.8363843876330611 0.1686602540378444 0)
	(0.8363843876330611 0.1686602540378444 0.8)
	(0.8376343876330611 0.17082531754730548 0)
	(0.8376343876330611 0.17082531754730548 0.8)
	(0.8251343876330611 0.17082531754730548 0)
	(0.8251343876330611 0.17082531754730548 0.8)
	(0.9649484522385713 0.1686602540378444 0)
	(0.9649484522385713 0.1686602540378444 0.8)
	(0.9749484522385713 0.1686602540378444 0)
	(0.9749484522385713 0.1686602540378444 0.8)
	(0.9761984522385713 0.17082531754730548 0)
	(0.9761984522385713 0.17082531754730548 0.8)
	(0.9636984522385713 0.17082531754730548 0)
	(0.9636984522385713 0.17082531754730548 0.8)
	(1.1035125168440816 0.1686602540378444 0)
	(1.1035125168440816 0.1686602540378444 0.8)
	(1.1135125168440814 0.1686602540378444 0)
	(1.1135125168440814 0.1686602540378444 0.8)
	(1.1147625168440816 0.17082531754730548 0)
	(1.1147625168440816 0.17082531754730548 0.8)
	(1.1022625168440814 0.17082531754730548 0)
	(1.1022625168440814 0.17082531754730548 0.8)
	(1.2420765814495918 0.1686602540378444 0)
	(1.2420765814495918 0.1686602540378444 0.8)
	(1.2520765814495916 0.1686602540378444 0)
	(1.2520765814495916 0.1686602540378444 0.8)
	(1.2533265814495917 0.17082531754730548 0)
	(1.2533265814495917 0.17082531754730548 0.8)
	(1.2408265814495916 0.17082531754730548 0)
	(1.2408265814495916 0.17082531754730548 0.8)
	(0.06303203230275509 0.18917468245269453 0)
	(0.06303203230275509 0.18917468245269453 0.8)
	(0.0755320323027551 0.18917468245269453 0)
	(0.0755320323027551 0.18917468245269453 0.8)
	(0.0742820323027551 0.1913397459621556 0)
	(0.0742820323027551 0.1913397459621556 0.8)
	(0.06428203230275509 0.19133974596215564 0)
	(0.06428203230275509 0.19133974596215564 0.8)
	(0.20159609690826527 0.18917468245269453 0)
	(0.20159609690826527 0.18917468245269453 0.8)
	(0.21409609690826528 0.18917468245269453 0)
	(0.21409609690826528 0.18917468245269453 0.8)
	(0.21284609690826528 0.1913397459621556 0)
	(0.21284609690826528 0.1913397459621556 0.8)
	(0.20284609690826527 0.19133974596215564 0)
	(0.20284609690826527 0.19133974596215564 0.8)
	(0.3401601615137755 0.18917468245269453 0)
	(0.3401601615137755 0.18917468245269453 0.8)
	(0.35266016151377544 0.18917468245269453 0)
	(0.35266016151377544 0.18917468245269453 0.8)
	(0.35141016151377547 0.1913397459621556 0)
	(0.35141016151377547 0.1913397459621556 0.8)
	(0.34141016151377546 0.19133974596215564 0)
	(0.34141016151377546 0.19133974596215564 0.8)
	(0.47872422611928567 0.18917468245269453 0)
	(0.47872422611928567 0.18917468245269453 0.8)
	(0.4912242261192856 0.18917468245269453 0)
	(0.4912242261192856 0.18917468245269453 0.8)
	(0.48997422611928565 0.1913397459621556 0)
	(0.48997422611928565 0.1913397459621556 0.8)
	(0.47997422611928564 0.19133974596215564 0)
	(0.47997422611928564 0.19133974596215564 0.8)
	(0.617288290724796 0.18917468245269453 0)
	(0.617288290724796 0.18917468245269453 0.8)
	(0.6297882907247959 0.18917468245269453 0)
	(0.6297882907247959 0.18917468245269453 0.8)
	(0.628538290724796 0.1913397459621556 0)
	(0.628538290724796 0.1913397459621556 0.8)
	(0.6185382907247959 0.19133974596215564 0)
	(0.6185382907247959 0.19133974596215564 0.8)
	(0.7558523553303061 0.18917468245269453 0)
	(0.7558523553303061 0.18917468245269453 0.8)
	(0.7683523553303061 0.18917468245269453 0)
	(0.7683523553303061 0.18917468245269453 0.8)
	(0.7671023553303061 0.1913397459621556 0)
	(0.7671023553303061 0.1913397459621556 0.8)
	(0.7571023553303061 0.19133974596215564 0)
	(0.7571023553303061 0.19133974596215564 0.8)
	(0.8944164199358163 0.18917468245269453 0)
	(0.8944164199358163 0.18917468245269453 0.8)
	(0.9069164199358163 0.18917468245269453 0)
	(0.9069164199358163 0.18917468245269453 0.8)
	(0.9056664199358163 0.1913397459621556 0)
	(0.9056664199358163 0.1913397459621556 0.8)
	(0.8956664199358163 0.19133974596215564 0)
	(0.8956664199358163 0.19133974596215564 0.8)
	(1.0329804845413264 0.18917468245269453 0)
	(1.0329804845413264 0.18917468245269453 0.8)
	(1.0454804845413266 0.18917468245269453 0)
	(1.0454804845413266 0.18917468245269453 0.8)
	(1.0442304845413264 0.1913397459621556 0)
	(1.0442304845413264 0.1913397459621556 0.8)
	(1.0342304845413264 0.19133974596215564 0)
	(1.0342304845413264 0.19133974596215564 0.8)
	(1.1715445491468364 0.18917468245269453 0)
	(1.1715445491468364 0.18917468245269453 0.8)
	(1.1840445491468365 0.18917468245269453 0)
	(1.1840445491468365 0.18917468245269453 0.8)
	(1.1827945491468363 0.1913397459621556 0)
	(1.1827945491468363 0.1913397459621556 0.8)
	(1.1727945491468363 0.19133974596215564 0)
	(1.1727945491468363 0.19133974596215564 0.8)
	(1.3101086137523468 0.18917468245269453 0)
	(1.3101086137523468 0.18917468245269453 0.8)
	(1.322608613752347 0.18917468245269453 0)
	(1.322608613752347 0.18917468245269453 0.8)
	(1.3213586137523468 0.1913397459621556 0)
	(1.3213586137523468 0.1913397459621556 0.8)
	(1.3113586137523467 0.19133974596215564 0)
	(1.3113586137523467 0.19133974596215564 0.8)
	(0.06428203230275509 0.2086602540378444 0)
	(0.06428203230275509 0.2086602540378444 0.8)
	(0.0742820323027551 0.2086602540378444 0)
	(0.0742820323027551 0.2086602540378444 0.8)
	(0.0755320323027551 0.2108253175473055 0)
	(0.0755320323027551 0.2108253175473055 0.8)
	(0.0630320323027551 0.2108253175473055 0)
	(0.0630320323027551 0.2108253175473055 0.8)
	(0.20284609690826527 0.2086602540378444 0)
	(0.20284609690826527 0.2086602540378444 0.8)
	(0.21284609690826528 0.2086602540378444 0)
	(0.21284609690826528 0.2086602540378444 0.8)
	(0.21409609690826528 0.2108253175473055 0)
	(0.21409609690826528 0.2108253175473055 0.8)
	(0.20159609690826527 0.2108253175473055 0)
	(0.20159609690826527 0.2108253175473055 0.8)
	(0.34141016151377546 0.2086602540378444 0)
	(0.34141016151377546 0.2086602540378444 0.8)
	(0.35141016151377547 0.2086602540378444 0)
	(0.35141016151377547 0.2086602540378444 0.8)
	(0.35266016151377544 0.2108253175473055 0)
	(0.35266016151377544 0.2108253175473055 0.8)
	(0.3401601615137755 0.2108253175473055 0)
	(0.3401601615137755 0.2108253175473055 0.8)
	(0.47997422611928564 0.2086602540378444 0)
	(0.47997422611928564 0.2086602540378444 0.8)
	(0.48997422611928565 0.2086602540378444 0)
	(0.48997422611928565 0.2086602540378444 0.8)
	(0.4912242261192856 0.2108253175473055 0)
	(0.4912242261192856 0.2108253175473055 0.8)
	(0.47872422611928567 0.2108253175473055 0)
	(0.47872422611928567 0.2108253175473055 0.8)
	(0.6185382907247959 0.2086602540378444 0)
	(0.6185382907247959 0.2086602540378444 0.8)
	(0.628538290724796 0.2086602540378444 0)
	(0.628538290724796 0.2086602540378444 0.8)
	(0.6297882907247959 0.2108253175473055 0)
	(0.6297882907247959 0.2108253175473055 0.8)
	(0.617288290724796 0.2108253175473055 0)
	(0.617288290724796 0.2108253175473055 0.8)
	(0.7571023553303061 0.2086602540378444 0)
	(0.7571023553303061 0.2086602540378444 0.8)
	(0.7671023553303061 0.2086602540378444 0)
	(0.7671023553303061 0.2086602540378444 0.8)
	(0.7683523553303061 0.2108253175473055 0)
	(0.7683523553303061 0.2108253175473055 0.8)
	(0.7558523553303061 0.2108253175473055 0)
	(0.7558523553303061 0.2108253175473055 0.8)
	(0.8956664199358163 0.2086602540378444 0)
	(0.8956664199358163 0.2086602540378444 0.8)
	(0.9056664199358163 0.2086602540378444 0)
	(0.9056664199358163 0.2086602540378444 0.8)
	(0.9069164199358163 0.2108253175473055 0)
	(0.9069164199358163 0.2108253175473055 0.8)
	(0.8944164199358163 0.2108253175473055 0)
	(0.8944164199358163 0.2108253175473055 0.8)
	(1.0342304845413266 0.2086602540378444 0)
	(1.0342304845413266 0.2086602540378444 0.8)
	(1.0442304845413264 0.2086602540378444 0)
	(1.0442304845413264 0.2086602540378444 0.8)
	(1.0454804845413266 0.2108253175473055 0)
	(1.0454804845413266 0.2108253175473055 0.8)
	(1.0329804845413264 0.2108253175473055 0)
	(1.0329804845413264 0.2108253175473055 0.8)
	(1.1727945491468366 0.2086602540378444 0)
	(1.1727945491468366 0.2086602540378444 0.8)
	(1.1827945491468363 0.2086602540378444 0)
	(1.1827945491468363 0.2086602540378444 0.8)
	(1.1840445491468365 0.2108253175473055 0)
	(1.1840445491468365 0.2108253175473055 0.8)
	(1.1715445491468364 0.2108253175473055 0)
	(1.1715445491468364 0.2108253175473055 0.8)
	(1.311358613752347 0.2086602540378444 0)
	(1.311358613752347 0.2086602540378444 0.8)
	(1.3213586137523468 0.2086602540378444 0)
	(1.3213586137523468 0.2086602540378444 0.8)
	(1.322608613752347 0.2108253175473055 0)
	(1.322608613752347 0.2108253175473055 0.8)
	(1.3101086137523468 0.2108253175473055 0)
	(1.3101086137523468 0.2108253175473055 0.8)
	(-0.006250000000000006 0.2291746824526945 0)
	(-0.006250000000000006 0.2291746824526945 0.8)
	(0.006250000000000001 0.2291746824526945 0)
	(0.006250000000000001 0.2291746824526945 0.8)
	(0.005000000000000001 0.2313397459621556 0)
	(0.005000000000000001 0.2313397459621556 0.8)
	(-0.005000000000000006 0.23133974596215562 0)
	(-0.005000000000000006 0.23133974596215562 0.8)
	(0.13231406460551018 0.2291746824526945 0)
	(0.13231406460551018 0.2291746824526945 0.8)
	(0.1448140646055102 0.2291746824526945 0)
	(0.1448140646055102 0.2291746824526945 0.8)
	(0.1435640646055102 0.2313397459621556 0)
	(0.1435640646055102 0.2313397459621556 0.8)
	(0.13356406460551018 0.23133974596215562 0)
	(0.13356406460551018 0.23133974596215562 0.8)
	(0.2708781292110204 0.2291746824526945 0)
	(0.2708781292110204 0.2291746824526945 0.8)
	(0.28337812921102035 0.2291746824526945 0)
	(0.28337812921102035 0.2291746824526945 0.8)
	(0.2821281292110204 0.2313397459621556 0)
	(0.2821281292110204 0.2313397459621556 0.8)
	(0.27212812921102036 0.23133974596215562 0)
	(0.27212812921102036 0.23133974596215562 0.8)
	(0.4094421938165306 0.2291746824526945 0)
	(0.4094421938165306 0.2291746824526945 0.8)
	(0.42194219381653053 0.2291746824526945 0)
	(0.42194219381653053 0.2291746824526945 0.8)
	(0.42069219381653056 0.2313397459621556 0)
	(0.42069219381653056 0.2313397459621556 0.8)
	(0.41069219381653055 0.23133974596215562 0)
	(0.41069219381653055 0.23133974596215562 0.8)
	(0.5480062584220408 0.2291746824526945 0)
	(0.5480062584220408 0.2291746824526945 0.8)
	(0.5605062584220407 0.2291746824526945 0)
	(0.5605062584220407 0.2291746824526945 0.8)
	(0.5592562584220407 0.2313397459621556 0)
	(0.5592562584220407 0.2313397459621556 0.8)
	(0.5492562584220407 0.23133974596215562 0)
	(0.5492562584220407 0.23133974596215562 0.8)
	(0.6865703230275509 0.2291746824526945 0)
	(0.6865703230275509 0.2291746824526945 0.8)
	(0.6990703230275509 0.2291746824526945 0)
	(0.6990703230275509 0.2291746824526945 0.8)
	(0.6978203230275509 0.2313397459621556 0)
	(0.6978203230275509 0.2313397459621556 0.8)
	(0.6878203230275509 0.23133974596215562 0)
	(0.6878203230275509 0.23133974596215562 0.8)
	(0.8251343876330611 0.2291746824526945 0)
	(0.8251343876330611 0.2291746824526945 0.8)
	(0.8376343876330611 0.2291746824526945 0)
	(0.8376343876330611 0.2291746824526945 0.8)
	(0.8363843876330611 0.2313397459621556 0)
	(0.8363843876330611 0.2313397459621556 0.8)
	(0.8263843876330611 0.23133974596215562 0)
	(0.8263843876330611 0.23133974596215562 0.8)
	(0.9636984522385713 0.2291746824526945 0)
	(0.9636984522385713 0.2291746824526945 0.8)
	(0.9761984522385713 0.2291746824526945 0)
	(0.9761984522385713 0.2291746824526945 0.8)
	(0.9749484522385713 0.2313397459621556 0)
	(0.9749484522385713 0.2313397459621556 0.8)
	(0.9649484522385713 0.23133974596215562 0)
	(0.9649484522385713 0.23133974596215562 0.8)
	(1.1022625168440814 0.2291746824526945 0)
	(1.1022625168440814 0.2291746824526945 0.8)
	(1.1147625168440816 0.2291746824526945 0)
	(1.1147625168440816 0.2291746824526945 0.8)
	(1.1135125168440814 0.2313397459621556 0)
	(1.1135125168440814 0.2313397459621556 0.8)
	(1.1035125168440814 0.23133974596215562 0)
	(1.1035125168440814 0.23133974596215562 0.8)
	(1.2408265814495916 0.2291746824526945 0)
	(1.2408265814495916 0.2291746824526945 0.8)
	(1.2533265814495917 0.2291746824526945 0)
	(1.2533265814495917 0.2291746824526945 0.8)
	(1.2520765814495916 0.2313397459621556 0)
	(1.2520765814495916 0.2313397459621556 0.8)
	(1.2420765814495915 0.23133974596215562 0)
	(1.2420765814495915 0.23133974596215562 0.8)
	(-0.005 0.2486602540378444 0)
	(-0.005 0.2486602540378444 0.8)
	(0.005 0.2486602540378444 0)
	(0.005 0.2486602540378444 0.8)
	(0.00625 0.25082531754730547 0)
	(0.00625 0.25082531754730547 0.8)
	(-0.0062499999999999995 0.25082531754730547 0)
	(-0.0062499999999999995 0.25082531754730547 0.8)
	(0.13356406460551018 0.2486602540378444 0)
	(0.13356406460551018 0.2486602540378444 0.8)
	(0.1435640646055102 0.2486602540378444 0)
	(0.1435640646055102 0.2486602540378444 0.8)
	(0.1448140646055102 0.25082531754730547 0)
	(0.1448140646055102 0.25082531754730547 0.8)
	(0.13231406460551018 0.25082531754730547 0)
	(0.13231406460551018 0.25082531754730547 0.8)
	(0.27212812921102036 0.2486602540378444 0)
	(0.27212812921102036 0.2486602540378444 0.8)
	(0.2821281292110204 0.2486602540378444 0)
	(0.2821281292110204 0.2486602540378444 0.8)
	(0.28337812921102035 0.25082531754730547 0)
	(0.28337812921102035 0.25082531754730547 0.8)
	(0.2708781292110204 0.25082531754730547 0)
	(0.2708781292110204 0.25082531754730547 0.8)
	(0.41069219381653055 0.2486602540378444 0)
	(0.41069219381653055 0.2486602540378444 0.8)
	(0.42069219381653056 0.2486602540378444 0)
	(0.42069219381653056 0.2486602540378444 0.8)
	(0.42194219381653053 0.25082531754730547 0)
	(0.42194219381653053 0.25082531754730547 0.8)
	(0.4094421938165306 0.25082531754730547 0)
	(0.4094421938165306 0.25082531754730547 0.8)
	(0.5492562584220407 0.2486602540378444 0)
	(0.5492562584220407 0.2486602540378444 0.8)
	(0.5592562584220407 0.2486602540378444 0)
	(0.5592562584220407 0.2486602540378444 0.8)
	(0.5605062584220407 0.25082531754730547 0)
	(0.5605062584220407 0.25082531754730547 0.8)
	(0.5480062584220408 0.25082531754730547 0)
	(0.5480062584220408 0.25082531754730547 0.8)
	(0.6878203230275509 0.2486602540378444 0)
	(0.6878203230275509 0.2486602540378444 0.8)
	(0.6978203230275509 0.2486602540378444 0)
	(0.6978203230275509 0.2486602540378444 0.8)
	(0.6990703230275509 0.25082531754730547 0)
	(0.6990703230275509 0.25082531754730547 0.8)
	(0.6865703230275509 0.25082531754730547 0)
	(0.6865703230275509 0.25082531754730547 0.8)
	(0.8263843876330611 0.2486602540378444 0)
	(0.8263843876330611 0.2486602540378444 0.8)
	(0.8363843876330611 0.2486602540378444 0)
	(0.8363843876330611 0.2486602540378444 0.8)
	(0.8376343876330611 0.25082531754730547 0)
	(0.8376343876330611 0.25082531754730547 0.8)
	(0.8251343876330611 0.25082531754730547 0)
	(0.8251343876330611 0.25082531754730547 0.8)
	(0.9649484522385713 0.2486602540378444 0)
	(0.9649484522385713 0.2486602540378444 0.8)
	(0.9749484522385713 0.2486602540378444 0)
	(0.9749484522385713 0.2486602540378444 0.8)
	(0.9761984522385713 0.25082531754730547 0)
	(0.9761984522385713 0.25082531754730547 0.8)
	(0.9636984522385713 0.25082531754730547 0)
	(0.9636984522385713 0.25082531754730547 0.8)
	(1.1035125168440816 0.2486602540378444 0)
	(1.1035125168440816 0.2486602540378444 0.8)
	(1.1135125168440814 0.2486602540378444 0)
	(1.1135125168440814 0.2486602540378444 0.8)
	(1.1147625168440816 0.25082531754730547 0)
	(1.1147625168440816 0.25082531754730547 0.8)
	(1.1022625168440814 0.25082531754730547 0)
	(1.1022625168440814 0.25082531754730547 0.8)
	(1.2420765814495918 0.2486602540378444 0)
	(1.2420765814495918 0.2486602540378444 0.8)
	(1.2520765814495916 0.2486602540378444 0)
	(1.2520765814495916 0.2486602540378444 0.8)
	(1.2533265814495917 0.25082531754730547 0)
	(1.2533265814495917 0.25082531754730547 0.8)
	(1.2408265814495916 0.25082531754730547 0)
	(1.2408265814495916 0.25082531754730547 0.8)
	(0.06303203230275509 0.26917468245269455 0)
	(0.06303203230275509 0.26917468245269455 0.8)
	(0.0755320323027551 0.26917468245269455 0)
	(0.0755320323027551 0.26917468245269455 0.8)
	(0.0742820323027551 0.27133974596215565 0)
	(0.0742820323027551 0.27133974596215565 0.8)
	(0.06428203230275509 0.27133974596215565 0)
	(0.06428203230275509 0.27133974596215565 0.8)
	(0.20159609690826527 0.26917468245269455 0)
	(0.20159609690826527 0.26917468245269455 0.8)
	(0.21409609690826528 0.26917468245269455 0)
	(0.21409609690826528 0.26917468245269455 0.8)
	(0.21284609690826528 0.27133974596215565 0)
	(0.21284609690826528 0.27133974596215565 0.8)
	(0.20284609690826527 0.27133974596215565 0)
	(0.20284609690826527 0.27133974596215565 0.8)
	(0.3401601615137755 0.26917468245269455 0)
	(0.3401601615137755 0.26917468245269455 0.8)
	(0.35266016151377544 0.26917468245269455 0)
	(0.35266016151377544 0.26917468245269455 0.8)
	(0.35141016151377547 0.27133974596215565 0)
	(0.35141016151377547 0.27133974596215565 0.8)
	(0.34141016151377546 0.27133974596215565 0)
	(0.34141016151377546 0.27133974596215565 0.8)
	(0.47872422611928567 0.26917468245269455 0)
	(0.47872422611928567 0.26917468245269455 0.8)
	(0.4912242261192856 0.26917468245269455 0)
	(0.4912242261192856 0.26917468245269455 0.8)
	(0.48997422611928565 0.27133974596215565 0)
	(0.48997422611928565 0.27133974596215565 0.8)
	(0.47997422611928564 0.27133974596215565 0)
	(0.47997422611928564 0.27133974596215565 0.8)
	(0.617288290724796 0.26917468245269455 0)
	(0.617288290724796 0.26917468245269455 0.8)
	(0.6297882907247959 0.26917468245269455 0)
	(0.6297882907247959 0.26917468245269455 0.8)
	(0.628538290724796 0.27133974596215565 0)
	(0.628538290724796 0.27133974596215565 0.8)
	(0.6185382907247959 0.27133974596215565 0)
	(0.6185382907247959 0.27133974596215565 0.8)
	(0.7558523553303061 0.26917468245269455 0)
	(0.7558523553303061 0.26917468245269455 0.8)
	(0.7683523553303061 0.26917468245269455 0)
	(0.7683523553303061 0.26917468245269455 0.8)
	(0.7671023553303061 0.27133974596215565 0)
	(0.7671023553303061 0.27133974596215565 0.8)
	(0.7571023553303061 0.27133974596215565 0)
	(0.7571023553303061 0.27133974596215565 0.8)
	(0.8944164199358163 0.26917468245269455 0)
	(0.8944164199358163 0.26917468245269455 0.8)
	(0.9069164199358163 0.26917468245269455 0)
	(0.9069164199358163 0.26917468245269455 0.8)
	(0.9056664199358163 0.27133974596215565 0)
	(0.9056664199358163 0.27133974596215565 0.8)
	(0.8956664199358163 0.27133974596215565 0)
	(0.8956664199358163 0.27133974596215565 0.8)
	(1.0329804845413264 0.26917468245269455 0)
	(1.0329804845413264 0.26917468245269455 0.8)
	(1.0454804845413266 0.26917468245269455 0)
	(1.0454804845413266 0.26917468245269455 0.8)
	(1.0442304845413264 0.27133974596215565 0)
	(1.0442304845413264 0.27133974596215565 0.8)
	(1.0342304845413264 0.27133974596215565 0)
	(1.0342304845413264 0.27133974596215565 0.8)
	(1.1715445491468364 0.26917468245269455 0)
	(1.1715445491468364 0.26917468245269455 0.8)
	(1.1840445491468365 0.26917468245269455 0)
	(1.1840445491468365 0.26917468245269455 0.8)
	(1.1827945491468363 0.27133974596215565 0)
	(1.1827945491468363 0.27133974596215565 0.8)
	(1.1727945491468363 0.27133974596215565 0)
	(1.1727945491468363 0.27133974596215565 0.8)
	(1.3101086137523468 0.26917468245269455 0)
	(1.3101086137523468 0.26917468245269455 0.8)
	(1.322608613752347 0.26917468245269455 0)
	(1.322608613752347 0.26917468245269455 0.8)
	(1.3213586137523468 0.27133974596215565 0)
	(1.3213586137523468 0.27133974596215565 0.8)
	(1.3113586137523467 0.27133974596215565 0)
	(1.3113586137523467 0.27133974596215565 0.8)
	(0.06428203230275509 0.2886602540378444 0)
	(0.06428203230275509 0.2886602540378444 0.8)
	(0.0742820323027551 0.2886602540378444 0)
	(0.0742820323027551 0.2886602540378444 0.8)
	(0.0755320323027551 0.2908253175473055 0)
	(0.0755320323027551 0.2908253175473055 0.8)
	(0.0630320323027551 0.2908253175473055 0)
	(0.0630320323027551 0.2908253175473055 0.8)
	(0.20284609690826527 0.2886602540378444 0)
	(0.20284609690826527 0.2886602540378444 0.8)
	(0.21284609690826528 0.2886602540378444 0)
	(0.21284609690826528 0.2886602540378444 0.8)
	(0.21409609690826528 0.2908253175473055 0)
	(0.21409609690826528 0.2908253175473055 0.8)
	(0.20159609690826527 0.2908253175473055 0)
	(0.20159609690826527 0.2908253175473055 0.8)
	(0.34141016151377546 0.2886602540378444 0)
	(0.34141016151377546 0.2886602540378444 0.8)
	(0.35141016151377547 0.2886602540378444 0)
	(0.35141016151377547 0.2886602540378444 0.8)
	(0.35266016151377544 0.2908253175473055 0)
	(0.35266016151377544 0.2908253175473055 0.8)
	(0.3401601615137755 0.2908253175473055 0)
	(0.3401601615137755 0.2908253175473055 0.8)
	(0.47997422611928564 0.2886602540378444 0)
	(0.47997422611928564 0.2886602540378444 0.8)
	(0.48997422611928565 0.2886602540378444 0)
	(0.48997422611928565 0.2886602540378444 0.8)
	(0.4912242261192856 0.2908253175473055 0)
	(0.4912242261192856 0.2908253175473055 0.8)
	(0.47872422611928567 0.2908253175473055 0)
	(0.47872422611928567 0.2908253175473055 0.8)
	(0.6185382907247959 0.2886602540378444 0)
	(0.6185382907247959 0.2886602540378444 0.8)
	(0.628538290724796 0.2886602540378444 0)
	(0.628538290724796 0.2886602540378444 0.8)
	(0.6297882907247959 0.2908253175473055 0)
	(0.6297882907247959 0.2908253175473055 0.8)
	(0.617288290724796 0.2908253175473055 0)
	(0.617288290724796 0.2908253175473055 0.8)
	(0.7571023553303061 0.2886602540378444 0)
	(0.7571023553303061 0.2886602540378444 0.8)
	(0.7671023553303061 0.2886602540378444 0)
	(0.7671023553303061 0.2886602540378444 0.8)
	(0.7683523553303061 0.2908253175473055 0)
	(0.7683523553303061 0.2908253175473055 0.8)
	(0.7558523553303061 0.2908253175473055 0)
	(0.7558523553303061 0.2908253175473055 0.8)
	(0.8956664199358163 0.2886602540378444 0)
	(0.8956664199358163 0.2886602540378444 0.8)
	(0.9056664199358163 0.2886602540378444 0)
	(0.9056664199358163 0.2886602540378444 0.8)
	(0.9069164199358163 0.2908253175473055 0)
	(0.9069164199358163 0.2908253175473055 0.8)
	(0.8944164199358163 0.2908253175473055 0)
	(0.8944164199358163 0.2908253175473055 0.8)
	(1.0342304845413266 0.2886602540378444 0)
	(1.0342304845413266 0.2886602540378444 0.8)
	(1.0442304845413264 0.2886602540378444 0)
	(1.0442304845413264 0.2886602540378444 0.8)
	(1.0454804845413266 0.2908253175473055 0)
	(1.0454804845413266 0.2908253175473055 0.8)
	(1.0329804845413264 0.2908253175473055 0)
	(1.0329804845413264 0.2908253175473055 0.8)
	(1.1727945491468366 0.2886602540378444 0)
	(1.1727945491468366 0.2886602540378444 0.8)
	(1.1827945491468363 0.2886602540378444 0)
	(1.1827945491468363 0.2886602540378444 0.8)
	(1.1840445491468365 0.2908253175473055 0)
	(1.1840445491468365 0.2908253175473055 0.8)
	(1.1715445491468364 0.2908253175473055 0)
	(1.1715445491468364 0.2908253175473055 0.8)
	(1.311358613752347 0.2886602540378444 0)
	(1.311358613752347 0.2886602540378444 0.8)
	(1.3213586137523468 0.2886602540378444 0)
	(1.3213586137523468 0.2886602540378444 0.8)
	(1.322608613752347 0.2908253175473055 0)
	(1.322608613752347 0.2908253175473055 0.8)
	(1.3101086137523468 0.2908253175473055 0)
	(1.3101086137523468 0.2908253175473055 0.8)
	(-0.006250000000000006 0.3091746824526945 0)
	(-0.006250000000000006 0.3091746824526945 0.8)
	(0.006250000000000001 0.3091746824526945 0)
	(0.006250000000000001 0.3091746824526945 0.8)
	(0.005000000000000001 0.31133974596215563 0)
	(0.005000000000000001 0.31133974596215563 0.8)
	(-0.005000000000000006 0.31133974596215563 0)
	(-0.005000000000000006 0.31133974596215563 0.8)
	(0.13231406460551018 0.3091746824526945 0)
	(0.13231406460551018 0.3091746824526945 0.8)
	(0.1448140646055102 0.3091746824526945 0)
	(0.1448140646055102 0.3091746824526945 0.8)
	(0.1435640646055102 0.31133974596215563 0)
	(0.1435640646055102 0.31133974596215563 0.8)
	(0.13356406460551018 0.31133974596215563 0)
	(0.13356406460551018 0.31133974596215563 0.8)
	(0.2708781292110204 0.3091746824526945 0)
	(0.2708781292110204 0.3091746824526945 0.8)
	(0.28337812921102035 0.3091746824526945 0)
	(0.28337812921102035 0.3091746824526945 0.8)
	(0.2821281292110204 0.31133974596215563 0)
	(0.2821281292110204 0.31133974596215563 0.8)
	(0.27212812921102036 0.31133974596215563 0)
	(0.27212812921102036 0.31133974596215563 0.8)
	(0.4094421938165306 0.3091746824526945 0)
	(0.4094421938165306 0.3091746824526945 0.8)
	(0.42194219381653053 0.3091746824526945 0)
	(0.42194219381653053 0.3091746824526945 0.8)
	(0.42069219381653056 0.31133974596215563 0)
	(0.42069219381653056 0.31133974596215563 0.8)
	(0.41069219381653055 0.31133974596215563 0)
	(0.41069219381653055 0.31133974596215563 0.8)
	(0.5480062584220408 0.3091746824526945 0)
	(0.5480062584220408 0.3091746824526945 0.8)
	(0.5605062584220407 0.3091746824526945 0)
	(0.5605062584220407 0.3091746824526945 0.8)
	(0.5592562584220407 0.31133974596215563 0)
	(0.5592562584220407 0.31133974596215563 0.8)
	(0.5492562584220407 0.31133974596215563 0)
	(0.5492562584220407 0.31133974596215563 0.8)
	(0.6865703230275509 0.3091746824526945 0)
	(0.6865703230275509 0.3091746824526945 0.8)
	(0.6990703230275509 0.3091746824526945 0)
	(0.6990703230275509 0.3091746824526945 0.8)
	(0.6978203230275509 0.31133974596215563 0)
	(0.6978203230275509 0.31133974596215563 0.8)
	(0.6878203230275509 0.31133974596215563 0)
	(0.6878203230275509 0.31133974596215563 0.8)
	(0.8251343876330611 0.3091746824526945 0)
	(0.8251343876330611 0.3091746824526945 0.8)
	(0.8376343876330611 0.3091746824526945 0)
	(0.8376343876330611 0.3091746824526945 0.8)
	(0.8363843876330611 0.31133974596215563 0)
	(0.8363843876330611 0.31133974596215563 0.8)
	(0.8263843876330611 0.31133974596215563 0)
	(0.8263843876330611 0.31133974596215563 0.8)
	(0.9636984522385713 0.3091746824526945 0)
	(0.9636984522385713 0.3091746824526945 0.8)
	(0.9761984522385713 0.3091746824526945 0)
	(0.9761984522385713 0.3091746824526945 0.8)
	(0.9749484522385713 0.31133974596215563 0)
	(0.9749484522385713 0.31133974596215563 0.8)
	(0.9649484522385713 0.31133974596215563 0)
	(0.9649484522385713 0.31133974596215563 0.8)
	(1.1022625168440814 0.3091746824526945 0)
	(1.1022625168440814 0.3091746824526945 0.8)
	(1.1147625168440816 0.3091746824526945 0)
	(1.1147625168440816 0.3091746824526945 0.8)
	(1.1135125168440814 0.31133974596215563 0)
	(1.1135125168440814 0.31133974596215563 0.8)
	(1.1035125168440814 0.31133974596215563 0)
	(1.1035125168440814 0.31133974596215563 0.8)
	(1.2408265814495916 0.3091746824526945 0)
	(1.2408265814495916 0.3091746824526945 0.8)
	(1.2533265814495917 0.3091746824526945 0)
	(1.2533265814495917 0.3091746824526945 0.8)
	(1.2520765814495916 0.31133974596215563 0)
	(1.2520765814495916 0.31133974596215563 0.8)
	(1.2420765814495915 0.31133974596215563 0)
	(1.2420765814495915 0.31133974596215563 0.8)
	(-0.005 0.3286602540378444 0)
	(-0.005 0.3286602540378444 0.8)
	(0.005 0.3286602540378444 0)
	(0.005 0.3286602540378444 0.8)
	(0.00625 0.3308253175473055 0)
	(0.00625 0.3308253175473055 0.8)
	(-0.0062499999999999995 0.3308253175473055 0)
	(-0.0062499999999999995 0.3308253175473055 0.8)
	(0.13356406460551018 0.3286602540378444 0)
	(0.13356406460551018 0.3286602540378444 0.8)
	(0.1435640646055102 0.3286602540378444 0)
	(0.1435640646055102 0.3286602540378444 0.8)
	(0.1448140646055102 0.3308253175473055 0)
	(0.1448140646055102 0.3308253175473055 0.8)
	(0.13231406460551018 0.3308253175473055 0)
	(0.13231406460551018 0.3308253175473055 0.8)
	(0.27212812921102036 0.3286602540378444 0)
	(0.27212812921102036 0.3286602540378444 0.8)
	(0.2821281292110204 0.3286602540378444 0)
	(0.2821281292110204 0.3286602540378444 0.8)
	(0.28337812921102035 0.3308253175473055 0)
	(0.28337812921102035 0.3308253175473055 0.8)
	(0.2708781292110204 0.3308253175473055 0)
	(0.2708781292110204 0.3308253175473055 0.8)
	(0.41069219381653055 0.3286602540378444 0)
	(0.41069219381653055 0.3286602540378444 0.8)
	(0.42069219381653056 0.3286602540378444 0)
	(0.42069219381653056 0.3286602540378444 0.8)
	(0.42194219381653053 0.3308253175473055 0)
	(0.42194219381653053 0.3308253175473055 0.8)
	(0.4094421938165306 0.3308253175473055 0)
	(0.4094421938165306 0.3308253175473055 0.8)
	(0.5492562584220407 0.3286602540378444 0)
	(0.5492562584220407 0.3286602540378444 0.8)
	(0.5592562584220407 0.3286602540378444 0)
	(0.5592562584220407 0.3286602540378444 0.8)
	(0.5605062584220407 0.3308253175473055 0)
	(0.5605062584220407 0.3308253175473055 0.8)
	(0.5480062584220408 0.3308253175473055 0)
	(0.5480062584220408 0.3308253175473055 0.8)
	(0.6878203230275509 0.3286602540378444 0)
	(0.6878203230275509 0.3286602540378444 0.8)
	(0.6978203230275509 0.3286602540378444 0)
	(0.6978203230275509 0.3286602540378444 0.8)
	(0.6990703230275509 0.3308253175473055 0)
	(0.6990703230275509 0.3308253175473055 0.8)
	(0.6865703230275509 0.3308253175473055 0)
	(0.6865703230275509 0.3308253175473055 0.8)
	(0.8263843876330611 0.3286602540378444 0)
	(0.8263843876330611 0.3286602540378444 0.8)
	(0.8363843876330611 0.3286602540378444 0)
	(0.8363843876330611 0.3286602540378444 0.8)
	(0.8376343876330611 0.3308253175473055 0)
	(0.8376343876330611 0.3308253175473055 0.8)
	(0.8251343876330611 0.3308253175473055 0)
	(0.8251343876330611 0.3308253175473055 0.8)
	(0.9649484522385713 0.3286602540378444 0)
	(0.9649484522385713 0.3286602540378444 0.8)
	(0.9749484522385713 0.3286602540378444 0)
	(0.9749484522385713 0.3286602540378444 0.8)
	(0.9761984522385713 0.3308253175473055 0)
	(0.9761984522385713 0.3308253175473055 0.8)
	(0.9636984522385713 0.3308253175473055 0)
	(0.9636984522385713 0.3308253175473055 0.8)
	(1.1035125168440816 0.3286602540378444 0)
	(1.1035125168440816 0.3286602540378444 0.8)
	(1.1135125168440814 0.3286602540378444 0)
	(1.1135125168440814 0.3286602540378444 0.8)
	(1.1147625168440816 0.3308253175473055 0)
	(1.1147625168440816 0.3308253175473055 0.8)
	(1.1022625168440814 0.3308253175473055 0)
	(1.1022625168440814 0.3308253175473055 0.8)
	(1.2420765814495918 0.3286602540378444 0)
	(1.2420765814495918 0.3286602540378444 0.8)
	(1.2520765814495916 0.3286602540378444 0)
	(1.2520765814495916 0.3286602540378444 0.8)
	(1.2533265814495917 0.3308253175473055 0)
	(1.2533265814495917 0.3308253175473055 0.8)
	(1.2408265814495916 0.3308253175473055 0)
	(1.2408265814495916 0.3308253175473055 0.8)
	(0.06303203230275509 0.3491746824526945 0)
	(0.06303203230275509 0.3491746824526945 0.8)
	(0.0755320323027551 0.3491746824526945 0)
	(0.0755320323027551 0.3491746824526945 0.8)
	(0.0742820323027551 0.3513397459621556 0)
	(0.0742820323027551 0.3513397459621556 0.8)
	(0.06428203230275509 0.3513397459621556 0)
	(0.06428203230275509 0.3513397459621556 0.8)
	(0.20159609690826527 0.3491746824526945 0)
	(0.20159609690826527 0.3491746824526945 0.8)
	(0.21409609690826528 0.3491746824526945 0)
	(0.21409609690826528 0.3491746824526945 0.8)
	(0.21284609690826528 0.3513397459621556 0)
	(0.21284609690826528 0.3513397459621556 0.8)
	(0.20284609690826527 0.3513397459621556 0)
	(0.20284609690826527 0.3513397459621556 0.8)
	(0.3401601615137755 0.3491746824526945 0)
	(0.3401601615137755 0.3491746824526945 0.8)
	(0.35266016151377544 0.3491746824526945 0)
	(0.35266016151377544 0.3491746824526945 0.8)
	(0.35141016151377547 0.3513397459621556 0)
	(0.35141016151377547 0.3513397459621556 0.8)
	(0.34141016151377546 0.3513397459621556 0)
	(0.34141016151377546 0.3513397459621556 0.8)
	(0.47872422611928567 0.3491746824526945 0)
	(0.47872422611928567 0.3491746824526945 0.8)
	(0.4912242261192856 0.3491746824526945 0)
	(0.4912242261192856 0.3491746824526945 0.8)
	(0.48997422611928565 0.3513397459621556 0)
	(0.48997422611928565 0.3513397459621556 0.8)
	(0.47997422611928564 0.3513397459621556 0)
	(0.47997422611928564 0.3513397459621556 0.8)
	(0.617288290724796 0.3491746824526945 0)
	(0.617288290724796 0.3491746824526945 0.8)
	(0.6297882907247959 0.3491746824526945 0)
	(0.6297882907247959 0.3491746824526945 0.8)
	(0.628538290724796 0.3513397459621556 0)
	(0.628538290724796 0.3513397459621556 0.8)
	(0.6185382907247959 0.3513397459621556 0)
	(0.6185382907247959 0.3513397459621556 0.8)
	(0.7558523553303061 0.3491746824526945 0)
	(0.7558523553303061 0.3491746824526945 0.8)
	(0.7683523553303061 0.3491746824526945 0)
	(0.7683523553303061 0.3491746824526945 0.8)
	(0.7671023553303061 0.3513397459621556 0)
	(0.7671023553303061 0.3513397459621556 0.8)
	(0.7571023553303061 0.3513397459621556 0)
	(0.7571023553303061 0.3513397459621556 0.8)
	(0.8944164199358163 0.3491746824526945 0)
	(0.8944164199358163 0.3491746824526945 0.8)
	(0.9069164199358163 0.3491746824526945 0)
	(0.9069164199358163 0.3491746824526945 0.8)
	(0.9056664199358163 0.3513397459621556 0)
	(0.9056664199358163 0.3513397459621556 0.8)
	(0.8956664199358163 0.3513397459621556 0)
	(0.8956664199358163 0.3513397459621556 0.8)
	(1.0329804845413264 0.3491746824526945 0)
	(1.0329804845413264 0.3491746824526945 0.8)
	(1.0454804845413266 0.3491746824526945 0)
	(1.0454804845413266 0.3491746824526945 0.8)
	(1.0442304845413264 0.3513397459621556 0)
	(1.0442304845413264 0.3513397459621556 0.8)
	(1.0342304845413264 0.3513397459621556 0)
	(1.0342304845413264 0.3513397459621556 0.8)
	(1.1715445491468364 0.3491746824526945 0)
	(1.1715445491468364 0.3491746824526945 0.8)
	(1.1840445491468365 0.3491746824526945 0)
	(1.1840445491468365 0.3491746824526945 0.8)
	(1.1827945491468363 0.3513397459621556 0)
	(1.1827945491468363 0.3513397459621556 0.8)
	(1.1727945491468363 0.3513397459621556 0)
	(1.1727945491468363 0.3513397459621556 0.8)
	(1.3101086137523468 0.3491746824526945 0)
	(1.3101086137523468 0.3491746824526945 0.8)
	(1.322608613752347 0.3491746824526945 0)
	(1.322608613752347 0.3491746824526945 0.8)
	(1.3213586137523468 0.3513397459621556 0)
	(1.3213586137523468 0.3513397459621556 0.8)
	(1.3113586137523467 0.3513397459621556 0)
	(1.3113586137523467 0.3513397459621556 0.8)
	(0.06428203230275509 0.36866025403784436 0)
	(0.06428203230275509 0.36866025403784436 0.8)
	(0.0742820323027551 0.36866025403784436 0)
	(0.0742820323027551 0.36866025403784436 0.8)
	(0.0755320323027551 0.37082531754730547 0)
	(0.0755320323027551 0.37082531754730547 0.8)
	(0.0630320323027551 0.37082531754730547 0)
	(0.0630320323027551 0.37082531754730547 0.8)
	(0.20284609690826527 0.36866025403784436 0)
	(0.20284609690826527 0.36866025403784436 0.8)
	(0.21284609690826528 0.36866025403784436 0)
	(0.21284609690826528 0.36866025403784436 0.8)
	(0.21409609690826528 0.37082531754730547 0)
	(0.21409609690826528 0.37082531754730547 0.8)
	(0.20159609690826527 0.37082531754730547 0)
	(0.20159609690826527 0.37082531754730547 0.8)
	(0.34141016151377546 0.36866025403784436 0)
	(0.34141016151377546 0.36866025403784436 0.8)
	(0.35141016151377547 0.36866025403784436 0)
	(0.35141016151377547 0.36866025403784436 0.8)
	(0.35266016151377544 0.37082531754730547 0)
	(0.35266016151377544 0.37082531754730547 0.8)
	(0.3401601615137755 0.37082531754730547 0)
	(0.3401601615137755 0.37082531754730547 0.8)
	(0.47997422611928564 0.36866025403784436 0)
	(0.47997422611928564 0.36866025403784436 0.8)
	(0.48997422611928565 0.36866025403784436 0)
	(0.48997422611928565 0.36866025403784436 0.8)
	(0.4912242261192856 0.37082531754730547 0)
	(0.4912242261192856 0.37082531754730547 0.8)
	(0.47872422611928567 0.37082531754730547 0)
	(0.47872422611928567 0.37082531754730547 0.8)
	(0.6185382907247959 0.36866025403784436 0)
	(0.6185382907247959 0.36866025403784436 0.8)
	(0.628538290724796 0.36866025403784436 0)
	(0.628538290724796 0.36866025403784436 0.8)
	(0.6297882907247959 0.37082531754730547 0)
	(0.6297882907247959 0.37082531754730547 0.8)
	(0.617288290724796 0.37082531754730547 0)
	(0.617288290724796 0.37082531754730547 0.8)
	(0.7571023553303061 0.36866025403784436 0)
	(0.7571023553303061 0.36866025403784436 0.8)
	(0.7671023553303061 0.36866025403784436 0)
	(0.7671023553303061 0.36866025403784436 0.8)
	(0.7683523553303061 0.37082531754730547 0)
	(0.7683523553303061 0.37082531754730547 0.8)
	(0.7558523553303061 0.37082531754730547 0)
	(0.7558523553303061 0.37082531754730547 0.8)
	(0.8956664199358163 0.36866025403784436 0)
	(0.8956664199358163 0.36866025403784436 0.8)
	(0.9056664199358163 0.36866025403784436 0)
	(0.9056664199358163 0.36866025403784436 0.8)
	(0.9069164199358163 0.37082531754730547 0)
	(0.9069164199358163 0.37082531754730547 0.8)
	(0.8944164199358163 0.37082531754730547 0)
	(0.8944164199358163 0.37082531754730547 0.8)
	(1.0342304845413266 0.36866025403784436 0)
	(1.0342304845413266 0.36866025403784436 0.8)
	(1.0442304845413264 0.36866025403784436 0)
	(1.0442304845413264 0.36866025403784436 0.8)
	(1.0454804845413266 0.37082531754730547 0)
	(1.0454804845413266 0.37082531754730547 0.8)
	(1.0329804845413264 0.37082531754730547 0)
	(1.0329804845413264 0.37082531754730547 0.8)
	(1.1727945491468366 0.36866025403784436 0)
	(1.1727945491468366 0.36866025403784436 0.8)
	(1.1827945491468363 0.36866025403784436 0)
	(1.1827945491468363 0.36866025403784436 0.8)
	(1.1840445491468365 0.37082531754730547 0)
	(1.1840445491468365 0.37082531754730547 0.8)
	(1.1715445491468364 0.37082531754730547 0)
	(1.1715445491468364 0.37082531754730547 0.8)
	(1.311358613752347 0.36866025403784436 0)
	(1.311358613752347 0.36866025403784436 0.8)
	(1.3213586137523468 0.36866025403784436 0)
	(1.3213586137523468 0.36866025403784436 0.8)
	(1.322608613752347 0.37082531754730547 0)
	(1.322608613752347 0.37082531754730547 0.8)
	(1.3101086137523468 0.37082531754730547 0)
	(1.3101086137523468 0.37082531754730547 0.8)
	(-0.006250000000000006 0.38917468245269454 0)
	(-0.006250000000000006 0.38917468245269454 0.8)
	(0.006250000000000001 0.38917468245269454 0)
	(0.006250000000000001 0.38917468245269454 0.8)
	(0.005000000000000001 0.39133974596215565 0)
	(0.005000000000000001 0.39133974596215565 0.8)
	(-0.005000000000000006 0.39133974596215565 0)
	(-0.005000000000000006 0.39133974596215565 0.8)
	(0.13231406460551018 0.38917468245269454 0)
	(0.13231406460551018 0.38917468245269454 0.8)
	(0.1448140646055102 0.38917468245269454 0)
	(0.1448140646055102 0.38917468245269454 0.8)
	(0.1435640646055102 0.39133974596215565 0)
	(0.1435640646055102 0.39133974596215565 0.8)
	(0.13356406460551018 0.39133974596215565 0)
	(0.13356406460551018 0.39133974596215565 0.8)
	(0.2708781292110204 0.38917468245269454 0)
	(0.2708781292110204 0.38917468245269454 0.8)
	(0.28337812921102035 0.38917468245269454 0)
	(0.28337812921102035 0.38917468245269454 0.8)
	(0.2821281292110204 0.39133974596215565 0)
	(0.2821281292110204 0.39133974596215565 0.8)
	(0.27212812921102036 0.39133974596215565 0)
	(0.27212812921102036 0.39133974596215565 0.8)
	(0.4094421938165306 0.38917468245269454 0)
	(0.4094421938165306 0.38917468245269454 0.8)
	(0.42194219381653053 0.38917468245269454 0)
	(0.42194219381653053 0.38917468245269454 0.8)
	(0.42069219381653056 0.39133974596215565 0)
	(0.42069219381653056 0.39133974596215565 0.8)
	(0.41069219381653055 0.39133974596215565 0)
	(0.41069219381653055 0.39133974596215565 0.8)
	(0.5480062584220408 0.38917468245269454 0)
	(0.5480062584220408 0.38917468245269454 0.8)
	(0.5605062584220407 0.38917468245269454 0)
	(0.5605062584220407 0.38917468245269454 0.8)
	(0.5592562584220407 0.39133974596215565 0)
	(0.5592562584220407 0.39133974596215565 0.8)
	(0.5492562584220407 0.39133974596215565 0)
	(0.5492562584220407 0.39133974596215565 0.8)
	(0.6865703230275509 0.38917468245269454 0)
	(0.6865703230275509 0.38917468245269454 0.8)
	(0.6990703230275509 0.38917468245269454 0)
	(0.6990703230275509 0.38917468245269454 0.8)
	(0.6978203230275509 0.39133974596215565 0)
	(0.6978203230275509 0.39133974596215565 0.8)
	(0.6878203230275509 0.39133974596215565 0)
	(0.6878203230275509 0.39133974596215565 0.8)
	(0.8251343876330611 0.38917468245269454 0)
	(0.8251343876330611 0.38917468245269454 0.8)
	(0.8376343876330611 0.38917468245269454 0)
	(0.8376343876330611 0.38917468245269454 0.8)
	(0.8363843876330611 0.39133974596215565 0)
	(0.8363843876330611 0.39133974596215565 0.8)
	(0.8263843876330611 0.39133974596215565 0)
	(0.8263843876330611 0.39133974596215565 0.8)
	(0.9636984522385713 0.38917468245269454 0)
	(0.9636984522385713 0.38917468245269454 0.8)
	(0.9761984522385713 0.38917468245269454 0)
	(0.9761984522385713 0.38917468245269454 0.8)
	(0.9749484522385713 0.39133974596215565 0)
	(0.9749484522385713 0.39133974596215565 0.8)
	(0.9649484522385713 0.39133974596215565 0)
	(0.9649484522385713 0.39133974596215565 0.8)
	(1.1022625168440814 0.38917468245269454 0)
	(1.1022625168440814 0.38917468245269454 0.8)
	(1.1147625168440816 0.38917468245269454 0)
	(1.1147625168440816 0.38917468245269454 0.8)
	(1.1135125168440814 0.39133974596215565 0)
	(1.1135125168440814 0.39133974596215565 0.8)
	(1.1035125168440814 0.39133974596215565 0)
	(1.1035125168440814 0.39133974596215565 0.8)
	(1.2408265814495916 0.38917468245269454 0)
	(1.2408265814495916 0.38917468245269454 0.8)
	(1.2533265814495917 0.38917468245269454 0)
	(1.2533265814495917 0.38917468245269454 0.8)
	(1.2520765814495916 0.39133974596215565 0)
	(1.2520765814495916 0.39133974596215565 0.8)
	(1.2420765814495915 0.39133974596215565 0)
	(1.2420765814495915 0.39133974596215565 0.8)
	(-0.005 0.4086602540378444 0)
	(-0.005 0.4086602540378444 0.8)
	(0.005 0.4086602540378444 0)
	(0.005 0.4086602540378444 0.8)
	(0.00625 0.4108253175473055 0)
	(0.00625 0.4108253175473055 0.8)
	(-0.0062499999999999995 0.4108253175473055 0)
	(-0.0062499999999999995 0.4108253175473055 0.8)
	(0.13356406460551018 0.4086602540378444 0)
	(0.13356406460551018 0.4086602540378444 0.8)
	(0.1435640646055102 0.4086602540378444 0)
	(0.1435640646055102 0.4086602540378444 0.8)
	(0.1448140646055102 0.4108253175473055 0)
	(0.1448140646055102 0.4108253175473055 0.8)
	(0.13231406460551018 0.4108253175473055 0)
	(0.13231406460551018 0.4108253175473055 0.8)
	(0.27212812921102036 0.4086602540378444 0)
	(0.27212812921102036 0.4086602540378444 0.8)
	(0.2821281292110204 0.4086602540378444 0)
	(0.2821281292110204 0.4086602540378444 0.8)
	(0.28337812921102035 0.4108253175473055 0)
	(0.28337812921102035 0.4108253175473055 0.8)
	(0.2708781292110204 0.4108253175473055 0)
	(0.2708781292110204 0.4108253175473055 0.8)
	(0.41069219381653055 0.4086602540378444 0)
	(0.41069219381653055 0.4086602540378444 0.8)
	(0.42069219381653056 0.4086602540378444 0)
	(0.42069219381653056 0.4086602540378444 0.8)
	(0.42194219381653053 0.4108253175473055 0)
	(0.42194219381653053 0.4108253175473055 0.8)
	(0.4094421938165306 0.4108253175473055 0)
	(0.4094421938165306 0.4108253175473055 0.8)
	(0.5492562584220407 0.4086602540378444 0)
	(0.5492562584220407 0.4086602540378444 0.8)
	(0.5592562584220407 0.4086602540378444 0)
	(0.5592562584220407 0.4086602540378444 0.8)
	(0.5605062584220407 0.4108253175473055 0)
	(0.5605062584220407 0.4108253175473055 0.8)
	(0.5480062584220408 0.4108253175473055 0)
	(0.5480062584220408 0.4108253175473055 0.8)
	(0.6878203230275509 0.4086602540378444 0)
	(0.6878203230275509 0.4086602540378444 0.8)
	(0.6978203230275509 0.4086602540378444 0)
	(0.6978203230275509 0.4086602540378444 0.8)
	(0.6990703230275509 0.4108253175473055 0)
	(0.6990703230275509 0.4108253175473055 0.8)
	(0.6865703230275509 0.4108253175473055 0)
	(0.6865703230275509 0.4108253175473055 0.8)
	(0.8263843876330611 0.4086602540378444 0)
	(0.8263843876330611 0.4086602540378444 0.8)
	(0.8363843876330611 0.4086602540378444 0)
	(0.8363843876330611 0.4086602540378444 0.8)
	(0.8376343876330611 0.4108253175473055 0)
	(0.8376343876330611 0.4108253175473055 0.8)
	(0.8251343876330611 0.4108253175473055 0)
	(0.8251343876330611 0.4108253175473055 0.8)
	(0.9649484522385713 0.4086602540378444 0)
	(0.9649484522385713 0.4086602540378444 0.8)
	(0.9749484522385713 0.4086602540378444 0)
	(0.9749484522385713 0.4086602540378444 0.8)
	(0.9761984522385713 0.4108253175473055 0)
	(0.9761984522385713 0.4108253175473055 0.8)
	(0.9636984522385713 0.4108253175473055 0)
	(0.9636984522385713 0.4108253175473055 0.8)
	(1.1035125168440816 0.4086602540378444 0)
	(1.1035125168440816 0.4086602540378444 0.8)
	(1.1135125168440814 0.4086602540378444 0)
	(1.1135125168440814 0.4086602540378444 0.8)
	(1.1147625168440816 0.4108253175473055 0)
	(1.1147625168440816 0.4108253175473055 0.8)
	(1.1022625168440814 0.4108253175473055 0)
	(1.1022625168440814 0.4108253175473055 0.8)
	(1.2420765814495918 0.4086602540378444 0)
	(1.2420765814495918 0.4086602540378444 0.8)
	(1.2520765814495916 0.4086602540378444 0)
	(1.2520765814495916 0.4086602540378444 0.8)
	(1.2533265814495917 0.4108253175473055 0)
	(1.2533265814495917 0.4108253175473055 0.8)
	(1.2408265814495916 0.4108253175473055 0)
	(1.2408265814495916 0.4108253175473055 0.8)
	(0.06303203230275509 0.4291746824526945 0)
	(0.06303203230275509 0.4291746824526945 0.8)
	(0.0755320323027551 0.4291746824526945 0)
	(0.0755320323027551 0.4291746824526945 0.8)
	(0.0742820323027551 0.43133974596215563 0)
	(0.0742820323027551 0.43133974596215563 0.8)
	(0.06428203230275509 0.43133974596215563 0)
	(0.06428203230275509 0.43133974596215563 0.8)
	(0.20159609690826527 0.4291746824526945 0)
	(0.20159609690826527 0.4291746824526945 0.8)
	(0.21409609690826528 0.4291746824526945 0)
	(0.21409609690826528 0.4291746824526945 0.8)
	(0.21284609690826528 0.43133974596215563 0)
	(0.21284609690826528 0.43133974596215563 0.8)
	(0.20284609690826527 0.43133974596215563 0)
	(0.20284609690826527 0.43133974596215563 0.8)
	(0.3401601615137755 0.4291746824526945 0)
	(0.3401601615137755 0.4291746824526945 0.8)
	(0.35266016151377544 0.4291746824526945 0)
	(0.35266016151377544 0.4291746824526945 0.8)
	(0.35141016151377547 0.43133974596215563 0)
	(0.35141016151377547 0.43133974596215563 0.8)
	(0.34141016151377546 0.43133974596215563 0)
	(0.34141016151377546 0.43133974596215563 0.8)
	(0.47872422611928567 0.4291746824526945 0)
	(0.47872422611928567 0.4291746824526945 0.8)
	(0.4912242261192856 0.4291746824526945 0)
	(0.4912242261192856 0.4291746824526945 0.8)
	(0.48997422611928565 0.43133974596215563 0)
	(0.48997422611928565 0.43133974596215563 0.8)
	(0.47997422611928564 0.43133974596215563 0)
	(0.47997422611928564 0.43133974596215563 0.8)
	(0.617288290724796 0.4291746824526945 0)
	(0.617288290724796 0.4291746824526945 0.8)
	(0.6297882907247959 0.4291746824526945 0)
	(0.6297882907247959 0.4291746824526945 0.8)
	(0.628538290724796 0.43133974596215563 0)
	(0.628538290724796 0.43133974596215563 0.8)
	(0.6185382907247959 0.43133974596215563 0)
	(0.6185382907247959 0.43133974596215563 0.8)
	(0.7558523553303061 0.4291746824526945 0)
	(0.7558523553303061 0.4291746824526945 0.8)
	(0.7683523553303061 0.4291746824526945 0)
	(0.7683523553303061 0.4291746824526945 0.8)
	(0.7671023553303061 0.43133974596215563 0)
	(0.7671023553303061 0.43133974596215563 0.8)
	(0.7571023553303061 0.43133974596215563 0)
	(0.7571023553303061 0.43133974596215563 0.8)
	(0.8944164199358163 0.4291746824526945 0)
	(0.8944164199358163 0.4291746824526945 0.8)
	(0.9069164199358163 0.4291746824526945 0)
	(0.9069164199358163 0.4291746824526945 0.8)
	(0.9056664199358163 0.43133974596215563 0)
	(0.9056664199358163 0.43133974596215563 0.8)
	(0.8956664199358163 0.43133974596215563 0)
	(0.8956664199358163 0.43133974596215563 0.8)
	(1.0329804845413264 0.4291746824526945 0)
	(1.0329804845413264 0.4291746824526945 0.8)
	(1.0454804845413266 0.4291746824526945 0)
	(1.0454804845413266 0.4291746824526945 0.8)
	(1.0442304845413264 0.43133974596215563 0)
	(1.0442304845413264 0.43133974596215563 0.8)
	(1.0342304845413264 0.43133974596215563 0)
	(1.0342304845413264 0.43133974596215563 0.8)
	(1.1715445491468364 0.4291746824526945 0)
	(1.1715445491468364 0.4291746824526945 0.8)
	(1.1840445491468365 0.4291746824526945 0)
	(1.1840445491468365 0.4291746824526945 0.8)
	(1.1827945491468363 0.43133974596215563 0)
	(1.1827945491468363 0.43133974596215563 0.8)
	(1.1727945491468363 0.43133974596215563 0)
	(1.1727945491468363 0.43133974596215563 0.8)
	(1.3101086137523468 0.4291746824526945 0)
	(1.3101086137523468 0.4291746824526945 0.8)
	(1.322608613752347 0.4291746824526945 0)
	(1.322608613752347 0.4291746824526945 0.8)
	(1.3213586137523468 0.43133974596215563 0)
	(1.3213586137523468 0.43133974596215563 0.8)
	(1.3113586137523467 0.43133974596215563 0)
	(1.3113586137523467 0.43133974596215563 0.8)
	(0.06428203230275509 0.4486602540378444 0)
	(0.06428203230275509 0.4486602540378444 0.8)
	(0.0742820323027551 0.4486602540378444 0)
	(0.0742820323027551 0.4486602540378444 0.8)
	(0.0755320323027551 0.4508253175473055 0)
	(0.0755320323027551 0.4508253175473055 0.8)
	(0.0630320323027551 0.4508253175473055 0)
	(0.0630320323027551 0.4508253175473055 0.8)
	(0.20284609690826527 0.4486602540378444 0)
	(0.20284609690826527 0.4486602540378444 0.8)
	(0.21284609690826528 0.4486602540378444 0)
	(0.21284609690826528 0.4486602540378444 0.8)
	(0.21409609690826528 0.4508253175473055 0)
	(0.21409609690826528 0.4508253175473055 0.8)
	(0.20159609690826527 0.4508253175473055 0)
	(0.20159609690826527 0.4508253175473055 0.8)
	(0.34141016151377546 0.4486602540378444 0)
	(0.34141016151377546 0.4486602540378444 0.8)
	(0.35141016151377547 0.4486602540378444 0)
	(0.35141016151377547 0.4486602540378444 0.8)
	(0.35266016151377544 0.4508253175473055 0)
	(0.35266016151377544 0.4508253175473055 0.8)
	(0.3401601615137755 0.4508253175473055 0)
	(0.3401601615137755 0.4508253175473055 0.8)
	(0.47997422611928564 0.4486602540378444 0)
	(0.47997422611928564 0.4486602540378444 0.8)
	(0.48997422611928565 0.4486602540378444 0)
	(0.48997422611928565 0.4486602540378444 0.8)
	(0.4912242261192856 0.4508253175473055 0)
	(0.4912242261192856 0.4508253175473055 0.8)
	(0.47872422611928567 0.4508253175473055 0)
	(0.47872422611928567 0.4508253175473055 0.8)
	(0.6185382907247959 0.4486602540378444 0)
	(0.6185382907247959 0.4486602540378444 0.8)
	(0.628538290724796 0.4486602540378444 0)
	(0.628538290724796 0.4486602540378444 0.8)
	(0.6297882907247959 0.4508253175473055 0)
	(0.6297882907247959 0.4508253175473055 0.8)
	(0.617288290724796 0.4508253175473055 0)
	(0.617288290724796 0.4508253175473055 0.8)
	(0.7571023553303061 0.4486602540378444 0)
	(0.7571023553303061 0.4486602540378444 0.8)
	(0.7671023553303061 0.4486602540378444 0)
	(0.7671023553303061 0.4486602540378444 0.8)
	(0.7683523553303061 0.4508253175473055 0)
	(0.7683523553303061 0.4508253175473055 0.8)
	(0.7558523553303061 0.4508253175473055 0)
	(0.7558523553303061 0.4508253175473055 0.8)
	(0.8956664199358163 0.4486602540378444 0)
	(0.8956664199358163 0.4486602540378444 0.8)
	(0.9056664199358163 0.4486602540378444 0)
	(0.9056664199358163 0.4486602540378444 0.8)
	(0.9069164199358163 0.4508253175473055 0)
	(0.9069164199358163 0.4508253175473055 0.8)
	(0.8944164199358163 0.4508253175473055 0)
	(0.8944164199358163 0.4508253175473055 0.8)
	(1.0342304845413266 0.4486602540378444 0)
	(1.0342304845413266 0.4486602540378444 0.8)
	(1.0442304845413264 0.4486602540378444 0)
	(1.0442304845413264 0.4486602540378444 0.8)
	(1.0454804845413266 0.4508253175473055 0)
	(1.0454804845413266 0.4508253175473055 0.8)
	(1.0329804845413264 0.4508253175473055 0)
	(1.0329804845413264 0.4508253175473055 0.8)
	(1.1727945491468366 0.4486602540378444 0)
	(1.1727945491468366 0.4486602540378444 0.8)
	(1.1827945491468363 0.4486602540378444 0)
	(1.1827945491468363 0.4486602540378444 0.8)
	(1.1840445491468365 0.4508253175473055 0)
	(1.1840445491468365 0.4508253175473055 0.8)
	(1.1715445491468364 0.4508253175473055 0)
	(1.1715445491468364 0.4508253175473055 0.8)
	(1.311358613752347 0.4486602540378444 0)
	(1.311358613752347 0.4486602540378444 0.8)
	(1.3213586137523468 0.4486602540378444 0)
	(1.3213586137523468 0.4486602540378444 0.8)
	(1.322608613752347 0.4508253175473055 0)
	(1.322608613752347 0.4508253175473055 0.8)
	(1.3101086137523468 0.4508253175473055 0)
	(1.3101086137523468 0.4508253175473055 0.8)
	(-0.006250000000000006 0.4691746824526945 0)
	(-0.006250000000000006 0.4691746824526945 0.8)
	(0.006250000000000001 0.4691746824526945 0)
	(0.006250000000000001 0.4691746824526945 0.8)
	(0.005000000000000001 0.4713397459621556 0)
	(0.005000000000000001 0.4713397459621556 0.8)
	(-0.005000000000000006 0.4713397459621556 0)
	(-0.005000000000000006 0.4713397459621556 0.8)
	(0.13231406460551018 0.4691746824526945 0)
	(0.13231406460551018 0.4691746824526945 0.8)
	(0.1448140646055102 0.4691746824526945 0)
	(0.1448140646055102 0.4691746824526945 0.8)
	(0.1435640646055102 0.4713397459621556 0)
	(0.1435640646055102 0.4713397459621556 0.8)
	(0.13356406460551018 0.4713397459621556 0)
	(0.13356406460551018 0.4713397459621556 0.8)
	(0.2708781292110204 0.4691746824526945 0)
	(0.2708781292110204 0.4691746824526945 0.8)
	(0.28337812921102035 0.4691746824526945 0)
	(0.28337812921102035 0.4691746824526945 0.8)
	(0.2821281292110204 0.4713397459621556 0)
	(0.2821281292110204 0.4713397459621556 0.8)
	(0.27212812921102036 0.4713397459621556 0)
	(0.27212812921102036 0.4713397459621556 0.8)
	(0.4094421938165306 0.4691746824526945 0)
	(0.4094421938165306 0.4691746824526945 0.8)
	(0.42194219381653053 0.4691746824526945 0)
	(0.42194219381653053 0.4691746824526945 0.8)
	(0.42069219381653056 0.4713397459621556 0)
	(0.42069219381653056 0.4713397459621556 0.8)
	(0.41069219381653055 0.4713397459621556 0)
	(0.41069219381653055 0.4713397459621556 0.8)
	(0.5480062584220408 0.4691746824526945 0)
	(0.5480062584220408 0.4691746824526945 0.8)
	(0.5605062584220407 0.4691746824526945 0)
	(0.5605062584220407 0.4691746824526945 0.8)
	(0.5592562584220407 0.4713397459621556 0)
	(0.5592562584220407 0.4713397459621556 0.8)
	(0.5492562584220407 0.4713397459621556 0)
	(0.5492562584220407 0.4713397459621556 0.8)
	(0.6865703230275509 0.4691746824526945 0)
	(0.6865703230275509 0.4691746824526945 0.8)
	(0.6990703230275509 0.4691746824526945 0)
	(0.6990703230275509 0.4691746824526945 0.8)
	(0.6978203230275509 0.4713397459621556 0)
	(0.6978203230275509 0.4713397459621556 0.8)
	(0.6878203230275509 0.4713397459621556 0)
	(0.6878203230275509 0.4713397459621556 0.8)
	(0.8251343876330611 0.4691746824526945 0)
	(0.8251343876330611 0.4691746824526945 0.8)
	(0.8376343876330611 0.4691746824526945 0)
	(0.8376343876330611 0.4691746824526945 0.8)
	(0.8363843876330611 0.4713397459621556 0)
	(0.8363843876330611 0.4713397459621556 0.8)
	(0.8263843876330611 0.4713397459621556 0)
	(0.8263843876330611 0.4713397459621556 0.8)
	(0.9636984522385713 0.4691746824526945 0)
	(0.9636984522385713 0.4691746824526945 0.8)
	(0.9761984522385713 0.4691746824526945 0)
	(0.9761984522385713 0.4691746824526945 0.8)
	(0.9749484522385713 0.4713397459621556 0)
	(0.9749484522385713 0.4713397459621556 0.8)
	(0.9649484522385713 0.4713397459621556 0)
	(0.9649484522385713 0.4713397459621556 0.8)
	(1.1022625168440814 0.4691746824526945 0)
	(1.1022625168440814 0.4691746824526945 0.8)
	(1.1147625168440816 0.4691746824526945 0)
	(1.1147625168440816 0.4691746824526945 0.8)
	(1.1135125168440814 0.4713397459621556 0)
	(1.1135125168440814 0.4713397459621556 0.8)
	(1.1035125168440814 0.4713397459621556 0)
	(1.1035125168440814 0.4713397459621556 0.8)
	(1.2408265814495916 0.4691746824526945 0)
	(1.2408265814495916 0.4691746824526945 0.8)
	(1.2533265814495917 0.4691746824526945 0)
	(1.2533265814495917 0.4691746824526945 0.8)
	(1.2520765814495916 0.4713397459621556 0)
	(1.2520765814495916 0.4713397459621556 0.8)
	(1.2420765814495915 0.4713397459621556 0)
	(1.2420765814495915 0.4713397459621556 0.8)
	(-1 0 0)
	(-1 0 0.8)
	(-0.1 0 0)
	(-0.1 0 0.8)
	(-0.1 0.48 0)
	(-0.1 0.48 0.8)
	(-1 0.48 0)
	(-1 0.48 0.8)
	(-0.1 0 0)
	(-0.1 0 0.8)
	(-0.04 0 0)
	(-0.04 0 0.8)
	(-0.04 0.48 0)
	(-0.04 0.48 0.8)
	(-0.1 0.48 0)
	(-0.1 0.48 0.8)
	(1.3509996299037244 0 0)
	(1.3509996299037244 0 0.8)
	(1.4109996299037244 0 0)
	(1.4109996299037244 0 0.8)
	(1.4109996299037244 0.48 0)
	(1.4109996299037244 0.48 0.8)
	(1.3509996299037244 0.48 0)
	(1.3509996299037244 0.48 0.8)
	(1.4109996299037244 0 0)
	(1.4109996299037244 0 0.8)
	(4.3109996299037245 0 0)
	(4.3109996299037245 0 0.8)
	(4.3109996299037245 0.48 0)
	(4.3109996299037245 0.48 0.8)
	(1.4109996299037244 0.48 0)
	(1.4109996299037244 0.48 0.8)
);

edges
(
	arc 2106 3144 (0.010825317547305483 0.0062499999999999995 0)
	arc 2107 3145 (0.010825317547305483 0.0062499999999999995 0.8)
	arc 3144 3146 (-9.693192265097113e-19 0.0125 0)
	arc 3145 3147 (-9.693192265097113e-19 0.0125 0.8)
	arc 3146 2100 (-0.010825317547305487 0.0062499999999999995 0)
	arc 3147 2101 (-0.010825317547305487 0.0062499999999999995 0.8)
	arc 4 88 (0.020000000000000004 0.011547005383792514 0)
	arc 5 89 (0.020000000000000004 0.011547005383792514 0.8)
	arc 88 86 (-3.206231576769311e-19 0.023094010767585032 0)
	arc 89 87 (-3.206231576769311e-19 0.023094010767585032 0.8)
	arc 86 2 (-0.020000000000000004 0.011547005383792514 0)
	arc 87 3 (-0.020000000000000004 0.011547005383792514 0.8)
	arc 2210 3152 (0.14938938215281566 0.0062499999999999995 0)
	arc 2211 3153 (0.14938938215281566 0.0062499999999999995 0.8)
	arc 3152 3154 (0.13856406460551018 0.0125 0)
	arc 3153 3155 (0.13856406460551018 0.0125 0.8)
	arc 3154 2204 (0.1277387470582047 0.0062499999999999995 0)
	arc 3155 2205 (0.1277387470582047 0.0062499999999999995 0.8)
	arc 12 96 (0.1585640646055102 0.011547005383792514 0)
	arc 13 97 (0.1585640646055102 0.011547005383792514 0.8)
	arc 96 94 (0.13856406460551018 0.023094010767585032 0)
	arc 97 95 (0.13856406460551018 0.023094010767585032 0.8)
	arc 94 10 (0.11856406460551018 0.011547005383792514 0)
	arc 95 11 (0.11856406460551018 0.011547005383792514 0.8)
	arc 2314 3160 (0.28795344675832585 0.0062499999999999995 0)
	arc 2315 3161 (0.28795344675832585 0.0062499999999999995 0.8)
	arc 3160 3162 (0.27712812921102037 0.0125 0)
	arc 3161 3163 (0.27712812921102037 0.0125 0.8)
	arc 3162 2308 (0.2663028116637149 0.0062499999999999995 0)
	arc 3163 2309 (0.2663028116637149 0.0062499999999999995 0.8)
	arc 20 104 (0.2971281292110204 0.011547005383792514 0)
	arc 21 105 (0.2971281292110204 0.011547005383792514 0.8)
	arc 104 102 (0.27712812921102037 0.023094010767585032 0)
	arc 105 103 (0.27712812921102037 0.023094010767585032 0.8)
	arc 102 18 (0.25712812921102035 0.011547005383792514 0)
	arc 103 19 (0.25712812921102035 0.011547005383792514 0.8)
	arc 2418 3168 (0.42651751136383603 0.0062499999999999995 0)
	arc 2419 3169 (0.42651751136383603 0.0062499999999999995 0.8)
	arc 3168 3170 (0.41569219381653055 0.0125 0)
	arc 3169 3171 (0.41569219381653055 0.0125 0.8)
	arc 3170 2412 (0.4048668762692251 0.0062499999999999995 0)
	arc 3171 2413 (0.4048668762692251 0.0062499999999999995 0.8)
	arc 28 112 (0.43569219381653057 0.011547005383792514 0)
	arc 29 113 (0.43569219381653057 0.011547005383792514 0.8)
	arc 112 110 (0.41569219381653055 0.023094010767585032 0)
	arc 113 111 (0.41569219381653055 0.023094010767585032 0.8)
	arc 110 26 (0.39569219381653054 0.011547005383792514 0)
	arc 111 27 (0.39569219381653054 0.011547005383792514 0.8)
	arc 2522 3176 (0.5650815759693463 0.0062499999999999995 0)
	arc 2523 3177 (0.5650815759693463 0.0062499999999999995 0.8)
	arc 3176 3178 (0.5542562584220407 0.0125 0)
	arc 3177 3179 (0.5542562584220407 0.0125 0.8)
	arc 3178 2516 (0.5434309408747352 0.0062499999999999995 0)
	arc 3179 2517 (0.5434309408747352 0.0062499999999999995 0.8)
	arc 36 120 (0.5742562584220408 0.011547005383792514 0)
	arc 37 121 (0.5742562584220408 0.011547005383792514 0.8)
	arc 120 118 (0.5542562584220407 0.023094010767585032 0)
	arc 121 119 (0.5542562584220407 0.023094010767585032 0.8)
	arc 118 34 (0.5342562584220407 0.011547005383792514 0)
	arc 119 35 (0.5342562584220407 0.011547005383792514 0.8)
	arc 2626 3184 (0.7036456405748565 0.0062499999999999995 0)
	arc 2627 3185 (0.7036456405748565 0.0062499999999999995 0.8)
	arc 3184 3186 (0.6928203230275509 0.0125 0)
	arc 3185 3187 (0.6928203230275509 0.0125 0.8)
	arc 3186 2620 (0.6819950054802454 0.0062499999999999995 0)
	arc 3187 2621 (0.6819950054802454 0.0062499999999999995 0.8)
	arc 44 128 (0.7128203230275509 0.011547005383792514 0)
	arc 45 129 (0.7128203230275509 0.011547005383792514 0.8)
	arc 128 126 (0.6928203230275509 0.023094010767585032 0)
	arc 129 127 (0.6928203230275509 0.023094010767585032 0.8)
	arc 126 42 (0.6728203230275509 0.011547005383792514 0)
	arc 127 43 (0.6728203230275509 0.011547005383792514 0.8)
	arc 2730 3192 (0.8422097051803666 0.0062499999999999995 0)
	arc 2731 3193 (0.8422097051803666 0.0062499999999999995 0.8)
	arc 3192 3194 (0.8313843876330611 0.0125 0)
	arc 3193 3195 (0.8313843876330611 0.0125 0.8)
	arc 3194 2724 (0.8205590700857556 0.0062499999999999995 0)
	arc 3195 2725 (0.8205590700857556 0.0062499999999999995 0.8)
	arc 52 136 (0.8513843876330611 0.011547005383792514 0)
	arc 53 137 (0.8513843876330611 0.011547005383792514 0.8)
	arc 136 134 (0.8313843876330611 0.023094010767585032 0)
	arc 137 135 (0.8313843876330611 0.023094010767585032 0.8)
	arc 134 50 (0.8113843876330611 0.011547005383792514 0)
	arc 135 51 (0.8113843876330611 0.011547005383792514 0.8)
	arc 2834 3200 (0.9807737697858768 0.0062499999999999995 0)
	arc 2835 3201 (0.9807737697858768 0.0062499999999999995 0.8)
	arc 3200 3202 (0.9699484522385713 0.0125 0)
	arc 3201 3203 (0.9699484522385713 0.0125 0.8)
	arc 3202 2828 (0.9591231346912658 0.0062499999999999995 0)
	arc 3203 2829 (0.9591231346912658 0.0062499999999999995 0.8)
	arc 60 144 (0.9899484522385713 0.011547005383792514 0)
	arc 61 145 (0.9899484522385713 0.011547005383792514 0.8)
	arc 144 142 (0.9699484522385713 0.023094010767585032 0)
	arc 145 143 (0.9699484522385713 0.023094010767585032 0.8)
	arc 142 58 (0.9499484522385713 0.011547005383792514 0)
	arc 143 59 (0.9499484522385713 0.011547005383792514 0.8)
	arc 2938 3208 (1.119337834391387 0.0062499999999999995 0)
	arc 2939 3209 (1.119337834391387 0.0062499999999999995 0.8)
	arc 3208 3210 (1.1085125168440815 0.0125 0)
	arc 3209 3211 (1.1085125168440815 0.0125 0.8)
	arc 3210 2932 (1.097687199296776 0.0062499999999999995 0)
	arc 3211 2933 (1.097687199296776 0.0062499999999999995 0.8)
	arc 68 152 (1.1285125168440815 0.011547005383792514 0)
	arc 69 153 (1.1285125168440815 0.011547005383792514 0.8)
	arc 152 150 (1.1085125168440815 0.023094010767585032 0)
	arc 153 151 (1.1085125168440815 0.023094010767585032 0.8)
	arc 150 66 (1.0885125168440815 0.011547005383792514 0)
	arc 151 67 (1.0885125168440815 0.011547005383792514 0.8)
	arc 3042 3216 (1.257901898996897 0.0062499999999999995 0)
	arc 3043 3217 (1.257901898996897 0.0062499999999999995 0.8)
	arc 3216 3218 (1.2470765814495917 0.0125 0)
	arc 3217 3219 (1.2470765814495917 0.0125 0.8)
	arc 3218 3036 (1.2362512639022862 0.0062499999999999995 0)
	arc 3219 3037 (1.2362512639022862 0.0062499999999999995 0.8)
	arc 76 160 (1.2670765814495917 0.011547005383792514 0)
	arc 77 161 (1.2670765814495917 0.011547005383792514 0.8)
	arc 160 158 (1.2470765814495917 0.023094010767585032 0)
	arc 161 159 (1.2470765814495917 0.023094010767585032 0.8)
	arc 158 74 (1.2270765814495916 0.011547005383792514 0)
	arc 159 75 (1.2270765814495916 0.011547005383792514 0.8)
	arc 2156 3220 (0.05845671475544961 0.03375 0)
	arc 2157 3221 (0.05845671475544961 0.03375 0.8)
	arc 3220 3222 (0.06928203230275509 0.0275 0)
	arc 3221 3223 (0.06928203230275509 0.0275 0.8)
	arc 3222 2162 (0.08010734985006057 0.033749999999999995 0)
	arc 3223 2163 (0.08010734985006057 0.033749999999999995 0.8)
	arc 174 90 (0.04928203230275509 0.028452994616207483 0)
	arc 175 91 (0.04928203230275509 0.028452994616207483 0.8)
	arc 90 92 (0.06928203230275509 0.01690598923241497 0)
	arc 91 93 (0.06928203230275509 0.01690598923241497 0.8)
	arc 92 176 (0.08928203230275508 0.028452994616207476 0)
	arc 93 177 (0.08928203230275508 0.028452994616207476 0.8)
	arc 2260 3228 (0.1970207793609598 0.03375 0)
	arc 2261 3229 (0.1970207793609598 0.03375 0.8)
	arc 3228 3230 (0.20784609690826528 0.0275 0)
	arc 3229 3231 (0.20784609690826528 0.0275 0.8)
	arc 3230 2266 (0.21867141445557076 0.033749999999999995 0)
	arc 3231 2267 (0.21867141445557076 0.033749999999999995 0.8)
	arc 182 98 (0.1878460969082653 0.028452994616207483 0)
	arc 183 99 (0.1878460969082653 0.028452994616207483 0.8)
	arc 98 100 (0.20784609690826528 0.01690598923241497 0)
	arc 99 101 (0.20784609690826528 0.01690598923241497 0.8)
	arc 100 184 (0.22784609690826527 0.028452994616207476 0)
	arc 101 185 (0.22784609690826527 0.028452994616207476 0.8)
	arc 2364 3236 (0.33558484396647 0.03375 0)
	arc 2365 3237 (0.33558484396647 0.03375 0.8)
	arc 3236 3238 (0.34641016151377546 0.0275 0)
	arc 3237 3239 (0.34641016151377546 0.0275 0.8)
	arc 3238 2370 (0.35723547906108094 0.033749999999999995 0)
	arc 3239 2371 (0.35723547906108094 0.033749999999999995 0.8)
	arc 190 106 (0.32641016151377544 0.028452994616207483 0)
	arc 191 107 (0.32641016151377544 0.028452994616207483 0.8)
	arc 106 108 (0.34641016151377546 0.01690598923241497 0)
	arc 107 109 (0.34641016151377546 0.01690598923241497 0.8)
	arc 108 192 (0.3664101615137755 0.028452994616207476 0)
	arc 109 193 (0.3664101615137755 0.028452994616207476 0.8)
	arc 2468 3244 (0.47414890857198017 0.03375 0)
	arc 2469 3245 (0.47414890857198017 0.03375 0.8)
	arc 3244 3246 (0.48497422611928565 0.0275 0)
	arc 3245 3247 (0.48497422611928565 0.0275 0.8)
	arc 3246 2474 (0.4957995436665911 0.033749999999999995 0)
	arc 3247 2475 (0.4957995436665911 0.033749999999999995 0.8)
	arc 198 114 (0.4649742261192856 0.028452994616207483 0)
	arc 199 115 (0.4649742261192856 0.028452994616207483 0.8)
	arc 114 116 (0.48497422611928565 0.01690598923241497 0)
	arc 115 117 (0.48497422611928565 0.01690598923241497 0.8)
	arc 116 200 (0.5049742261192857 0.028452994616207476 0)
	arc 117 201 (0.5049742261192857 0.028452994616207476 0.8)
	arc 2572 3252 (0.6127129731774904 0.03375 0)
	arc 2573 3253 (0.6127129731774904 0.03375 0.8)
	arc 3252 3254 (0.6235382907247959 0.0275 0)
	arc 3253 3255 (0.6235382907247959 0.0275 0.8)
	arc 3254 2578 (0.6343636082721014 0.033749999999999995 0)
	arc 3255 2579 (0.6343636082721014 0.033749999999999995 0.8)
	arc 206 122 (0.6035382907247959 0.028452994616207483 0)
	arc 207 123 (0.6035382907247959 0.028452994616207483 0.8)
	arc 122 124 (0.6235382907247959 0.01690598923241497 0)
	arc 123 125 (0.6235382907247959 0.01690598923241497 0.8)
	arc 124 208 (0.643538290724796 0.028452994616207476 0)
	arc 125 209 (0.643538290724796 0.028452994616207476 0.8)
	arc 2676 3260 (0.7512770377830006 0.03375 0)
	arc 2677 3261 (0.7512770377830006 0.03375 0.8)
	arc 3260 3262 (0.7621023553303061 0.0275 0)
	arc 3261 3263 (0.7621023553303061 0.0275 0.8)
	arc 3262 2682 (0.7729276728776115 0.033749999999999995 0)
	arc 3263 2683 (0.7729276728776115 0.033749999999999995 0.8)
	arc 214 130 (0.7421023553303061 0.028452994616207483 0)
	arc 215 131 (0.7421023553303061 0.028452994616207483 0.8)
	arc 130 132 (0.7621023553303061 0.01690598923241497 0)
	arc 131 133 (0.7621023553303061 0.01690598923241497 0.8)
	arc 132 216 (0.7821023553303061 0.028452994616207476 0)
	arc 133 217 (0.7821023553303061 0.028452994616207476 0.8)
	arc 2780 3268 (0.8898411023885108 0.03375 0)
	arc 2781 3269 (0.8898411023885108 0.03375 0.8)
	arc 3268 3270 (0.9006664199358163 0.0275 0)
	arc 3269 3271 (0.9006664199358163 0.0275 0.8)
	arc 3270 2786 (0.9114917374831217 0.033749999999999995 0)
	arc 3271 2787 (0.9114917374831217 0.033749999999999995 0.8)
	arc 222 138 (0.8806664199358163 0.028452994616207483 0)
	arc 223 139 (0.8806664199358163 0.028452994616207483 0.8)
	arc 138 140 (0.9006664199358163 0.01690598923241497 0)
	arc 139 141 (0.9006664199358163 0.01690598923241497 0.8)
	arc 140 224 (0.9206664199358163 0.028452994616207476 0)
	arc 141 225 (0.9206664199358163 0.028452994616207476 0.8)
	arc 2884 3276 (1.028405166994021 0.03375 0)
	arc 2885 3277 (1.028405166994021 0.03375 0.8)
	arc 3276 3278 (1.0392304845413265 0.0275 0)
	arc 3277 3279 (1.0392304845413265 0.0275 0.8)
	arc 3278 2890 (1.050055802088632 0.033749999999999995 0)
	arc 3279 2891 (1.050055802088632 0.033749999999999995 0.8)
	arc 230 146 (1.0192304845413265 0.028452994616207483 0)
	arc 231 147 (1.0192304845413265 0.028452994616207483 0.8)
	arc 146 148 (1.0392304845413265 0.01690598923241497 0)
	arc 147 149 (1.0392304845413265 0.01690598923241497 0.8)
	arc 148 232 (1.0592304845413265 0.028452994616207476 0)
	arc 149 233 (1.0592304845413265 0.028452994616207476 0.8)
	arc 2988 3284 (1.166969231599531 0.03375 0)
	arc 2989 3285 (1.166969231599531 0.03375 0.8)
	arc 3284 3286 (1.1777945491468365 0.0275 0)
	arc 3285 3287 (1.1777945491468365 0.0275 0.8)
	arc 3286 2994 (1.1886198666941419 0.033749999999999995 0)
	arc 3287 2995 (1.1886198666941419 0.033749999999999995 0.8)
	arc 238 154 (1.1577945491468364 0.028452994616207483 0)
	arc 239 155 (1.1577945491468364 0.028452994616207483 0.8)
	arc 154 156 (1.1777945491468365 0.01690598923241497 0)
	arc 155 157 (1.1777945491468365 0.01690598923241497 0.8)
	arc 156 240 (1.1977945491468365 0.028452994616207476 0)
	arc 157 241 (1.1977945491468365 0.028452994616207476 0.8)
	arc 3092 3292 (1.3055332962050414 0.03375 0)
	arc 3093 3293 (1.3055332962050414 0.03375 0.8)
	arc 3292 3294 (1.3163586137523469 0.0275 0)
	arc 3293 3295 (1.3163586137523469 0.0275 0.8)
	arc 3294 3098 (1.3271839312996523 0.033749999999999995 0)
	arc 3295 3099 (1.3271839312996523 0.033749999999999995 0.8)
	arc 246 162 (1.2963586137523468 0.028452994616207483 0)
	arc 247 163 (1.2963586137523468 0.028452994616207483 0.8)
	arc 162 164 (1.3163586137523469 0.01690598923241497 0)
	arc 163 165 (1.3163586137523469 0.01690598923241497 0.8)
	arc 164 248 (1.3363586137523469 0.028452994616207476 0)
	arc 165 249 (1.3363586137523469 0.028452994616207476 0.8)
	arc 2162 3304 (0.08010734985006057 0.04625 0)
	arc 2163 3305 (0.08010734985006057 0.04625 0.8)
	arc 3304 3306 (0.06928203230275509 0.052500000000000005 0)
	arc 3305 3307 (0.06928203230275509 0.052500000000000005 0.8)
	arc 3306 2156 (0.058456714755449606 0.04625 0)
	arc 3307 2157 (0.058456714755449606 0.04625 0.8)
	arc 176 260 (0.0892820323027551 0.05154700538379252 0)
	arc 177 261 (0.0892820323027551 0.05154700538379252 0.8)
	arc 260 258 (0.06928203230275509 0.06309401076758503 0)
	arc 261 259 (0.06928203230275509 0.06309401076758503 0.8)
	arc 258 174 (0.04928203230275509 0.05154700538379252 0)
	arc 259 175 (0.04928203230275509 0.05154700538379252 0.8)
	arc 2266 3312 (0.21867141445557076 0.04625 0)
	arc 2267 3313 (0.21867141445557076 0.04625 0.8)
	arc 3312 3314 (0.20784609690826528 0.052500000000000005 0)
	arc 3313 3315 (0.20784609690826528 0.052500000000000005 0.8)
	arc 3314 2260 (0.1970207793609598 0.04625 0)
	arc 3315 2261 (0.1970207793609598 0.04625 0.8)
	arc 184 268 (0.2278460969082653 0.05154700538379252 0)
	arc 185 269 (0.2278460969082653 0.05154700538379252 0.8)
	arc 268 266 (0.20784609690826528 0.06309401076758503 0)
	arc 269 267 (0.20784609690826528 0.06309401076758503 0.8)
	arc 266 182 (0.18784609690826526 0.05154700538379252 0)
	arc 267 183 (0.18784609690826526 0.05154700538379252 0.8)
	arc 2370 3320 (0.35723547906108094 0.04625 0)
	arc 2371 3321 (0.35723547906108094 0.04625 0.8)
	arc 3320 3322 (0.34641016151377546 0.052500000000000005 0)
	arc 3321 3323 (0.34641016151377546 0.052500000000000005 0.8)
	arc 3322 2364 (0.33558484396647 0.04625 0)
	arc 3323 2365 (0.33558484396647 0.04625 0.8)
	arc 192 276 (0.3664101615137755 0.05154700538379252 0)
	arc 193 277 (0.3664101615137755 0.05154700538379252 0.8)
	arc 276 274 (0.34641016151377546 0.06309401076758503 0)
	arc 277 275 (0.34641016151377546 0.06309401076758503 0.8)
	arc 274 190 (0.32641016151377544 0.05154700538379252 0)
	arc 275 191 (0.32641016151377544 0.05154700538379252 0.8)
	arc 2474 3328 (0.4957995436665911 0.04625 0)
	arc 2475 3329 (0.4957995436665911 0.04625 0.8)
	arc 3328 3330 (0.48497422611928565 0.052500000000000005 0)
	arc 3329 3331 (0.48497422611928565 0.052500000000000005 0.8)
	arc 3330 2468 (0.47414890857198017 0.04625 0)
	arc 3331 2469 (0.47414890857198017 0.04625 0.8)
	arc 200 284 (0.5049742261192857 0.05154700538379252 0)
	arc 201 285 (0.5049742261192857 0.05154700538379252 0.8)
	arc 284 282 (0.48497422611928565 0.06309401076758503 0)
	arc 285 283 (0.48497422611928565 0.06309401076758503 0.8)
	arc 282 198 (0.4649742261192856 0.05154700538379252 0)
	arc 283 199 (0.4649742261192856 0.05154700538379252 0.8)
	arc 2578 3336 (0.6343636082721015 0.04625 0)
	arc 2579 3337 (0.6343636082721015 0.04625 0.8)
	arc 3336 3338 (0.6235382907247959 0.052500000000000005 0)
	arc 3337 3339 (0.6235382907247959 0.052500000000000005 0.8)
	arc 3338 2572 (0.6127129731774904 0.04625 0)
	arc 3339 2573 (0.6127129731774904 0.04625 0.8)
	arc 208 292 (0.643538290724796 0.05154700538379252 0)
	arc 209 293 (0.643538290724796 0.05154700538379252 0.8)
	arc 292 290 (0.6235382907247959 0.06309401076758503 0)
	arc 293 291 (0.6235382907247959 0.06309401076758503 0.8)
	arc 290 206 (0.6035382907247959 0.05154700538379252 0)
	arc 291 207 (0.6035382907247959 0.05154700538379252 0.8)
	arc 2682 3344 (0.7729276728776117 0.04625 0)
	arc 2683 3345 (0.7729276728776117 0.04625 0.8)
	arc 3344 3346 (0.7621023553303061 0.052500000000000005 0)
	arc 3345 3347 (0.7621023553303061 0.052500000000000005 0.8)
	arc 3346 2676 (0.7512770377830006 0.04625 0)
	arc 3347 2677 (0.7512770377830006 0.04625 0.8)
	arc 216 300 (0.7821023553303061 0.05154700538379252 0)
	arc 217 301 (0.7821023553303061 0.05154700538379252 0.8)
	arc 300 298 (0.7621023553303061 0.06309401076758503 0)
	arc 301 299 (0.7621023553303061 0.06309401076758503 0.8)
	arc 298 214 (0.7421023553303061 0.05154700538379252 0)
	arc 299 215 (0.7421023553303061 0.05154700538379252 0.8)
	arc 2786 3352 (0.9114917374831218 0.04625 0)
	arc 2787 3353 (0.9114917374831218 0.04625 0.8)
	arc 3352 3354 (0.9006664199358163 0.052500000000000005 0)
	arc 3353 3355 (0.9006664199358163 0.052500000000000005 0.8)
	arc 3354 2780 (0.8898411023885108 0.04625 0)
	arc 3355 2781 (0.8898411023885108 0.04625 0.8)
	arc 224 308 (0.9206664199358163 0.05154700538379252 0)
	arc 225 309 (0.9206664199358163 0.05154700538379252 0.8)
	arc 308 306 (0.9006664199358163 0.06309401076758503 0)
	arc 309 307 (0.9006664199358163 0.06309401076758503 0.8)
	arc 306 222 (0.8806664199358163 0.05154700538379252 0)
	arc 307 223 (0.8806664199358163 0.05154700538379252 0.8)
	arc 2890 3360 (1.050055802088632 0.04625 0)
	arc 2891 3361 (1.050055802088632 0.04625 0.8)
	arc 3360 3362 (1.0392304845413265 0.052500000000000005 0)
	arc 3361 3363 (1.0392304845413265 0.052500000000000005 0.8)
	arc 3362 2884 (1.028405166994021 0.04625 0)
	arc 3363 2885 (1.028405166994021 0.04625 0.8)
	arc 232 316 (1.0592304845413265 0.05154700538379252 0)
	arc 233 317 (1.0592304845413265 0.05154700538379252 0.8)
	arc 316 314 (1.0392304845413265 0.06309401076758503 0)
	arc 317 315 (1.0392304845413265 0.06309401076758503 0.8)
	arc 314 230 (1.0192304845413265 0.05154700538379252 0)
	arc 315 231 (1.0192304845413265 0.05154700538379252 0.8)
	arc 2994 3368 (1.1886198666941419 0.04625 0)
	arc 2995 3369 (1.1886198666941419 0.04625 0.8)
	arc 3368 3370 (1.1777945491468365 0.052500000000000005 0)
	arc 3369 3371 (1.1777945491468365 0.052500000000000005 0.8)
	arc 3370 2988 (1.166969231599531 0.04625 0)
	arc 3371 2989 (1.166969231599531 0.04625 0.8)
	arc 240 324 (1.1977945491468365 0.05154700538379252 0)
	arc 241 325 (1.1977945491468365 0.05154700538379252 0.8)
	arc 324 322 (1.1777945491468365 0.06309401076758503 0)
	arc 325 323 (1.1777945491468365 0.06309401076758503 0.8)
	arc 322 238 (1.1577945491468364 0.05154700538379252 0)
	arc 323 239 (1.1577945491468364 0.05154700538379252 0.8)
	arc 3098 3376 (1.3271839312996523 0.04625 0)
	arc 3099 3377 (1.3271839312996523 0.04625 0.8)
	arc 3376 3378 (1.3163586137523469 0.052500000000000005 0)
	arc 3377 3379 (1.3163586137523469 0.052500000000000005 0.8)
	arc 3378 3092 (1.3055332962050414 0.04625 0)
	arc 3379 3093 (1.3055332962050414 0.04625 0.8)
	arc 248 332 (1.3363586137523469 0.05154700538379252 0)
	arc 249 333 (1.3363586137523469 0.05154700538379252 0.8)
	arc 332 330 (1.3163586137523469 0.06309401076758503 0)
	arc 333 331 (1.3163586137523469 0.06309401076758503 0.8)
	arc 330 246 (1.2963586137523468 0.05154700538379252 0)
	arc 331 247 (1.2963586137523468 0.05154700538379252 0.8)
	arc 2108 3380 (-0.010825317547305483 0.07375 0)
	arc 2109 3381 (-0.010825317547305483 0.07375 0.8)
	arc 3380 3382 (-3.1635744863896907e-18 0.0675 0)
	arc 3381 3383 (-3.1635744863896907e-18 0.0675 0.8)
	arc 3382 2114 (0.01082531754730548 0.07375 0)
	arc 3383 2115 (0.01082531754730548 0.07375 0.8)
	arc 338 254 (-0.02 0.06845299461620749 0)
	arc 339 255 (-0.02 0.06845299461620749 0.8)
	arc 254 256 (-5.109662692888031e-18 0.056905989232414966 0)
	arc 255 257 (-5.109662692888031e-18 0.056905989232414966 0.8)
	arc 256 340 (0.019999999999999993 0.06845299461620748 0)
	arc 257 341 (0.019999999999999993 0.06845299461620748 0.8)
	arc 2212 3388 (0.1277387470582047 0.07375 0)
	arc 2213 3389 (0.1277387470582047 0.07375 0.8)
	arc 3388 3390 (0.13856406460551018 0.0675 0)
	arc 3389 3391 (0.13856406460551018 0.0675 0.8)
	arc 3390 2218 (0.14938938215281566 0.07375 0)
	arc 3391 2219 (0.14938938215281566 0.07375 0.8)
	arc 346 262 (0.11856406460551018 0.06845299461620749 0)
	arc 347 263 (0.11856406460551018 0.06845299461620749 0.8)
	arc 262 264 (0.13856406460551018 0.056905989232414966 0)
	arc 263 265 (0.13856406460551018 0.056905989232414966 0.8)
	arc 264 348 (0.15856406460551017 0.06845299461620748 0)
	arc 265 349 (0.15856406460551017 0.06845299461620748 0.8)
	arc 2316 3396 (0.2663028116637149 0.07375 0)
	arc 2317 3397 (0.2663028116637149 0.07375 0.8)
	arc 3396 3398 (0.27712812921102037 0.0675 0)
	arc 3397 3399 (0.27712812921102037 0.0675 0.8)
	arc 3398 2322 (0.28795344675832585 0.07375 0)
	arc 3399 2323 (0.28795344675832585 0.07375 0.8)
	arc 354 270 (0.25712812921102035 0.06845299461620749 0)
	arc 355 271 (0.25712812921102035 0.06845299461620749 0.8)
	arc 270 272 (0.27712812921102037 0.056905989232414966 0)
	arc 271 273 (0.27712812921102037 0.056905989232414966 0.8)
	arc 272 356 (0.2971281292110204 0.06845299461620748 0)
	arc 273 357 (0.2971281292110204 0.06845299461620748 0.8)
	arc 2420 3404 (0.4048668762692251 0.07375 0)
	arc 2421 3405 (0.4048668762692251 0.07375 0.8)
	arc 3404 3406 (0.41569219381653055 0.0675 0)
	arc 3405 3407 (0.41569219381653055 0.0675 0.8)
	arc 3406 2426 (0.42651751136383603 0.07375 0)
	arc 3407 2427 (0.42651751136383603 0.07375 0.8)
	arc 362 278 (0.39569219381653054 0.06845299461620749 0)
	arc 363 279 (0.39569219381653054 0.06845299461620749 0.8)
	arc 278 280 (0.41569219381653055 0.056905989232414966 0)
	arc 279 281 (0.41569219381653055 0.056905989232414966 0.8)
	arc 280 364 (0.43569219381653057 0.06845299461620748 0)
	arc 281 365 (0.43569219381653057 0.06845299461620748 0.8)
	arc 2524 3412 (0.5434309408747352 0.07375 0)
	arc 2525 3413 (0.5434309408747352 0.07375 0.8)
	arc 3412 3414 (0.5542562584220407 0.0675 0)
	arc 3413 3415 (0.5542562584220407 0.0675 0.8)
	arc 3414 2530 (0.5650815759693462 0.07375 0)
	arc 3415 2531 (0.5650815759693462 0.07375 0.8)
	arc 370 286 (0.5342562584220407 0.06845299461620749 0)
	arc 371 287 (0.5342562584220407 0.06845299461620749 0.8)
	arc 286 288 (0.5542562584220407 0.056905989232414966 0)
	arc 287 289 (0.5542562584220407 0.056905989232414966 0.8)
	arc 288 372 (0.5742562584220408 0.06845299461620748 0)
	arc 289 373 (0.5742562584220408 0.06845299461620748 0.8)
	arc 2628 3420 (0.6819950054802454 0.07375 0)
	arc 2629 3421 (0.6819950054802454 0.07375 0.8)
	arc 3420 3422 (0.6928203230275509 0.0675 0)
	arc 3421 3423 (0.6928203230275509 0.0675 0.8)
	arc 3422 2634 (0.7036456405748563 0.07375 0)
	arc 3423 2635 (0.7036456405748563 0.07375 0.8)
	arc 378 294 (0.6728203230275509 0.06845299461620749 0)
	arc 379 295 (0.6728203230275509 0.06845299461620749 0.8)
	arc 294 296 (0.6928203230275509 0.056905989232414966 0)
	arc 295 297 (0.6928203230275509 0.056905989232414966 0.8)
	arc 296 380 (0.7128203230275509 0.06845299461620748 0)
	arc 297 381 (0.7128203230275509 0.06845299461620748 0.8)
	arc 2732 3428 (0.8205590700857556 0.07375 0)
	arc 2733 3429 (0.8205590700857556 0.07375 0.8)
	arc 3428 3430 (0.8313843876330611 0.0675 0)
	arc 3429 3431 (0.8313843876330611 0.0675 0.8)
	arc 3430 2738 (0.8422097051803665 0.07375 0)
	arc 3431 2739 (0.8422097051803665 0.07375 0.8)
	arc 386 302 (0.8113843876330611 0.06845299461620749 0)
	arc 387 303 (0.8113843876330611 0.06845299461620749 0.8)
	arc 302 304 (0.8313843876330611 0.056905989232414966 0)
	arc 303 305 (0.8313843876330611 0.056905989232414966 0.8)
	arc 304 388 (0.8513843876330611 0.06845299461620748 0)
	arc 305 389 (0.8513843876330611 0.06845299461620748 0.8)
	arc 2836 3436 (0.9591231346912658 0.07375 0)
	arc 2837 3437 (0.9591231346912658 0.07375 0.8)
	arc 3436 3438 (0.9699484522385713 0.0675 0)
	arc 3437 3439 (0.9699484522385713 0.0675 0.8)
	arc 3438 2842 (0.9807737697858767 0.07375 0)
	arc 3439 2843 (0.9807737697858767 0.07375 0.8)
	arc 394 310 (0.9499484522385713 0.06845299461620749 0)
	arc 395 311 (0.9499484522385713 0.06845299461620749 0.8)
	arc 310 312 (0.9699484522385713 0.056905989232414966 0)
	arc 311 313 (0.9699484522385713 0.056905989232414966 0.8)
	arc 312 396 (0.9899484522385713 0.06845299461620748 0)
	arc 313 397 (0.9899484522385713 0.06845299461620748 0.8)
	arc 2940 3444 (1.097687199296776 0.07375 0)
	arc 2941 3445 (1.097687199296776 0.07375 0.8)
	arc 3444 3446 (1.1085125168440815 0.0675 0)
	arc 3445 3447 (1.1085125168440815 0.0675 0.8)
	arc 3446 2946 (1.119337834391387 0.07375 0)
	arc 3447 2947 (1.119337834391387 0.07375 0.8)
	arc 402 318 (1.0885125168440815 0.06845299461620749 0)
	arc 403 319 (1.0885125168440815 0.06845299461620749 0.8)
	arc 318 320 (1.1085125168440815 0.056905989232414966 0)
	arc 319 321 (1.1085125168440815 0.056905989232414966 0.8)
	arc 320 404 (1.1285125168440815 0.06845299461620748 0)
	arc 321 405 (1.1285125168440815 0.06845299461620748 0.8)
	arc 3044 3452 (1.2362512639022862 0.07375 0)
	arc 3045 3453 (1.2362512639022862 0.07375 0.8)
	arc 3452 3454 (1.2470765814495917 0.0675 0)
	arc 3453 3455 (1.2470765814495917 0.0675 0.8)
	arc 3454 3050 (1.257901898996897 0.07375 0)
	arc 3455 3051 (1.257901898996897 0.07375 0.8)
	arc 410 326 (1.2270765814495916 0.06845299461620749 0)
	arc 411 327 (1.2270765814495916 0.06845299461620749 0.8)
	arc 326 328 (1.2470765814495917 0.056905989232414966 0)
	arc 327 329 (1.2470765814495917 0.056905989232414966 0.8)
	arc 328 412 (1.2670765814495917 0.06845299461620748 0)
	arc 329 413 (1.2670765814495917 0.06845299461620748 0.8)
	arc 2114 3464 (0.010825317547305483 0.08625000000000001 0)
	arc 2115 3465 (0.010825317547305483 0.08625000000000001 0.8)
	arc 3464 3466 (-9.693192265097113e-19 0.0925 0)
	arc 3465 3467 (-9.693192265097113e-19 0.0925 0.8)
	arc 3466 2108 (-0.010825317547305487 0.08625000000000001 0)
	arc 3467 2109 (-0.010825317547305487 0.08625000000000001 0.8)
	arc 340 424 (0.020000000000000004 0.09154700538379251 0)
	arc 341 425 (0.020000000000000004 0.09154700538379251 0.8)
	arc 424 422 (-3.206231576769311e-19 0.10309401076758504 0)
	arc 425 423 (-3.206231576769311e-19 0.10309401076758504 0.8)
	arc 422 338 (-0.020000000000000004 0.09154700538379251 0)
	arc 423 339 (-0.020000000000000004 0.09154700538379251 0.8)
	arc 2218 3472 (0.14938938215281566 0.08625000000000001 0)
	arc 2219 3473 (0.14938938215281566 0.08625000000000001 0.8)
	arc 3472 3474 (0.13856406460551018 0.0925 0)
	arc 3473 3475 (0.13856406460551018 0.0925 0.8)
	arc 3474 2212 (0.1277387470582047 0.08625000000000001 0)
	arc 3475 2213 (0.1277387470582047 0.08625000000000001 0.8)
	arc 348 432 (0.1585640646055102 0.09154700538379251 0)
	arc 349 433 (0.1585640646055102 0.09154700538379251 0.8)
	arc 432 430 (0.13856406460551018 0.10309401076758504 0)
	arc 433 431 (0.13856406460551018 0.10309401076758504 0.8)
	arc 430 346 (0.11856406460551018 0.09154700538379251 0)
	arc 431 347 (0.11856406460551018 0.09154700538379251 0.8)
	arc 2322 3480 (0.28795344675832585 0.08625000000000001 0)
	arc 2323 3481 (0.28795344675832585 0.08625000000000001 0.8)
	arc 3480 3482 (0.27712812921102037 0.0925 0)
	arc 3481 3483 (0.27712812921102037 0.0925 0.8)
	arc 3482 2316 (0.2663028116637149 0.08625000000000001 0)
	arc 3483 2317 (0.2663028116637149 0.08625000000000001 0.8)
	arc 356 440 (0.2971281292110204 0.09154700538379251 0)
	arc 357 441 (0.2971281292110204 0.09154700538379251 0.8)
	arc 440 438 (0.27712812921102037 0.10309401076758504 0)
	arc 441 439 (0.27712812921102037 0.10309401076758504 0.8)
	arc 438 354 (0.25712812921102035 0.09154700538379251 0)
	arc 439 355 (0.25712812921102035 0.09154700538379251 0.8)
	arc 2426 3488 (0.42651751136383603 0.08625000000000001 0)
	arc 2427 3489 (0.42651751136383603 0.08625000000000001 0.8)
	arc 3488 3490 (0.41569219381653055 0.0925 0)
	arc 3489 3491 (0.41569219381653055 0.0925 0.8)
	arc 3490 2420 (0.4048668762692251 0.08625000000000001 0)
	arc 3491 2421 (0.4048668762692251 0.08625000000000001 0.8)
	arc 364 448 (0.43569219381653057 0.09154700538379251 0)
	arc 365 449 (0.43569219381653057 0.09154700538379251 0.8)
	arc 448 446 (0.41569219381653055 0.10309401076758504 0)
	arc 449 447 (0.41569219381653055 0.10309401076758504 0.8)
	arc 446 362 (0.39569219381653054 0.09154700538379251 0)
	arc 447 363 (0.39569219381653054 0.09154700538379251 0.8)
	arc 2530 3496 (0.5650815759693463 0.08625000000000001 0)
	arc 2531 3497 (0.5650815759693463 0.08625000000000001 0.8)
	arc 3496 3498 (0.5542562584220407 0.0925 0)
	arc 3497 3499 (0.5542562584220407 0.0925 0.8)
	arc 3498 2524 (0.5434309408747352 0.08625000000000001 0)
	arc 3499 2525 (0.5434309408747352 0.08625000000000001 0.8)
	arc 372 456 (0.5742562584220408 0.09154700538379251 0)
	arc 373 457 (0.5742562584220408 0.09154700538379251 0.8)
	arc 456 454 (0.5542562584220407 0.10309401076758504 0)
	arc 457 455 (0.5542562584220407 0.10309401076758504 0.8)
	arc 454 370 (0.5342562584220407 0.09154700538379251 0)
	arc 455 371 (0.5342562584220407 0.09154700538379251 0.8)
	arc 2634 3504 (0.7036456405748565 0.08625000000000001 0)
	arc 2635 3505 (0.7036456405748565 0.08625000000000001 0.8)
	arc 3504 3506 (0.6928203230275509 0.0925 0)
	arc 3505 3507 (0.6928203230275509 0.0925 0.8)
	arc 3506 2628 (0.6819950054802454 0.08625000000000001 0)
	arc 3507 2629 (0.6819950054802454 0.08625000000000001 0.8)
	arc 380 464 (0.7128203230275509 0.09154700538379251 0)
	arc 381 465 (0.7128203230275509 0.09154700538379251 0.8)
	arc 464 462 (0.6928203230275509 0.10309401076758504 0)
	arc 465 463 (0.6928203230275509 0.10309401076758504 0.8)
	arc 462 378 (0.6728203230275509 0.09154700538379251 0)
	arc 463 379 (0.6728203230275509 0.09154700538379251 0.8)
	arc 2738 3512 (0.8422097051803666 0.08625000000000001 0)
	arc 2739 3513 (0.8422097051803666 0.08625000000000001 0.8)
	arc 3512 3514 (0.8313843876330611 0.0925 0)
	arc 3513 3515 (0.8313843876330611 0.0925 0.8)
	arc 3514 2732 (0.8205590700857556 0.08625000000000001 0)
	arc 3515 2733 (0.8205590700857556 0.08625000000000001 0.8)
	arc 388 472 (0.8513843876330611 0.09154700538379251 0)
	arc 389 473 (0.8513843876330611 0.09154700538379251 0.8)
	arc 472 470 (0.8313843876330611 0.10309401076758504 0)
	arc 473 471 (0.8313843876330611 0.10309401076758504 0.8)
	arc 470 386 (0.8113843876330611 0.09154700538379251 0)
	arc 471 387 (0.8113843876330611 0.09154700538379251 0.8)
	arc 2842 3520 (0.9807737697858768 0.08625000000000001 0)
	arc 2843 3521 (0.9807737697858768 0.08625000000000001 0.8)
	arc 3520 3522 (0.9699484522385713 0.0925 0)
	arc 3521 3523 (0.9699484522385713 0.0925 0.8)
	arc 3522 2836 (0.9591231346912658 0.08625000000000001 0)
	arc 3523 2837 (0.9591231346912658 0.08625000000000001 0.8)
	arc 396 480 (0.9899484522385713 0.09154700538379251 0)
	arc 397 481 (0.9899484522385713 0.09154700538379251 0.8)
	arc 480 478 (0.9699484522385713 0.10309401076758504 0)
	arc 481 479 (0.9699484522385713 0.10309401076758504 0.8)
	arc 478 394 (0.9499484522385713 0.09154700538379251 0)
	arc 479 395 (0.9499484522385713 0.09154700538379251 0.8)
	arc 2946 3528 (1.119337834391387 0.08625000000000001 0)
	arc 2947 3529 (1.119337834391387 0.08625000000000001 0.8)
	arc 3528 3530 (1.1085125168440815 0.0925 0)
	arc 3529 3531 (1.1085125168440815 0.0925 0.8)
	arc 3530 2940 (1.097687199296776 0.08625000000000001 0)
	arc 3531 2941 (1.097687199296776 0.08625000000000001 0.8)
	arc 404 488 (1.1285125168440815 0.09154700538379251 0)
	arc 405 489 (1.1285125168440815 0.09154700538379251 0.8)
	arc 488 486 (1.1085125168440815 0.10309401076758504 0)
	arc 489 487 (1.1085125168440815 0.10309401076758504 0.8)
	arc 486 402 (1.0885125168440815 0.09154700538379251 0)
	arc 487 403 (1.0885125168440815 0.09154700538379251 0.8)
	arc 3050 3536 (1.257901898996897 0.08625000000000001 0)
	arc 3051 3537 (1.257901898996897 0.08625000000000001 0.8)
	arc 3536 3538 (1.2470765814495917 0.0925 0)
	arc 3537 3539 (1.2470765814495917 0.0925 0.8)
	arc 3538 3044 (1.2362512639022862 0.08625000000000001 0)
	arc 3539 3045 (1.2362512639022862 0.08625000000000001 0.8)
	arc 412 496 (1.2670765814495917 0.09154700538379251 0)
	arc 413 497 (1.2670765814495917 0.09154700538379251 0.8)
	arc 496 494 (1.2470765814495917 0.10309401076758504 0)
	arc 497 495 (1.2470765814495917 0.10309401076758504 0.8)
	arc 494 410 (1.2270765814495916 0.09154700538379251 0)
	arc 495 411 (1.2270765814495916 0.09154700538379251 0.8)
	arc 2164 3540 (0.05845671475544961 0.11374999999999999 0)
	arc 2165 3541 (0.05845671475544961 0.11374999999999999 0.8)
	arc 3540 3542 (0.06928203230275509 0.1075 0)
	arc 3541 3543 (0.06928203230275509 0.1075 0.8)
	arc 3542 2170 (0.08010734985006057 0.11374999999999999 0)
	arc 3543 2171 (0.08010734985006057 0.11374999999999999 0.8)
	arc 510 426 (0.04928203230275509 0.10845299461620747 0)
	arc 511 427 (0.04928203230275509 0.10845299461620747 0.8)
	arc 426 428 (0.06928203230275509 0.09690598923241496 0)
	arc 427 429 (0.06928203230275509 0.09690598923241496 0.8)
	arc 428 512 (0.08928203230275508 0.10845299461620747 0)
	arc 429 513 (0.08928203230275508 0.10845299461620747 0.8)
	arc 2268 3548 (0.1970207793609598 0.11374999999999999 0)
	arc 2269 3549 (0.1970207793609598 0.11374999999999999 0.8)
	arc 3548 3550 (0.20784609690826528 0.1075 0)
	arc 3549 3551 (0.20784609690826528 0.1075 0.8)
	arc 3550 2274 (0.21867141445557076 0.11374999999999999 0)
	arc 3551 2275 (0.21867141445557076 0.11374999999999999 0.8)
	arc 518 434 (0.1878460969082653 0.10845299461620747 0)
	arc 519 435 (0.1878460969082653 0.10845299461620747 0.8)
	arc 434 436 (0.20784609690826528 0.09690598923241496 0)
	arc 435 437 (0.20784609690826528 0.09690598923241496 0.8)
	arc 436 520 (0.22784609690826527 0.10845299461620747 0)
	arc 437 521 (0.22784609690826527 0.10845299461620747 0.8)
	arc 2372 3556 (0.33558484396647 0.11374999999999999 0)
	arc 2373 3557 (0.33558484396647 0.11374999999999999 0.8)
	arc 3556 3558 (0.34641016151377546 0.1075 0)
	arc 3557 3559 (0.34641016151377546 0.1075 0.8)
	arc 3558 2378 (0.35723547906108094 0.11374999999999999 0)
	arc 3559 2379 (0.35723547906108094 0.11374999999999999 0.8)
	arc 526 442 (0.32641016151377544 0.10845299461620747 0)
	arc 527 443 (0.32641016151377544 0.10845299461620747 0.8)
	arc 442 444 (0.34641016151377546 0.09690598923241496 0)
	arc 443 445 (0.34641016151377546 0.09690598923241496 0.8)
	arc 444 528 (0.3664101615137755 0.10845299461620747 0)
	arc 445 529 (0.3664101615137755 0.10845299461620747 0.8)
	arc 2476 3564 (0.47414890857198017 0.11374999999999999 0)
	arc 2477 3565 (0.47414890857198017 0.11374999999999999 0.8)
	arc 3564 3566 (0.48497422611928565 0.1075 0)
	arc 3565 3567 (0.48497422611928565 0.1075 0.8)
	arc 3566 2482 (0.4957995436665911 0.11374999999999999 0)
	arc 3567 2483 (0.4957995436665911 0.11374999999999999 0.8)
	arc 534 450 (0.4649742261192856 0.10845299461620747 0)
	arc 535 451 (0.4649742261192856 0.10845299461620747 0.8)
	arc 450 452 (0.48497422611928565 0.09690598923241496 0)
	arc 451 453 (0.48497422611928565 0.09690598923241496 0.8)
	arc 452 536 (0.5049742261192857 0.10845299461620747 0)
	arc 453 537 (0.5049742261192857 0.10845299461620747 0.8)
	arc 2580 3572 (0.6127129731774904 0.11374999999999999 0)
	arc 2581 3573 (0.6127129731774904 0.11374999999999999 0.8)
	arc 3572 3574 (0.6235382907247959 0.1075 0)
	arc 3573 3575 (0.6235382907247959 0.1075 0.8)
	arc 3574 2586 (0.6343636082721014 0.11374999999999999 0)
	arc 3575 2587 (0.6343636082721014 0.11374999999999999 0.8)
	arc 542 458 (0.6035382907247959 0.10845299461620747 0)
	arc 543 459 (0.6035382907247959 0.10845299461620747 0.8)
	arc 458 460 (0.6235382907247959 0.09690598923241496 0)
	arc 459 461 (0.6235382907247959 0.09690598923241496 0.8)
	arc 460 544 (0.643538290724796 0.10845299461620747 0)
	arc 461 545 (0.643538290724796 0.10845299461620747 0.8)
	arc 2684 3580 (0.7512770377830006 0.11374999999999999 0)
	arc 2685 3581 (0.7512770377830006 0.11374999999999999 0.8)
	arc 3580 3582 (0.7621023553303061 0.1075 0)
	arc 3581 3583 (0.7621023553303061 0.1075 0.8)
	arc 3582 2690 (0.7729276728776115 0.11374999999999999 0)
	arc 3583 2691 (0.7729276728776115 0.11374999999999999 0.8)
	arc 550 466 (0.7421023553303061 0.10845299461620747 0)
	arc 551 467 (0.7421023553303061 0.10845299461620747 0.8)
	arc 466 468 (0.7621023553303061 0.09690598923241496 0)
	arc 467 469 (0.7621023553303061 0.09690598923241496 0.8)
	arc 468 552 (0.7821023553303061 0.10845299461620747 0)
	arc 469 553 (0.7821023553303061 0.10845299461620747 0.8)
	arc 2788 3588 (0.8898411023885108 0.11374999999999999 0)
	arc 2789 3589 (0.8898411023885108 0.11374999999999999 0.8)
	arc 3588 3590 (0.9006664199358163 0.1075 0)
	arc 3589 3591 (0.9006664199358163 0.1075 0.8)
	arc 3590 2794 (0.9114917374831217 0.11374999999999999 0)
	arc 3591 2795 (0.9114917374831217 0.11374999999999999 0.8)
	arc 558 474 (0.8806664199358163 0.10845299461620747 0)
	arc 559 475 (0.8806664199358163 0.10845299461620747 0.8)
	arc 474 476 (0.9006664199358163 0.09690598923241496 0)
	arc 475 477 (0.9006664199358163 0.09690598923241496 0.8)
	arc 476 560 (0.9206664199358163 0.10845299461620747 0)
	arc 477 561 (0.9206664199358163 0.10845299461620747 0.8)
	arc 2892 3596 (1.028405166994021 0.11374999999999999 0)
	arc 2893 3597 (1.028405166994021 0.11374999999999999 0.8)
	arc 3596 3598 (1.0392304845413265 0.1075 0)
	arc 3597 3599 (1.0392304845413265 0.1075 0.8)
	arc 3598 2898 (1.050055802088632 0.11374999999999999 0)
	arc 3599 2899 (1.050055802088632 0.11374999999999999 0.8)
	arc 566 482 (1.0192304845413265 0.10845299461620747 0)
	arc 567 483 (1.0192304845413265 0.10845299461620747 0.8)
	arc 482 484 (1.0392304845413265 0.09690598923241496 0)
	arc 483 485 (1.0392304845413265 0.09690598923241496 0.8)
	arc 484 568 (1.0592304845413265 0.10845299461620747 0)
	arc 485 569 (1.0592304845413265 0.10845299461620747 0.8)
	arc 2996 3604 (1.166969231599531 0.11374999999999999 0)
	arc 2997 3605 (1.166969231599531 0.11374999999999999 0.8)
	arc 3604 3606 (1.1777945491468365 0.1075 0)
	arc 3605 3607 (1.1777945491468365 0.1075 0.8)
	arc 3606 3002 (1.1886198666941419 0.11374999999999999 0)
	arc 3607 3003 (1.1886198666941419 0.11374999999999999 0.8)
	arc 574 490 (1.1577945491468364 0.10845299461620747 0)
	arc 575 491 (1.1577945491468364 0.10845299461620747 0.8)
	arc 490 492 (1.1777945491468365 0.09690598923241496 0)
	arc 491 493 (1.1777945491468365 0.09690598923241496 0.8)
	arc 492 576 (1.1977945491468365 0.10845299461620747 0)
	arc 493 577 (1.1977945491468365 0.10845299461620747 0.8)
	arc 3100 3612 (1.3055332962050414 0.11374999999999999 0)
	arc 3101 3613 (1.3055332962050414 0.11374999999999999 0.8)
	arc 3612 3614 (1.3163586137523469 0.1075 0)
	arc 3613 3615 (1.3163586137523469 0.1075 0.8)
	arc 3614 3106 (1.3271839312996523 0.11374999999999999 0)
	arc 3615 3107 (1.3271839312996523 0.11374999999999999 0.8)
	arc 582 498 (1.2963586137523468 0.10845299461620747 0)
	arc 583 499 (1.2963586137523468 0.10845299461620747 0.8)
	arc 498 500 (1.3163586137523469 0.09690598923241496 0)
	arc 499 501 (1.3163586137523469 0.09690598923241496 0.8)
	arc 500 584 (1.3363586137523469 0.10845299461620747 0)
	arc 501 585 (1.3363586137523469 0.10845299461620747 0.8)
	arc 2170 3624 (0.08010734985006057 0.12625 0)
	arc 2171 3625 (0.08010734985006057 0.12625 0.8)
	arc 3624 3626 (0.06928203230275509 0.1325 0)
	arc 3625 3627 (0.06928203230275509 0.1325 0.8)
	arc 3626 2164 (0.058456714755449606 0.12625 0)
	arc 3627 2165 (0.058456714755449606 0.12625 0.8)
	arc 512 596 (0.0892820323027551 0.13154700538379252 0)
	arc 513 597 (0.0892820323027551 0.13154700538379252 0.8)
	arc 596 594 (0.06928203230275509 0.14309401076758502 0)
	arc 597 595 (0.06928203230275509 0.14309401076758502 0.8)
	arc 594 510 (0.04928203230275509 0.13154700538379252 0)
	arc 595 511 (0.04928203230275509 0.13154700538379252 0.8)
	arc 2274 3632 (0.21867141445557076 0.12625 0)
	arc 2275 3633 (0.21867141445557076 0.12625 0.8)
	arc 3632 3634 (0.20784609690826528 0.1325 0)
	arc 3633 3635 (0.20784609690826528 0.1325 0.8)
	arc 3634 2268 (0.1970207793609598 0.12625 0)
	arc 3635 2269 (0.1970207793609598 0.12625 0.8)
	arc 520 604 (0.2278460969082653 0.13154700538379252 0)
	arc 521 605 (0.2278460969082653 0.13154700538379252 0.8)
	arc 604 602 (0.20784609690826528 0.14309401076758502 0)
	arc 605 603 (0.20784609690826528 0.14309401076758502 0.8)
	arc 602 518 (0.18784609690826526 0.13154700538379252 0)
	arc 603 519 (0.18784609690826526 0.13154700538379252 0.8)
	arc 2378 3640 (0.35723547906108094 0.12625 0)
	arc 2379 3641 (0.35723547906108094 0.12625 0.8)
	arc 3640 3642 (0.34641016151377546 0.1325 0)
	arc 3641 3643 (0.34641016151377546 0.1325 0.8)
	arc 3642 2372 (0.33558484396647 0.12625 0)
	arc 3643 2373 (0.33558484396647 0.12625 0.8)
	arc 528 612 (0.3664101615137755 0.13154700538379252 0)
	arc 529 613 (0.3664101615137755 0.13154700538379252 0.8)
	arc 612 610 (0.34641016151377546 0.14309401076758502 0)
	arc 613 611 (0.34641016151377546 0.14309401076758502 0.8)
	arc 610 526 (0.32641016151377544 0.13154700538379252 0)
	arc 611 527 (0.32641016151377544 0.13154700538379252 0.8)
	arc 2482 3648 (0.4957995436665911 0.12625 0)
	arc 2483 3649 (0.4957995436665911 0.12625 0.8)
	arc 3648 3650 (0.48497422611928565 0.1325 0)
	arc 3649 3651 (0.48497422611928565 0.1325 0.8)
	arc 3650 2476 (0.47414890857198017 0.12625 0)
	arc 3651 2477 (0.47414890857198017 0.12625 0.8)
	arc 536 620 (0.5049742261192857 0.13154700538379252 0)
	arc 537 621 (0.5049742261192857 0.13154700538379252 0.8)
	arc 620 618 (0.48497422611928565 0.14309401076758502 0)
	arc 621 619 (0.48497422611928565 0.14309401076758502 0.8)
	arc 618 534 (0.4649742261192856 0.13154700538379252 0)
	arc 619 535 (0.4649742261192856 0.13154700538379252 0.8)
	arc 2586 3656 (0.6343636082721015 0.12625 0)
	arc 2587 3657 (0.6343636082721015 0.12625 0.8)
	arc 3656 3658 (0.6235382907247959 0.1325 0)
	arc 3657 3659 (0.6235382907247959 0.1325 0.8)
	arc 3658 2580 (0.6127129731774904 0.12625 0)
	arc 3659 2581 (0.6127129731774904 0.12625 0.8)
	arc 544 628 (0.643538290724796 0.13154700538379252 0)
	arc 545 629 (0.643538290724796 0.13154700538379252 0.8)
	arc 628 626 (0.6235382907247959 0.14309401076758502 0)
	arc 629 627 (0.6235382907247959 0.14309401076758502 0.8)
	arc 626 542 (0.6035382907247959 0.13154700538379252 0)
	arc 627 543 (0.6035382907247959 0.13154700538379252 0.8)
	arc 2690 3664 (0.7729276728776117 0.12625 0)
	arc 2691 3665 (0.7729276728776117 0.12625 0.8)
	arc 3664 3666 (0.7621023553303061 0.1325 0)
	arc 3665 3667 (0.7621023553303061 0.1325 0.8)
	arc 3666 2684 (0.7512770377830006 0.12625 0)
	arc 3667 2685 (0.7512770377830006 0.12625 0.8)
	arc 552 636 (0.7821023553303061 0.13154700538379252 0)
	arc 553 637 (0.7821023553303061 0.13154700538379252 0.8)
	arc 636 634 (0.7621023553303061 0.14309401076758502 0)
	arc 637 635 (0.7621023553303061 0.14309401076758502 0.8)
	arc 634 550 (0.7421023553303061 0.13154700538379252 0)
	arc 635 551 (0.7421023553303061 0.13154700538379252 0.8)
	arc 2794 3672 (0.9114917374831218 0.12625 0)
	arc 2795 3673 (0.9114917374831218 0.12625 0.8)
	arc 3672 3674 (0.9006664199358163 0.1325 0)
	arc 3673 3675 (0.9006664199358163 0.1325 0.8)
	arc 3674 2788 (0.8898411023885108 0.12625 0)
	arc 3675 2789 (0.8898411023885108 0.12625 0.8)
	arc 560 644 (0.9206664199358163 0.13154700538379252 0)
	arc 561 645 (0.9206664199358163 0.13154700538379252 0.8)
	arc 644 642 (0.9006664199358163 0.14309401076758502 0)
	arc 645 643 (0.9006664199358163 0.14309401076758502 0.8)
	arc 642 558 (0.8806664199358163 0.13154700538379252 0)
	arc 643 559 (0.8806664199358163 0.13154700538379252 0.8)
	arc 2898 3680 (1.050055802088632 0.12625 0)
	arc 2899 3681 (1.050055802088632 0.12625 0.8)
	arc 3680 3682 (1.0392304845413265 0.1325 0)
	arc 3681 3683 (1.0392304845413265 0.1325 0.8)
	arc 3682 2892 (1.028405166994021 0.12625 0)
	arc 3683 2893 (1.028405166994021 0.12625 0.8)
	arc 568 652 (1.0592304845413265 0.13154700538379252 0)
	arc 569 653 (1.0592304845413265 0.13154700538379252 0.8)
	arc 652 650 (1.0392304845413265 0.14309401076758502 0)
	arc 653 651 (1.0392304845413265 0.14309401076758502 0.8)
	arc 650 566 (1.0192304845413265 0.13154700538379252 0)
	arc 651 567 (1.0192304845413265 0.13154700538379252 0.8)
	arc 3002 3688 (1.1886198666941419 0.12625 0)
	arc 3003 3689 (1.1886198666941419 0.12625 0.8)
	arc 3688 3690 (1.1777945491468365 0.1325 0)
	arc 3689 3691 (1.1777945491468365 0.1325 0.8)
	arc 3690 2996 (1.166969231599531 0.12625 0)
	arc 3691 2997 (1.166969231599531 0.12625 0.8)
	arc 576 660 (1.1977945491468365 0.13154700538379252 0)
	arc 577 661 (1.1977945491468365 0.13154700538379252 0.8)
	arc 660 658 (1.1777945491468365 0.14309401076758502 0)
	arc 661 659 (1.1777945491468365 0.14309401076758502 0.8)
	arc 658 574 (1.1577945491468364 0.13154700538379252 0)
	arc 659 575 (1.1577945491468364 0.13154700538379252 0.8)
	arc 3106 3696 (1.3271839312996523 0.12625 0)
	arc 3107 3697 (1.3271839312996523 0.12625 0.8)
	arc 3696 3698 (1.3163586137523469 0.1325 0)
	arc 3697 3699 (1.3163586137523469 0.1325 0.8)
	arc 3698 3100 (1.3055332962050414 0.12625 0)
	arc 3699 3101 (1.3055332962050414 0.12625 0.8)
	arc 584 668 (1.3363586137523469 0.13154700538379252 0)
	arc 585 669 (1.3363586137523469 0.13154700538379252 0.8)
	arc 668 666 (1.3163586137523469 0.14309401076758502 0)
	arc 669 667 (1.3163586137523469 0.14309401076758502 0.8)
	arc 666 582 (1.2963586137523468 0.13154700538379252 0)
	arc 667 583 (1.2963586137523468 0.13154700538379252 0.8)
	arc 2116 3700 (-0.010825317547305483 0.15375 0)
	arc 2117 3701 (-0.010825317547305483 0.15375 0.8)
	arc 3700 3702 (-3.1635744863896907e-18 0.1475 0)
	arc 3701 3703 (-3.1635744863896907e-18 0.1475 0.8)
	arc 3702 2122 (0.01082531754730548 0.15375 0)
	arc 3703 2123 (0.01082531754730548 0.15375 0.8)
	arc 674 590 (-0.02 0.14845299461620748 0)
	arc 675 591 (-0.02 0.14845299461620748 0.8)
	arc 590 592 (-5.109662692888031e-18 0.13690598923241498 0)
	arc 591 593 (-5.109662692888031e-18 0.13690598923241498 0.8)
	arc 592 676 (0.019999999999999993 0.14845299461620748 0)
	arc 593 677 (0.019999999999999993 0.14845299461620748 0.8)
	arc 2220 3708 (0.1277387470582047 0.15375 0)
	arc 2221 3709 (0.1277387470582047 0.15375 0.8)
	arc 3708 3710 (0.13856406460551018 0.1475 0)
	arc 3709 3711 (0.13856406460551018 0.1475 0.8)
	arc 3710 2226 (0.14938938215281566 0.15375 0)
	arc 3711 2227 (0.14938938215281566 0.15375 0.8)
	arc 682 598 (0.11856406460551018 0.14845299461620748 0)
	arc 683 599 (0.11856406460551018 0.14845299461620748 0.8)
	arc 598 600 (0.13856406460551018 0.13690598923241498 0)
	arc 599 601 (0.13856406460551018 0.13690598923241498 0.8)
	arc 600 684 (0.15856406460551017 0.14845299461620748 0)
	arc 601 685 (0.15856406460551017 0.14845299461620748 0.8)
	arc 2324 3716 (0.2663028116637149 0.15375 0)
	arc 2325 3717 (0.2663028116637149 0.15375 0.8)
	arc 3716 3718 (0.27712812921102037 0.1475 0)
	arc 3717 3719 (0.27712812921102037 0.1475 0.8)
	arc 3718 2330 (0.28795344675832585 0.15375 0)
	arc 3719 2331 (0.28795344675832585 0.15375 0.8)
	arc 690 606 (0.25712812921102035 0.14845299461620748 0)
	arc 691 607 (0.25712812921102035 0.14845299461620748 0.8)
	arc 606 608 (0.27712812921102037 0.13690598923241498 0)
	arc 607 609 (0.27712812921102037 0.13690598923241498 0.8)
	arc 608 692 (0.2971281292110204 0.14845299461620748 0)
	arc 609 693 (0.2971281292110204 0.14845299461620748 0.8)
	arc 2428 3724 (0.4048668762692251 0.15375 0)
	arc 2429 3725 (0.4048668762692251 0.15375 0.8)
	arc 3724 3726 (0.41569219381653055 0.1475 0)
	arc 3725 3727 (0.41569219381653055 0.1475 0.8)
	arc 3726 2434 (0.42651751136383603 0.15375 0)
	arc 3727 2435 (0.42651751136383603 0.15375 0.8)
	arc 698 614 (0.39569219381653054 0.14845299461620748 0)
	arc 699 615 (0.39569219381653054 0.14845299461620748 0.8)
	arc 614 616 (0.41569219381653055 0.13690598923241498 0)
	arc 615 617 (0.41569219381653055 0.13690598923241498 0.8)
	arc 616 700 (0.43569219381653057 0.14845299461620748 0)
	arc 617 701 (0.43569219381653057 0.14845299461620748 0.8)
	arc 2532 3732 (0.5434309408747352 0.15375 0)
	arc 2533 3733 (0.5434309408747352 0.15375 0.8)
	arc 3732 3734 (0.5542562584220407 0.1475 0)
	arc 3733 3735 (0.5542562584220407 0.1475 0.8)
	arc 3734 2538 (0.5650815759693462 0.15375 0)
	arc 3735 2539 (0.5650815759693462 0.15375 0.8)
	arc 706 622 (0.5342562584220407 0.14845299461620748 0)
	arc 707 623 (0.5342562584220407 0.14845299461620748 0.8)
	arc 622 624 (0.5542562584220407 0.13690598923241498 0)
	arc 623 625 (0.5542562584220407 0.13690598923241498 0.8)
	arc 624 708 (0.5742562584220408 0.14845299461620748 0)
	arc 625 709 (0.5742562584220408 0.14845299461620748 0.8)
	arc 2636 3740 (0.6819950054802454 0.15375 0)
	arc 2637 3741 (0.6819950054802454 0.15375 0.8)
	arc 3740 3742 (0.6928203230275509 0.1475 0)
	arc 3741 3743 (0.6928203230275509 0.1475 0.8)
	arc 3742 2642 (0.7036456405748563 0.15375 0)
	arc 3743 2643 (0.7036456405748563 0.15375 0.8)
	arc 714 630 (0.6728203230275509 0.14845299461620748 0)
	arc 715 631 (0.6728203230275509 0.14845299461620748 0.8)
	arc 630 632 (0.6928203230275509 0.13690598923241498 0)
	arc 631 633 (0.6928203230275509 0.13690598923241498 0.8)
	arc 632 716 (0.7128203230275509 0.14845299461620748 0)
	arc 633 717 (0.7128203230275509 0.14845299461620748 0.8)
	arc 2740 3748 (0.8205590700857556 0.15375 0)
	arc 2741 3749 (0.8205590700857556 0.15375 0.8)
	arc 3748 3750 (0.8313843876330611 0.1475 0)
	arc 3749 3751 (0.8313843876330611 0.1475 0.8)
	arc 3750 2746 (0.8422097051803665 0.15375 0)
	arc 3751 2747 (0.8422097051803665 0.15375 0.8)
	arc 722 638 (0.8113843876330611 0.14845299461620748 0)
	arc 723 639 (0.8113843876330611 0.14845299461620748 0.8)
	arc 638 640 (0.8313843876330611 0.13690598923241498 0)
	arc 639 641 (0.8313843876330611 0.13690598923241498 0.8)
	arc 640 724 (0.8513843876330611 0.14845299461620748 0)
	arc 641 725 (0.8513843876330611 0.14845299461620748 0.8)
	arc 2844 3756 (0.9591231346912658 0.15375 0)
	arc 2845 3757 (0.9591231346912658 0.15375 0.8)
	arc 3756 3758 (0.9699484522385713 0.1475 0)
	arc 3757 3759 (0.9699484522385713 0.1475 0.8)
	arc 3758 2850 (0.9807737697858767 0.15375 0)
	arc 3759 2851 (0.9807737697858767 0.15375 0.8)
	arc 730 646 (0.9499484522385713 0.14845299461620748 0)
	arc 731 647 (0.9499484522385713 0.14845299461620748 0.8)
	arc 646 648 (0.9699484522385713 0.13690598923241498 0)
	arc 647 649 (0.9699484522385713 0.13690598923241498 0.8)
	arc 648 732 (0.9899484522385713 0.14845299461620748 0)
	arc 649 733 (0.9899484522385713 0.14845299461620748 0.8)
	arc 2948 3764 (1.097687199296776 0.15375 0)
	arc 2949 3765 (1.097687199296776 0.15375 0.8)
	arc 3764 3766 (1.1085125168440815 0.1475 0)
	arc 3765 3767 (1.1085125168440815 0.1475 0.8)
	arc 3766 2954 (1.119337834391387 0.15375 0)
	arc 3767 2955 (1.119337834391387 0.15375 0.8)
	arc 738 654 (1.0885125168440815 0.14845299461620748 0)
	arc 739 655 (1.0885125168440815 0.14845299461620748 0.8)
	arc 654 656 (1.1085125168440815 0.13690598923241498 0)
	arc 655 657 (1.1085125168440815 0.13690598923241498 0.8)
	arc 656 740 (1.1285125168440815 0.14845299461620748 0)
	arc 657 741 (1.1285125168440815 0.14845299461620748 0.8)
	arc 3052 3772 (1.2362512639022862 0.15375 0)
	arc 3053 3773 (1.2362512639022862 0.15375 0.8)
	arc 3772 3774 (1.2470765814495917 0.1475 0)
	arc 3773 3775 (1.2470765814495917 0.1475 0.8)
	arc 3774 3058 (1.257901898996897 0.15375 0)
	arc 3775 3059 (1.257901898996897 0.15375 0.8)
	arc 746 662 (1.2270765814495916 0.14845299461620748 0)
	arc 747 663 (1.2270765814495916 0.14845299461620748 0.8)
	arc 662 664 (1.2470765814495917 0.13690598923241498 0)
	arc 663 665 (1.2470765814495917 0.13690598923241498 0.8)
	arc 664 748 (1.2670765814495917 0.14845299461620748 0)
	arc 665 749 (1.2670765814495917 0.14845299461620748 0.8)
	arc 2122 3784 (0.010825317547305483 0.16625 0)
	arc 2123 3785 (0.010825317547305483 0.16625 0.8)
	arc 3784 3786 (-9.693192265097113e-19 0.17250000000000001 0)
	arc 3785 3787 (-9.693192265097113e-19 0.17250000000000001 0.8)
	arc 3786 2116 (-0.010825317547305487 0.16625 0)
	arc 3787 2117 (-0.010825317547305487 0.16625 0.8)
	arc 676 760 (0.020000000000000004 0.17154700538379253 0)
	arc 677 761 (0.020000000000000004 0.17154700538379253 0.8)
	arc 760 758 (-3.206231576769311e-19 0.18309401076758502 0)
	arc 761 759 (-3.206231576769311e-19 0.18309401076758502 0.8)
	arc 758 674 (-0.020000000000000004 0.17154700538379253 0)
	arc 759 675 (-0.020000000000000004 0.17154700538379253 0.8)
	arc 2226 3792 (0.14938938215281566 0.16625 0)
	arc 2227 3793 (0.14938938215281566 0.16625 0.8)
	arc 3792 3794 (0.13856406460551018 0.17250000000000001 0)
	arc 3793 3795 (0.13856406460551018 0.17250000000000001 0.8)
	arc 3794 2220 (0.1277387470582047 0.16625 0)
	arc 3795 2221 (0.1277387470582047 0.16625 0.8)
	arc 684 768 (0.1585640646055102 0.17154700538379253 0)
	arc 685 769 (0.1585640646055102 0.17154700538379253 0.8)
	arc 768 766 (0.13856406460551018 0.18309401076758502 0)
	arc 769 767 (0.13856406460551018 0.18309401076758502 0.8)
	arc 766 682 (0.11856406460551018 0.17154700538379253 0)
	arc 767 683 (0.11856406460551018 0.17154700538379253 0.8)
	arc 2330 3800 (0.28795344675832585 0.16625 0)
	arc 2331 3801 (0.28795344675832585 0.16625 0.8)
	arc 3800 3802 (0.27712812921102037 0.17250000000000001 0)
	arc 3801 3803 (0.27712812921102037 0.17250000000000001 0.8)
	arc 3802 2324 (0.2663028116637149 0.16625 0)
	arc 3803 2325 (0.2663028116637149 0.16625 0.8)
	arc 692 776 (0.2971281292110204 0.17154700538379253 0)
	arc 693 777 (0.2971281292110204 0.17154700538379253 0.8)
	arc 776 774 (0.27712812921102037 0.18309401076758502 0)
	arc 777 775 (0.27712812921102037 0.18309401076758502 0.8)
	arc 774 690 (0.25712812921102035 0.17154700538379253 0)
	arc 775 691 (0.25712812921102035 0.17154700538379253 0.8)
	arc 2434 3808 (0.42651751136383603 0.16625 0)
	arc 2435 3809 (0.42651751136383603 0.16625 0.8)
	arc 3808 3810 (0.41569219381653055 0.17250000000000001 0)
	arc 3809 3811 (0.41569219381653055 0.17250000000000001 0.8)
	arc 3810 2428 (0.4048668762692251 0.16625 0)
	arc 3811 2429 (0.4048668762692251 0.16625 0.8)
	arc 700 784 (0.43569219381653057 0.17154700538379253 0)
	arc 701 785 (0.43569219381653057 0.17154700538379253 0.8)
	arc 784 782 (0.41569219381653055 0.18309401076758502 0)
	arc 785 783 (0.41569219381653055 0.18309401076758502 0.8)
	arc 782 698 (0.39569219381653054 0.17154700538379253 0)
	arc 783 699 (0.39569219381653054 0.17154700538379253 0.8)
	arc 2538 3816 (0.5650815759693463 0.16625 0)
	arc 2539 3817 (0.5650815759693463 0.16625 0.8)
	arc 3816 3818 (0.5542562584220407 0.17250000000000001 0)
	arc 3817 3819 (0.5542562584220407 0.17250000000000001 0.8)
	arc 3818 2532 (0.5434309408747352 0.16625 0)
	arc 3819 2533 (0.5434309408747352 0.16625 0.8)
	arc 708 792 (0.5742562584220408 0.17154700538379253 0)
	arc 709 793 (0.5742562584220408 0.17154700538379253 0.8)
	arc 792 790 (0.5542562584220407 0.18309401076758502 0)
	arc 793 791 (0.5542562584220407 0.18309401076758502 0.8)
	arc 790 706 (0.5342562584220407 0.17154700538379253 0)
	arc 791 707 (0.5342562584220407 0.17154700538379253 0.8)
	arc 2642 3824 (0.7036456405748565 0.16625 0)
	arc 2643 3825 (0.7036456405748565 0.16625 0.8)
	arc 3824 3826 (0.6928203230275509 0.17250000000000001 0)
	arc 3825 3827 (0.6928203230275509 0.17250000000000001 0.8)
	arc 3826 2636 (0.6819950054802454 0.16625 0)
	arc 3827 2637 (0.6819950054802454 0.16625 0.8)
	arc 716 800 (0.7128203230275509 0.17154700538379253 0)
	arc 717 801 (0.7128203230275509 0.17154700538379253 0.8)
	arc 800 798 (0.6928203230275509 0.18309401076758502 0)
	arc 801 799 (0.6928203230275509 0.18309401076758502 0.8)
	arc 798 714 (0.6728203230275509 0.17154700538379253 0)
	arc 799 715 (0.6728203230275509 0.17154700538379253 0.8)
	arc 2746 3832 (0.8422097051803666 0.16625 0)
	arc 2747 3833 (0.8422097051803666 0.16625 0.8)
	arc 3832 3834 (0.8313843876330611 0.17250000000000001 0)
	arc 3833 3835 (0.8313843876330611 0.17250000000000001 0.8)
	arc 3834 2740 (0.8205590700857556 0.16625 0)
	arc 3835 2741 (0.8205590700857556 0.16625 0.8)
	arc 724 808 (0.8513843876330611 0.17154700538379253 0)
	arc 725 809 (0.8513843876330611 0.17154700538379253 0.8)
	arc 808 806 (0.8313843876330611 0.18309401076758502 0)
	arc 809 807 (0.8313843876330611 0.18309401076758502 0.8)
	arc 806 722 (0.8113843876330611 0.17154700538379253 0)
	arc 807 723 (0.8113843876330611 0.17154700538379253 0.8)
	arc 2850 3840 (0.9807737697858768 0.16625 0)
	arc 2851 3841 (0.9807737697858768 0.16625 0.8)
	arc 3840 3842 (0.9699484522385713 0.17250000000000001 0)
	arc 3841 3843 (0.9699484522385713 0.17250000000000001 0.8)
	arc 3842 2844 (0.9591231346912658 0.16625 0)
	arc 3843 2845 (0.9591231346912658 0.16625 0.8)
	arc 732 816 (0.9899484522385713 0.17154700538379253 0)
	arc 733 817 (0.9899484522385713 0.17154700538379253 0.8)
	arc 816 814 (0.9699484522385713 0.18309401076758502 0)
	arc 817 815 (0.9699484522385713 0.18309401076758502 0.8)
	arc 814 730 (0.9499484522385713 0.17154700538379253 0)
	arc 815 731 (0.9499484522385713 0.17154700538379253 0.8)
	arc 2954 3848 (1.119337834391387 0.16625 0)
	arc 2955 3849 (1.119337834391387 0.16625 0.8)
	arc 3848 3850 (1.1085125168440815 0.17250000000000001 0)
	arc 3849 3851 (1.1085125168440815 0.17250000000000001 0.8)
	arc 3850 2948 (1.097687199296776 0.16625 0)
	arc 3851 2949 (1.097687199296776 0.16625 0.8)
	arc 740 824 (1.1285125168440815 0.17154700538379253 0)
	arc 741 825 (1.1285125168440815 0.17154700538379253 0.8)
	arc 824 822 (1.1085125168440815 0.18309401076758502 0)
	arc 825 823 (1.1085125168440815 0.18309401076758502 0.8)
	arc 822 738 (1.0885125168440815 0.17154700538379253 0)
	arc 823 739 (1.0885125168440815 0.17154700538379253 0.8)
	arc 3058 3856 (1.257901898996897 0.16625 0)
	arc 3059 3857 (1.257901898996897 0.16625 0.8)
	arc 3856 3858 (1.2470765814495917 0.17250000000000001 0)
	arc 3857 3859 (1.2470765814495917 0.17250000000000001 0.8)
	arc 3858 3052 (1.2362512639022862 0.16625 0)
	arc 3859 3053 (1.2362512639022862 0.16625 0.8)
	arc 748 832 (1.2670765814495917 0.17154700538379253 0)
	arc 749 833 (1.2670765814495917 0.17154700538379253 0.8)
	arc 832 830 (1.2470765814495917 0.18309401076758502 0)
	arc 833 831 (1.2470765814495917 0.18309401076758502 0.8)
	arc 830 746 (1.2270765814495916 0.17154700538379253 0)
	arc 831 747 (1.2270765814495916 0.17154700538379253 0.8)
	arc 2172 3860 (0.05845671475544961 0.19375 0)
	arc 2173 3861 (0.05845671475544961 0.19375 0.8)
	arc 3860 3862 (0.06928203230275509 0.1875 0)
	arc 3861 3863 (0.06928203230275509 0.1875 0.8)
	arc 3862 2178 (0.08010734985006057 0.19375 0)
	arc 3863 2179 (0.08010734985006057 0.19375 0.8)
	arc 846 762 (0.04928203230275509 0.1884529946162075 0)
	arc 847 763 (0.04928203230275509 0.1884529946162075 0.8)
	arc 762 764 (0.06928203230275509 0.176905989232415 0)
	arc 763 765 (0.06928203230275509 0.176905989232415 0.8)
	arc 764 848 (0.08928203230275508 0.1884529946162075 0)
	arc 765 849 (0.08928203230275508 0.1884529946162075 0.8)
	arc 2276 3868 (0.1970207793609598 0.19375 0)
	arc 2277 3869 (0.1970207793609598 0.19375 0.8)
	arc 3868 3870 (0.20784609690826528 0.1875 0)
	arc 3869 3871 (0.20784609690826528 0.1875 0.8)
	arc 3870 2282 (0.21867141445557076 0.19375 0)
	arc 3871 2283 (0.21867141445557076 0.19375 0.8)
	arc 854 770 (0.1878460969082653 0.1884529946162075 0)
	arc 855 771 (0.1878460969082653 0.1884529946162075 0.8)
	arc 770 772 (0.20784609690826528 0.176905989232415 0)
	arc 771 773 (0.20784609690826528 0.176905989232415 0.8)
	arc 772 856 (0.22784609690826527 0.1884529946162075 0)
	arc 773 857 (0.22784609690826527 0.1884529946162075 0.8)
	arc 2380 3876 (0.33558484396647 0.19375 0)
	arc 2381 3877 (0.33558484396647 0.19375 0.8)
	arc 3876 3878 (0.34641016151377546 0.1875 0)
	arc 3877 3879 (0.34641016151377546 0.1875 0.8)
	arc 3878 2386 (0.35723547906108094 0.19375 0)
	arc 3879 2387 (0.35723547906108094 0.19375 0.8)
	arc 862 778 (0.32641016151377544 0.1884529946162075 0)
	arc 863 779 (0.32641016151377544 0.1884529946162075 0.8)
	arc 778 780 (0.34641016151377546 0.176905989232415 0)
	arc 779 781 (0.34641016151377546 0.176905989232415 0.8)
	arc 780 864 (0.3664101615137755 0.1884529946162075 0)
	arc 781 865 (0.3664101615137755 0.1884529946162075 0.8)
	arc 2484 3884 (0.47414890857198017 0.19375 0)
	arc 2485 3885 (0.47414890857198017 0.19375 0.8)
	arc 3884 3886 (0.48497422611928565 0.1875 0)
	arc 3885 3887 (0.48497422611928565 0.1875 0.8)
	arc 3886 2490 (0.4957995436665911 0.19375 0)
	arc 3887 2491 (0.4957995436665911 0.19375 0.8)
	arc 870 786 (0.4649742261192856 0.1884529946162075 0)
	arc 871 787 (0.4649742261192856 0.1884529946162075 0.8)
	arc 786 788 (0.48497422611928565 0.176905989232415 0)
	arc 787 789 (0.48497422611928565 0.176905989232415 0.8)
	arc 788 872 (0.5049742261192857 0.1884529946162075 0)
	arc 789 873 (0.5049742261192857 0.1884529946162075 0.8)
	arc 2588 3892 (0.6127129731774904 0.19375 0)
	arc 2589 3893 (0.6127129731774904 0.19375 0.8)
	arc 3892 3894 (0.6235382907247959 0.1875 0)
	arc 3893 3895 (0.6235382907247959 0.1875 0.8)
	arc 3894 2594 (0.6343636082721014 0.19375 0)
	arc 3895 2595 (0.6343636082721014 0.19375 0.8)
	arc 878 794 (0.6035382907247959 0.1884529946162075 0)
	arc 879 795 (0.6035382907247959 0.1884529946162075 0.8)
	arc 794 796 (0.6235382907247959 0.176905989232415 0)
	arc 795 797 (0.6235382907247959 0.176905989232415 0.8)
	arc 796 880 (0.643538290724796 0.1884529946162075 0)
	arc 797 881 (0.643538290724796 0.1884529946162075 0.8)
	arc 2692 3900 (0.7512770377830006 0.19375 0)
	arc 2693 3901 (0.7512770377830006 0.19375 0.8)
	arc 3900 3902 (0.7621023553303061 0.1875 0)
	arc 3901 3903 (0.7621023553303061 0.1875 0.8)
	arc 3902 2698 (0.7729276728776115 0.19375 0)
	arc 3903 2699 (0.7729276728776115 0.19375 0.8)
	arc 886 802 (0.7421023553303061 0.1884529946162075 0)
	arc 887 803 (0.7421023553303061 0.1884529946162075 0.8)
	arc 802 804 (0.7621023553303061 0.176905989232415 0)
	arc 803 805 (0.7621023553303061 0.176905989232415 0.8)
	arc 804 888 (0.7821023553303061 0.1884529946162075 0)
	arc 805 889 (0.7821023553303061 0.1884529946162075 0.8)
	arc 2796 3908 (0.8898411023885108 0.19375 0)
	arc 2797 3909 (0.8898411023885108 0.19375 0.8)
	arc 3908 3910 (0.9006664199358163 0.1875 0)
	arc 3909 3911 (0.9006664199358163 0.1875 0.8)
	arc 3910 2802 (0.9114917374831217 0.19375 0)
	arc 3911 2803 (0.9114917374831217 0.19375 0.8)
	arc 894 810 (0.8806664199358163 0.1884529946162075 0)
	arc 895 811 (0.8806664199358163 0.1884529946162075 0.8)
	arc 810 812 (0.9006664199358163 0.176905989232415 0)
	arc 811 813 (0.9006664199358163 0.176905989232415 0.8)
	arc 812 896 (0.9206664199358163 0.1884529946162075 0)
	arc 813 897 (0.9206664199358163 0.1884529946162075 0.8)
	arc 2900 3916 (1.028405166994021 0.19375 0)
	arc 2901 3917 (1.028405166994021 0.19375 0.8)
	arc 3916 3918 (1.0392304845413265 0.1875 0)
	arc 3917 3919 (1.0392304845413265 0.1875 0.8)
	arc 3918 2906 (1.050055802088632 0.19375 0)
	arc 3919 2907 (1.050055802088632 0.19375 0.8)
	arc 902 818 (1.0192304845413265 0.1884529946162075 0)
	arc 903 819 (1.0192304845413265 0.1884529946162075 0.8)
	arc 818 820 (1.0392304845413265 0.176905989232415 0)
	arc 819 821 (1.0392304845413265 0.176905989232415 0.8)
	arc 820 904 (1.0592304845413265 0.1884529946162075 0)
	arc 821 905 (1.0592304845413265 0.1884529946162075 0.8)
	arc 3004 3924 (1.166969231599531 0.19375 0)
	arc 3005 3925 (1.166969231599531 0.19375 0.8)
	arc 3924 3926 (1.1777945491468365 0.1875 0)
	arc 3925 3927 (1.1777945491468365 0.1875 0.8)
	arc 3926 3010 (1.1886198666941419 0.19375 0)
	arc 3927 3011 (1.1886198666941419 0.19375 0.8)
	arc 910 826 (1.1577945491468364 0.1884529946162075 0)
	arc 911 827 (1.1577945491468364 0.1884529946162075 0.8)
	arc 826 828 (1.1777945491468365 0.176905989232415 0)
	arc 827 829 (1.1777945491468365 0.176905989232415 0.8)
	arc 828 912 (1.1977945491468365 0.1884529946162075 0)
	arc 829 913 (1.1977945491468365 0.1884529946162075 0.8)
	arc 3108 3932 (1.3055332962050414 0.19375 0)
	arc 3109 3933 (1.3055332962050414 0.19375 0.8)
	arc 3932 3934 (1.3163586137523469 0.1875 0)
	arc 3933 3935 (1.3163586137523469 0.1875 0.8)
	arc 3934 3114 (1.3271839312996523 0.19375 0)
	arc 3935 3115 (1.3271839312996523 0.19375 0.8)
	arc 918 834 (1.2963586137523468 0.1884529946162075 0)
	arc 919 835 (1.2963586137523468 0.1884529946162075 0.8)
	arc 834 836 (1.3163586137523469 0.176905989232415 0)
	arc 835 837 (1.3163586137523469 0.176905989232415 0.8)
	arc 836 920 (1.3363586137523469 0.1884529946162075 0)
	arc 837 921 (1.3363586137523469 0.1884529946162075 0.8)
	arc 2178 3944 (0.08010734985006057 0.20625000000000002 0)
	arc 2179 3945 (0.08010734985006057 0.20625000000000002 0.8)
	arc 3944 3946 (0.06928203230275509 0.21250000000000002 0)
	arc 3945 3947 (0.06928203230275509 0.21250000000000002 0.8)
	arc 3946 2172 (0.058456714755449606 0.20625000000000002 0)
	arc 3947 2173 (0.058456714755449606 0.20625000000000002 0.8)
	arc 848 932 (0.0892820323027551 0.21154700538379254 0)
	arc 849 933 (0.0892820323027551 0.21154700538379254 0.8)
	arc 932 930 (0.06928203230275509 0.22309401076758503 0)
	arc 933 931 (0.06928203230275509 0.22309401076758503 0.8)
	arc 930 846 (0.04928203230275509 0.21154700538379254 0)
	arc 931 847 (0.04928203230275509 0.21154700538379254 0.8)
	arc 2282 3952 (0.21867141445557076 0.20625000000000002 0)
	arc 2283 3953 (0.21867141445557076 0.20625000000000002 0.8)
	arc 3952 3954 (0.20784609690826528 0.21250000000000002 0)
	arc 3953 3955 (0.20784609690826528 0.21250000000000002 0.8)
	arc 3954 2276 (0.1970207793609598 0.20625000000000002 0)
	arc 3955 2277 (0.1970207793609598 0.20625000000000002 0.8)
	arc 856 940 (0.2278460969082653 0.21154700538379254 0)
	arc 857 941 (0.2278460969082653 0.21154700538379254 0.8)
	arc 940 938 (0.20784609690826528 0.22309401076758503 0)
	arc 941 939 (0.20784609690826528 0.22309401076758503 0.8)
	arc 938 854 (0.18784609690826526 0.21154700538379254 0)
	arc 939 855 (0.18784609690826526 0.21154700538379254 0.8)
	arc 2386 3960 (0.35723547906108094 0.20625000000000002 0)
	arc 2387 3961 (0.35723547906108094 0.20625000000000002 0.8)
	arc 3960 3962 (0.34641016151377546 0.21250000000000002 0)
	arc 3961 3963 (0.34641016151377546 0.21250000000000002 0.8)
	arc 3962 2380 (0.33558484396647 0.20625000000000002 0)
	arc 3963 2381 (0.33558484396647 0.20625000000000002 0.8)
	arc 864 948 (0.3664101615137755 0.21154700538379254 0)
	arc 865 949 (0.3664101615137755 0.21154700538379254 0.8)
	arc 948 946 (0.34641016151377546 0.22309401076758503 0)
	arc 949 947 (0.34641016151377546 0.22309401076758503 0.8)
	arc 946 862 (0.32641016151377544 0.21154700538379254 0)
	arc 947 863 (0.32641016151377544 0.21154700538379254 0.8)
	arc 2490 3968 (0.4957995436665911 0.20625000000000002 0)
	arc 2491 3969 (0.4957995436665911 0.20625000000000002 0.8)
	arc 3968 3970 (0.48497422611928565 0.21250000000000002 0)
	arc 3969 3971 (0.48497422611928565 0.21250000000000002 0.8)
	arc 3970 2484 (0.47414890857198017 0.20625000000000002 0)
	arc 3971 2485 (0.47414890857198017 0.20625000000000002 0.8)
	arc 872 956 (0.5049742261192857 0.21154700538379254 0)
	arc 873 957 (0.5049742261192857 0.21154700538379254 0.8)
	arc 956 954 (0.48497422611928565 0.22309401076758503 0)
	arc 957 955 (0.48497422611928565 0.22309401076758503 0.8)
	arc 954 870 (0.4649742261192856 0.21154700538379254 0)
	arc 955 871 (0.4649742261192856 0.21154700538379254 0.8)
	arc 2594 3976 (0.6343636082721015 0.20625000000000002 0)
	arc 2595 3977 (0.6343636082721015 0.20625000000000002 0.8)
	arc 3976 3978 (0.6235382907247959 0.21250000000000002 0)
	arc 3977 3979 (0.6235382907247959 0.21250000000000002 0.8)
	arc 3978 2588 (0.6127129731774904 0.20625000000000002 0)
	arc 3979 2589 (0.6127129731774904 0.20625000000000002 0.8)
	arc 880 964 (0.643538290724796 0.21154700538379254 0)
	arc 881 965 (0.643538290724796 0.21154700538379254 0.8)
	arc 964 962 (0.6235382907247959 0.22309401076758503 0)
	arc 965 963 (0.6235382907247959 0.22309401076758503 0.8)
	arc 962 878 (0.6035382907247959 0.21154700538379254 0)
	arc 963 879 (0.6035382907247959 0.21154700538379254 0.8)
	arc 2698 3984 (0.7729276728776117 0.20625000000000002 0)
	arc 2699 3985 (0.7729276728776117 0.20625000000000002 0.8)
	arc 3984 3986 (0.7621023553303061 0.21250000000000002 0)
	arc 3985 3987 (0.7621023553303061 0.21250000000000002 0.8)
	arc 3986 2692 (0.7512770377830006 0.20625000000000002 0)
	arc 3987 2693 (0.7512770377830006 0.20625000000000002 0.8)
	arc 888 972 (0.7821023553303061 0.21154700538379254 0)
	arc 889 973 (0.7821023553303061 0.21154700538379254 0.8)
	arc 972 970 (0.7621023553303061 0.22309401076758503 0)
	arc 973 971 (0.7621023553303061 0.22309401076758503 0.8)
	arc 970 886 (0.7421023553303061 0.21154700538379254 0)
	arc 971 887 (0.7421023553303061 0.21154700538379254 0.8)
	arc 2802 3992 (0.9114917374831218 0.20625000000000002 0)
	arc 2803 3993 (0.9114917374831218 0.20625000000000002 0.8)
	arc 3992 3994 (0.9006664199358163 0.21250000000000002 0)
	arc 3993 3995 (0.9006664199358163 0.21250000000000002 0.8)
	arc 3994 2796 (0.8898411023885108 0.20625000000000002 0)
	arc 3995 2797 (0.8898411023885108 0.20625000000000002 0.8)
	arc 896 980 (0.9206664199358163 0.21154700538379254 0)
	arc 897 981 (0.9206664199358163 0.21154700538379254 0.8)
	arc 980 978 (0.9006664199358163 0.22309401076758503 0)
	arc 981 979 (0.9006664199358163 0.22309401076758503 0.8)
	arc 978 894 (0.8806664199358163 0.21154700538379254 0)
	arc 979 895 (0.8806664199358163 0.21154700538379254 0.8)
	arc 2906 4000 (1.050055802088632 0.20625000000000002 0)
	arc 2907 4001 (1.050055802088632 0.20625000000000002 0.8)
	arc 4000 4002 (1.0392304845413265 0.21250000000000002 0)
	arc 4001 4003 (1.0392304845413265 0.21250000000000002 0.8)
	arc 4002 2900 (1.028405166994021 0.20625000000000002 0)
	arc 4003 2901 (1.028405166994021 0.20625000000000002 0.8)
	arc 904 988 (1.0592304845413265 0.21154700538379254 0)
	arc 905 989 (1.0592304845413265 0.21154700538379254 0.8)
	arc 988 986 (1.0392304845413265 0.22309401076758503 0)
	arc 989 987 (1.0392304845413265 0.22309401076758503 0.8)
	arc 986 902 (1.0192304845413265 0.21154700538379254 0)
	arc 987 903 (1.0192304845413265 0.21154700538379254 0.8)
	arc 3010 4008 (1.1886198666941419 0.20625000000000002 0)
	arc 3011 4009 (1.1886198666941419 0.20625000000000002 0.8)
	arc 4008 4010 (1.1777945491468365 0.21250000000000002 0)
	arc 4009 4011 (1.1777945491468365 0.21250000000000002 0.8)
	arc 4010 3004 (1.166969231599531 0.20625000000000002 0)
	arc 4011 3005 (1.166969231599531 0.20625000000000002 0.8)
	arc 912 996 (1.1977945491468365 0.21154700538379254 0)
	arc 913 997 (1.1977945491468365 0.21154700538379254 0.8)
	arc 996 994 (1.1777945491468365 0.22309401076758503 0)
	arc 997 995 (1.1777945491468365 0.22309401076758503 0.8)
	arc 994 910 (1.1577945491468364 0.21154700538379254 0)
	arc 995 911 (1.1577945491468364 0.21154700538379254 0.8)
	arc 3114 4016 (1.3271839312996523 0.20625000000000002 0)
	arc 3115 4017 (1.3271839312996523 0.20625000000000002 0.8)
	arc 4016 4018 (1.3163586137523469 0.21250000000000002 0)
	arc 4017 4019 (1.3163586137523469 0.21250000000000002 0.8)
	arc 4018 3108 (1.3055332962050414 0.20625000000000002 0)
	arc 4019 3109 (1.3055332962050414 0.20625000000000002 0.8)
	arc 920 1004 (1.3363586137523469 0.21154700538379254 0)
	arc 921 1005 (1.3363586137523469 0.21154700538379254 0.8)
	arc 1004 1002 (1.3163586137523469 0.22309401076758503 0)
	arc 1005 1003 (1.3163586137523469 0.22309401076758503 0.8)
	arc 1002 918 (1.2963586137523468 0.21154700538379254 0)
	arc 1003 919 (1.2963586137523468 0.21154700538379254 0.8)
	arc 2124 4020 (-0.010825317547305483 0.23374999999999999 0)
	arc 2125 4021 (-0.010825317547305483 0.23374999999999999 0.8)
	arc 4020 4022 (-3.1635744863896907e-18 0.22749999999999998 0)
	arc 4021 4023 (-3.1635744863896907e-18 0.22749999999999998 0.8)
	arc 4022 2130 (0.01082531754730548 0.23374999999999999 0)
	arc 4023 2131 (0.01082531754730548 0.23374999999999999 0.8)
	arc 1010 926 (-0.02 0.22845299461620747 0)
	arc 1011 927 (-0.02 0.22845299461620747 0.8)
	arc 926 928 (-5.109662692888031e-18 0.21690598923241497 0)
	arc 927 929 (-5.109662692888031e-18 0.21690598923241497 0.8)
	arc 928 1012 (0.019999999999999993 0.22845299461620747 0)
	arc 929 1013 (0.019999999999999993 0.22845299461620747 0.8)
	arc 2228 4028 (0.1277387470582047 0.23374999999999999 0)
	arc 2229 4029 (0.1277387470582047 0.23374999999999999 0.8)
	arc 4028 4030 (0.13856406460551018 0.22749999999999998 0)
	arc 4029 4031 (0.13856406460551018 0.22749999999999998 0.8)
	arc 4030 2234 (0.14938938215281566 0.23374999999999999 0)
	arc 4031 2235 (0.14938938215281566 0.23374999999999999 0.8)
	arc 1018 934 (0.11856406460551018 0.22845299461620747 0)
	arc 1019 935 (0.11856406460551018 0.22845299461620747 0.8)
	arc 934 936 (0.13856406460551018 0.21690598923241497 0)
	arc 935 937 (0.13856406460551018 0.21690598923241497 0.8)
	arc 936 1020 (0.15856406460551017 0.22845299461620747 0)
	arc 937 1021 (0.15856406460551017 0.22845299461620747 0.8)
	arc 2332 4036 (0.2663028116637149 0.23374999999999999 0)
	arc 2333 4037 (0.2663028116637149 0.23374999999999999 0.8)
	arc 4036 4038 (0.27712812921102037 0.22749999999999998 0)
	arc 4037 4039 (0.27712812921102037 0.22749999999999998 0.8)
	arc 4038 2338 (0.28795344675832585 0.23374999999999999 0)
	arc 4039 2339 (0.28795344675832585 0.23374999999999999 0.8)
	arc 1026 942 (0.25712812921102035 0.22845299461620747 0)
	arc 1027 943 (0.25712812921102035 0.22845299461620747 0.8)
	arc 942 944 (0.27712812921102037 0.21690598923241497 0)
	arc 943 945 (0.27712812921102037 0.21690598923241497 0.8)
	arc 944 1028 (0.2971281292110204 0.22845299461620747 0)
	arc 945 1029 (0.2971281292110204 0.22845299461620747 0.8)
	arc 2436 4044 (0.4048668762692251 0.23374999999999999 0)
	arc 2437 4045 (0.4048668762692251 0.23374999999999999 0.8)
	arc 4044 4046 (0.41569219381653055 0.22749999999999998 0)
	arc 4045 4047 (0.41569219381653055 0.22749999999999998 0.8)
	arc 4046 2442 (0.42651751136383603 0.23374999999999999 0)
	arc 4047 2443 (0.42651751136383603 0.23374999999999999 0.8)
	arc 1034 950 (0.39569219381653054 0.22845299461620747 0)
	arc 1035 951 (0.39569219381653054 0.22845299461620747 0.8)
	arc 950 952 (0.41569219381653055 0.21690598923241497 0)
	arc 951 953 (0.41569219381653055 0.21690598923241497 0.8)
	arc 952 1036 (0.43569219381653057 0.22845299461620747 0)
	arc 953 1037 (0.43569219381653057 0.22845299461620747 0.8)
	arc 2540 4052 (0.5434309408747352 0.23374999999999999 0)
	arc 2541 4053 (0.5434309408747352 0.23374999999999999 0.8)
	arc 4052 4054 (0.5542562584220407 0.22749999999999998 0)
	arc 4053 4055 (0.5542562584220407 0.22749999999999998 0.8)
	arc 4054 2546 (0.5650815759693462 0.23374999999999999 0)
	arc 4055 2547 (0.5650815759693462 0.23374999999999999 0.8)
	arc 1042 958 (0.5342562584220407 0.22845299461620747 0)
	arc 1043 959 (0.5342562584220407 0.22845299461620747 0.8)
	arc 958 960 (0.5542562584220407 0.21690598923241497 0)
	arc 959 961 (0.5542562584220407 0.21690598923241497 0.8)
	arc 960 1044 (0.5742562584220408 0.22845299461620747 0)
	arc 961 1045 (0.5742562584220408 0.22845299461620747 0.8)
	arc 2644 4060 (0.6819950054802454 0.23374999999999999 0)
	arc 2645 4061 (0.6819950054802454 0.23374999999999999 0.8)
	arc 4060 4062 (0.6928203230275509 0.22749999999999998 0)
	arc 4061 4063 (0.6928203230275509 0.22749999999999998 0.8)
	arc 4062 2650 (0.7036456405748563 0.23374999999999999 0)
	arc 4063 2651 (0.7036456405748563 0.23374999999999999 0.8)
	arc 1050 966 (0.6728203230275509 0.22845299461620747 0)
	arc 1051 967 (0.6728203230275509 0.22845299461620747 0.8)
	arc 966 968 (0.6928203230275509 0.21690598923241497 0)
	arc 967 969 (0.6928203230275509 0.21690598923241497 0.8)
	arc 968 1052 (0.7128203230275509 0.22845299461620747 0)
	arc 969 1053 (0.7128203230275509 0.22845299461620747 0.8)
	arc 2748 4068 (0.8205590700857556 0.23374999999999999 0)
	arc 2749 4069 (0.8205590700857556 0.23374999999999999 0.8)
	arc 4068 4070 (0.8313843876330611 0.22749999999999998 0)
	arc 4069 4071 (0.8313843876330611 0.22749999999999998 0.8)
	arc 4070 2754 (0.8422097051803665 0.23374999999999999 0)
	arc 4071 2755 (0.8422097051803665 0.23374999999999999 0.8)
	arc 1058 974 (0.8113843876330611 0.22845299461620747 0)
	arc 1059 975 (0.8113843876330611 0.22845299461620747 0.8)
	arc 974 976 (0.8313843876330611 0.21690598923241497 0)
	arc 975 977 (0.8313843876330611 0.21690598923241497 0.8)
	arc 976 1060 (0.8513843876330611 0.22845299461620747 0)
	arc 977 1061 (0.8513843876330611 0.22845299461620747 0.8)
	arc 2852 4076 (0.9591231346912658 0.23374999999999999 0)
	arc 2853 4077 (0.9591231346912658 0.23374999999999999 0.8)
	arc 4076 4078 (0.9699484522385713 0.22749999999999998 0)
	arc 4077 4079 (0.9699484522385713 0.22749999999999998 0.8)
	arc 4078 2858 (0.9807737697858767 0.23374999999999999 0)
	arc 4079 2859 (0.9807737697858767 0.23374999999999999 0.8)
	arc 1066 982 (0.9499484522385713 0.22845299461620747 0)
	arc 1067 983 (0.9499484522385713 0.22845299461620747 0.8)
	arc 982 984 (0.9699484522385713 0.21690598923241497 0)
	arc 983 985 (0.9699484522385713 0.21690598923241497 0.8)
	arc 984 1068 (0.9899484522385713 0.22845299461620747 0)
	arc 985 1069 (0.9899484522385713 0.22845299461620747 0.8)
	arc 2956 4084 (1.097687199296776 0.23374999999999999 0)
	arc 2957 4085 (1.097687199296776 0.23374999999999999 0.8)
	arc 4084 4086 (1.1085125168440815 0.22749999999999998 0)
	arc 4085 4087 (1.1085125168440815 0.22749999999999998 0.8)
	arc 4086 2962 (1.119337834391387 0.23374999999999999 0)
	arc 4087 2963 (1.119337834391387 0.23374999999999999 0.8)
	arc 1074 990 (1.0885125168440815 0.22845299461620747 0)
	arc 1075 991 (1.0885125168440815 0.22845299461620747 0.8)
	arc 990 992 (1.1085125168440815 0.21690598923241497 0)
	arc 991 993 (1.1085125168440815 0.21690598923241497 0.8)
	arc 992 1076 (1.1285125168440815 0.22845299461620747 0)
	arc 993 1077 (1.1285125168440815 0.22845299461620747 0.8)
	arc 3060 4092 (1.2362512639022862 0.23374999999999999 0)
	arc 3061 4093 (1.2362512639022862 0.23374999999999999 0.8)
	arc 4092 4094 (1.2470765814495917 0.22749999999999998 0)
	arc 4093 4095 (1.2470765814495917 0.22749999999999998 0.8)
	arc 4094 3066 (1.257901898996897 0.23374999999999999 0)
	arc 4095 3067 (1.257901898996897 0.23374999999999999 0.8)
	arc 1082 998 (1.2270765814495916 0.22845299461620747 0)
	arc 1083 999 (1.2270765814495916 0.22845299461620747 0.8)
	arc 998 1000 (1.2470765814495917 0.21690598923241497 0)
	arc 999 1001 (1.2470765814495917 0.21690598923241497 0.8)
	arc 1000 1084 (1.2670765814495917 0.22845299461620747 0)
	arc 1001 1085 (1.2670765814495917 0.22845299461620747 0.8)
	arc 2130 4104 (0.010825317547305483 0.24625 0)
	arc 2131 4105 (0.010825317547305483 0.24625 0.8)
	arc 4104 4106 (-9.693192265097113e-19 0.2525 0)
	arc 4105 4107 (-9.693192265097113e-19 0.2525 0.8)
	arc 4106 2124 (-0.010825317547305487 0.24625 0)
	arc 4107 2125 (-0.010825317547305487 0.24625 0.8)
	arc 1012 1096 (0.020000000000000004 0.2515470053837925 0)
	arc 1013 1097 (0.020000000000000004 0.2515470053837925 0.8)
	arc 1096 1094 (-3.206231576769311e-19 0.26309401076758504 0)
	arc 1097 1095 (-3.206231576769311e-19 0.26309401076758504 0.8)
	arc 1094 1010 (-0.020000000000000004 0.2515470053837925 0)
	arc 1095 1011 (-0.020000000000000004 0.2515470053837925 0.8)
	arc 2234 4112 (0.14938938215281566 0.24625 0)
	arc 2235 4113 (0.14938938215281566 0.24625 0.8)
	arc 4112 4114 (0.13856406460551018 0.2525 0)
	arc 4113 4115 (0.13856406460551018 0.2525 0.8)
	arc 4114 2228 (0.1277387470582047 0.24625 0)
	arc 4115 2229 (0.1277387470582047 0.24625 0.8)
	arc 1020 1104 (0.1585640646055102 0.2515470053837925 0)
	arc 1021 1105 (0.1585640646055102 0.2515470053837925 0.8)
	arc 1104 1102 (0.13856406460551018 0.26309401076758504 0)
	arc 1105 1103 (0.13856406460551018 0.26309401076758504 0.8)
	arc 1102 1018 (0.11856406460551018 0.2515470053837925 0)
	arc 1103 1019 (0.11856406460551018 0.2515470053837925 0.8)
	arc 2338 4120 (0.28795344675832585 0.24625 0)
	arc 2339 4121 (0.28795344675832585 0.24625 0.8)
	arc 4120 4122 (0.27712812921102037 0.2525 0)
	arc 4121 4123 (0.27712812921102037 0.2525 0.8)
	arc 4122 2332 (0.2663028116637149 0.24625 0)
	arc 4123 2333 (0.2663028116637149 0.24625 0.8)
	arc 1028 1112 (0.2971281292110204 0.2515470053837925 0)
	arc 1029 1113 (0.2971281292110204 0.2515470053837925 0.8)
	arc 1112 1110 (0.27712812921102037 0.26309401076758504 0)
	arc 1113 1111 (0.27712812921102037 0.26309401076758504 0.8)
	arc 1110 1026 (0.25712812921102035 0.2515470053837925 0)
	arc 1111 1027 (0.25712812921102035 0.2515470053837925 0.8)
	arc 2442 4128 (0.42651751136383603 0.24625 0)
	arc 2443 4129 (0.42651751136383603 0.24625 0.8)
	arc 4128 4130 (0.41569219381653055 0.2525 0)
	arc 4129 4131 (0.41569219381653055 0.2525 0.8)
	arc 4130 2436 (0.4048668762692251 0.24625 0)
	arc 4131 2437 (0.4048668762692251 0.24625 0.8)
	arc 1036 1120 (0.43569219381653057 0.2515470053837925 0)
	arc 1037 1121 (0.43569219381653057 0.2515470053837925 0.8)
	arc 1120 1118 (0.41569219381653055 0.26309401076758504 0)
	arc 1121 1119 (0.41569219381653055 0.26309401076758504 0.8)
	arc 1118 1034 (0.39569219381653054 0.2515470053837925 0)
	arc 1119 1035 (0.39569219381653054 0.2515470053837925 0.8)
	arc 2546 4136 (0.5650815759693463 0.24625 0)
	arc 2547 4137 (0.5650815759693463 0.24625 0.8)
	arc 4136 4138 (0.5542562584220407 0.2525 0)
	arc 4137 4139 (0.5542562584220407 0.2525 0.8)
	arc 4138 2540 (0.5434309408747352 0.24625 0)
	arc 4139 2541 (0.5434309408747352 0.24625 0.8)
	arc 1044 1128 (0.5742562584220408 0.2515470053837925 0)
	arc 1045 1129 (0.5742562584220408 0.2515470053837925 0.8)
	arc 1128 1126 (0.5542562584220407 0.26309401076758504 0)
	arc 1129 1127 (0.5542562584220407 0.26309401076758504 0.8)
	arc 1126 1042 (0.5342562584220407 0.2515470053837925 0)
	arc 1127 1043 (0.5342562584220407 0.2515470053837925 0.8)
	arc 2650 4144 (0.7036456405748565 0.24625 0)
	arc 2651 4145 (0.7036456405748565 0.24625 0.8)
	arc 4144 4146 (0.6928203230275509 0.2525 0)
	arc 4145 4147 (0.6928203230275509 0.2525 0.8)
	arc 4146 2644 (0.6819950054802454 0.24625 0)
	arc 4147 2645 (0.6819950054802454 0.24625 0.8)
	arc 1052 1136 (0.7128203230275509 0.2515470053837925 0)
	arc 1053 1137 (0.7128203230275509 0.2515470053837925 0.8)
	arc 1136 1134 (0.6928203230275509 0.26309401076758504 0)
	arc 1137 1135 (0.6928203230275509 0.26309401076758504 0.8)
	arc 1134 1050 (0.6728203230275509 0.2515470053837925 0)
	arc 1135 1051 (0.6728203230275509 0.2515470053837925 0.8)
	arc 2754 4152 (0.8422097051803666 0.24625 0)
	arc 2755 4153 (0.8422097051803666 0.24625 0.8)
	arc 4152 4154 (0.8313843876330611 0.2525 0)
	arc 4153 4155 (0.8313843876330611 0.2525 0.8)
	arc 4154 2748 (0.8205590700857556 0.24625 0)
	arc 4155 2749 (0.8205590700857556 0.24625 0.8)
	arc 1060 1144 (0.8513843876330611 0.2515470053837925 0)
	arc 1061 1145 (0.8513843876330611 0.2515470053837925 0.8)
	arc 1144 1142 (0.8313843876330611 0.26309401076758504 0)
	arc 1145 1143 (0.8313843876330611 0.26309401076758504 0.8)
	arc 1142 1058 (0.8113843876330611 0.2515470053837925 0)
	arc 1143 1059 (0.8113843876330611 0.2515470053837925 0.8)
	arc 2858 4160 (0.9807737697858768 0.24625 0)
	arc 2859 4161 (0.9807737697858768 0.24625 0.8)
	arc 4160 4162 (0.9699484522385713 0.2525 0)
	arc 4161 4163 (0.9699484522385713 0.2525 0.8)
	arc 4162 2852 (0.9591231346912658 0.24625 0)
	arc 4163 2853 (0.9591231346912658 0.24625 0.8)
	arc 1068 1152 (0.9899484522385713 0.2515470053837925 0)
	arc 1069 1153 (0.9899484522385713 0.2515470053837925 0.8)
	arc 1152 1150 (0.9699484522385713 0.26309401076758504 0)
	arc 1153 1151 (0.9699484522385713 0.26309401076758504 0.8)
	arc 1150 1066 (0.9499484522385713 0.2515470053837925 0)
	arc 1151 1067 (0.9499484522385713 0.2515470053837925 0.8)
	arc 2962 4168 (1.119337834391387 0.24625 0)
	arc 2963 4169 (1.119337834391387 0.24625 0.8)
	arc 4168 4170 (1.1085125168440815 0.2525 0)
	arc 4169 4171 (1.1085125168440815 0.2525 0.8)
	arc 4170 2956 (1.097687199296776 0.24625 0)
	arc 4171 2957 (1.097687199296776 0.24625 0.8)
	arc 1076 1160 (1.1285125168440815 0.2515470053837925 0)
	arc 1077 1161 (1.1285125168440815 0.2515470053837925 0.8)
	arc 1160 1158 (1.1085125168440815 0.26309401076758504 0)
	arc 1161 1159 (1.1085125168440815 0.26309401076758504 0.8)
	arc 1158 1074 (1.0885125168440815 0.2515470053837925 0)
	arc 1159 1075 (1.0885125168440815 0.2515470053837925 0.8)
	arc 3066 4176 (1.257901898996897 0.24625 0)
	arc 3067 4177 (1.257901898996897 0.24625 0.8)
	arc 4176 4178 (1.2470765814495917 0.2525 0)
	arc 4177 4179 (1.2470765814495917 0.2525 0.8)
	arc 4178 3060 (1.2362512639022862 0.24625 0)
	arc 4179 3061 (1.2362512639022862 0.24625 0.8)
	arc 1084 1168 (1.2670765814495917 0.2515470053837925 0)
	arc 1085 1169 (1.2670765814495917 0.2515470053837925 0.8)
	arc 1168 1166 (1.2470765814495917 0.26309401076758504 0)
	arc 1169 1167 (1.2470765814495917 0.26309401076758504 0.8)
	arc 1166 1082 (1.2270765814495916 0.2515470053837925 0)
	arc 1167 1083 (1.2270765814495916 0.2515470053837925 0.8)
	arc 2180 4180 (0.05845671475544961 0.27375000000000005 0)
	arc 2181 4181 (0.05845671475544961 0.27375000000000005 0.8)
	arc 4180 4182 (0.06928203230275509 0.2675 0)
	arc 4181 4183 (0.06928203230275509 0.2675 0.8)
	arc 4182 2186 (0.08010734985006057 0.27375000000000005 0)
	arc 4183 2187 (0.08010734985006057 0.27375000000000005 0.8)
	arc 1182 1098 (0.04928203230275509 0.26845299461620753 0)
	arc 1183 1099 (0.04928203230275509 0.26845299461620753 0.8)
	arc 1098 1100 (0.06928203230275509 0.256905989232415 0)
	arc 1099 1101 (0.06928203230275509 0.256905989232415 0.8)
	arc 1100 1184 (0.08928203230275508 0.2684529946162075 0)
	arc 1101 1185 (0.08928203230275508 0.2684529946162075 0.8)
	arc 2284 4188 (0.1970207793609598 0.27375000000000005 0)
	arc 2285 4189 (0.1970207793609598 0.27375000000000005 0.8)
	arc 4188 4190 (0.20784609690826528 0.2675 0)
	arc 4189 4191 (0.20784609690826528 0.2675 0.8)
	arc 4190 2290 (0.21867141445557076 0.27375000000000005 0)
	arc 4191 2291 (0.21867141445557076 0.27375000000000005 0.8)
	arc 1190 1106 (0.1878460969082653 0.26845299461620753 0)
	arc 1191 1107 (0.1878460969082653 0.26845299461620753 0.8)
	arc 1106 1108 (0.20784609690826528 0.256905989232415 0)
	arc 1107 1109 (0.20784609690826528 0.256905989232415 0.8)
	arc 1108 1192 (0.22784609690826527 0.2684529946162075 0)
	arc 1109 1193 (0.22784609690826527 0.2684529946162075 0.8)
	arc 2388 4196 (0.33558484396647 0.27375000000000005 0)
	arc 2389 4197 (0.33558484396647 0.27375000000000005 0.8)
	arc 4196 4198 (0.34641016151377546 0.2675 0)
	arc 4197 4199 (0.34641016151377546 0.2675 0.8)
	arc 4198 2394 (0.35723547906108094 0.27375000000000005 0)
	arc 4199 2395 (0.35723547906108094 0.27375000000000005 0.8)
	arc 1198 1114 (0.32641016151377544 0.26845299461620753 0)
	arc 1199 1115 (0.32641016151377544 0.26845299461620753 0.8)
	arc 1114 1116 (0.34641016151377546 0.256905989232415 0)
	arc 1115 1117 (0.34641016151377546 0.256905989232415 0.8)
	arc 1116 1200 (0.3664101615137755 0.2684529946162075 0)
	arc 1117 1201 (0.3664101615137755 0.2684529946162075 0.8)
	arc 2492 4204 (0.47414890857198017 0.27375000000000005 0)
	arc 2493 4205 (0.47414890857198017 0.27375000000000005 0.8)
	arc 4204 4206 (0.48497422611928565 0.2675 0)
	arc 4205 4207 (0.48497422611928565 0.2675 0.8)
	arc 4206 2498 (0.4957995436665911 0.27375000000000005 0)
	arc 4207 2499 (0.4957995436665911 0.27375000000000005 0.8)
	arc 1206 1122 (0.4649742261192856 0.26845299461620753 0)
	arc 1207 1123 (0.4649742261192856 0.26845299461620753 0.8)
	arc 1122 1124 (0.48497422611928565 0.256905989232415 0)
	arc 1123 1125 (0.48497422611928565 0.256905989232415 0.8)
	arc 1124 1208 (0.5049742261192857 0.2684529946162075 0)
	arc 1125 1209 (0.5049742261192857 0.2684529946162075 0.8)
	arc 2596 4212 (0.6127129731774904 0.27375000000000005 0)
	arc 2597 4213 (0.6127129731774904 0.27375000000000005 0.8)
	arc 4212 4214 (0.6235382907247959 0.2675 0)
	arc 4213 4215 (0.6235382907247959 0.2675 0.8)
	arc 4214 2602 (0.6343636082721014 0.27375000000000005 0)
	arc 4215 2603 (0.6343636082721014 0.27375000000000005 0.8)
	arc 1214 1130 (0.6035382907247959 0.26845299461620753 0)
	arc 1215 1131 (0.6035382907247959 0.26845299461620753 0.8)
	arc 1130 1132 (0.6235382907247959 0.256905989232415 0)
	arc 1131 1133 (0.6235382907247959 0.256905989232415 0.8)
	arc 1132 1216 (0.643538290724796 0.2684529946162075 0)
	arc 1133 1217 (0.643538290724796 0.2684529946162075 0.8)
	arc 2700 4220 (0.7512770377830006 0.27375000000000005 0)
	arc 2701 4221 (0.7512770377830006 0.27375000000000005 0.8)
	arc 4220 4222 (0.7621023553303061 0.2675 0)
	arc 4221 4223 (0.7621023553303061 0.2675 0.8)
	arc 4222 2706 (0.7729276728776115 0.27375000000000005 0)
	arc 4223 2707 (0.7729276728776115 0.27375000000000005 0.8)
	arc 1222 1138 (0.7421023553303061 0.26845299461620753 0)
	arc 1223 1139 (0.7421023553303061 0.26845299461620753 0.8)
	arc 1138 1140 (0.7621023553303061 0.256905989232415 0)
	arc 1139 1141 (0.7621023553303061 0.256905989232415 0.8)
	arc 1140 1224 (0.7821023553303061 0.2684529946162075 0)
	arc 1141 1225 (0.7821023553303061 0.2684529946162075 0.8)
	arc 2804 4228 (0.8898411023885108 0.27375000000000005 0)
	arc 2805 4229 (0.8898411023885108 0.27375000000000005 0.8)
	arc 4228 4230 (0.9006664199358163 0.2675 0)
	arc 4229 4231 (0.9006664199358163 0.2675 0.8)
	arc 4230 2810 (0.9114917374831217 0.27375000000000005 0)
	arc 4231 2811 (0.9114917374831217 0.27375000000000005 0.8)
	arc 1230 1146 (0.8806664199358163 0.26845299461620753 0)
	arc 1231 1147 (0.8806664199358163 0.26845299461620753 0.8)
	arc 1146 1148 (0.9006664199358163 0.256905989232415 0)
	arc 1147 1149 (0.9006664199358163 0.256905989232415 0.8)
	arc 1148 1232 (0.9206664199358163 0.2684529946162075 0)
	arc 1149 1233 (0.9206664199358163 0.2684529946162075 0.8)
	arc 2908 4236 (1.028405166994021 0.27375000000000005 0)
	arc 2909 4237 (1.028405166994021 0.27375000000000005 0.8)
	arc 4236 4238 (1.0392304845413265 0.2675 0)
	arc 4237 4239 (1.0392304845413265 0.2675 0.8)
	arc 4238 2914 (1.050055802088632 0.27375000000000005 0)
	arc 4239 2915 (1.050055802088632 0.27375000000000005 0.8)
	arc 1238 1154 (1.0192304845413265 0.26845299461620753 0)
	arc 1239 1155 (1.0192304845413265 0.26845299461620753 0.8)
	arc 1154 1156 (1.0392304845413265 0.256905989232415 0)
	arc 1155 1157 (1.0392304845413265 0.256905989232415 0.8)
	arc 1156 1240 (1.0592304845413265 0.2684529946162075 0)
	arc 1157 1241 (1.0592304845413265 0.2684529946162075 0.8)
	arc 3012 4244 (1.166969231599531 0.27375000000000005 0)
	arc 3013 4245 (1.166969231599531 0.27375000000000005 0.8)
	arc 4244 4246 (1.1777945491468365 0.2675 0)
	arc 4245 4247 (1.1777945491468365 0.2675 0.8)
	arc 4246 3018 (1.1886198666941419 0.27375000000000005 0)
	arc 4247 3019 (1.1886198666941419 0.27375000000000005 0.8)
	arc 1246 1162 (1.1577945491468364 0.26845299461620753 0)
	arc 1247 1163 (1.1577945491468364 0.26845299461620753 0.8)
	arc 1162 1164 (1.1777945491468365 0.256905989232415 0)
	arc 1163 1165 (1.1777945491468365 0.256905989232415 0.8)
	arc 1164 1248 (1.1977945491468365 0.2684529946162075 0)
	arc 1165 1249 (1.1977945491468365 0.2684529946162075 0.8)
	arc 3116 4252 (1.3055332962050414 0.27375000000000005 0)
	arc 3117 4253 (1.3055332962050414 0.27375000000000005 0.8)
	arc 4252 4254 (1.3163586137523469 0.2675 0)
	arc 4253 4255 (1.3163586137523469 0.2675 0.8)
	arc 4254 3122 (1.3271839312996523 0.27375000000000005 0)
	arc 4255 3123 (1.3271839312996523 0.27375000000000005 0.8)
	arc 1254 1170 (1.2963586137523468 0.26845299461620753 0)
	arc 1255 1171 (1.2963586137523468 0.26845299461620753 0.8)
	arc 1170 1172 (1.3163586137523469 0.256905989232415 0)
	arc 1171 1173 (1.3163586137523469 0.256905989232415 0.8)
	arc 1172 1256 (1.3363586137523469 0.2684529946162075 0)
	arc 1173 1257 (1.3363586137523469 0.2684529946162075 0.8)
	arc 2186 4264 (0.08010734985006057 0.28625 0)
	arc 2187 4265 (0.08010734985006057 0.28625 0.8)
	arc 4264 4266 (0.06928203230275509 0.29250000000000004 0)
	arc 4265 4267 (0.06928203230275509 0.29250000000000004 0.8)
	arc 4266 2180 (0.058456714755449606 0.28625 0)
	arc 4267 2181 (0.058456714755449606 0.28625 0.8)
	arc 1184 1268 (0.0892820323027551 0.2915470053837925 0)
	arc 1185 1269 (0.0892820323027551 0.2915470053837925 0.8)
	arc 1268 1266 (0.06928203230275509 0.3030940107675851 0)
	arc 1269 1267 (0.06928203230275509 0.3030940107675851 0.8)
	arc 1266 1182 (0.04928203230275509 0.2915470053837925 0)
	arc 1267 1183 (0.04928203230275509 0.2915470053837925 0.8)
	arc 2290 4272 (0.21867141445557076 0.28625 0)
	arc 2291 4273 (0.21867141445557076 0.28625 0.8)
	arc 4272 4274 (0.20784609690826528 0.29250000000000004 0)
	arc 4273 4275 (0.20784609690826528 0.29250000000000004 0.8)
	arc 4274 2284 (0.1970207793609598 0.28625 0)
	arc 4275 2285 (0.1970207793609598 0.28625 0.8)
	arc 1192 1276 (0.2278460969082653 0.2915470053837925 0)
	arc 1193 1277 (0.2278460969082653 0.2915470053837925 0.8)
	arc 1276 1274 (0.20784609690826528 0.3030940107675851 0)
	arc 1277 1275 (0.20784609690826528 0.3030940107675851 0.8)
	arc 1274 1190 (0.18784609690826526 0.2915470053837925 0)
	arc 1275 1191 (0.18784609690826526 0.2915470053837925 0.8)
	arc 2394 4280 (0.35723547906108094 0.28625 0)
	arc 2395 4281 (0.35723547906108094 0.28625 0.8)
	arc 4280 4282 (0.34641016151377546 0.29250000000000004 0)
	arc 4281 4283 (0.34641016151377546 0.29250000000000004 0.8)
	arc 4282 2388 (0.33558484396647 0.28625 0)
	arc 4283 2389 (0.33558484396647 0.28625 0.8)
	arc 1200 1284 (0.3664101615137755 0.2915470053837925 0)
	arc 1201 1285 (0.3664101615137755 0.2915470053837925 0.8)
	arc 1284 1282 (0.34641016151377546 0.3030940107675851 0)
	arc 1285 1283 (0.34641016151377546 0.3030940107675851 0.8)
	arc 1282 1198 (0.32641016151377544 0.2915470053837925 0)
	arc 1283 1199 (0.32641016151377544 0.2915470053837925 0.8)
	arc 2498 4288 (0.4957995436665911 0.28625 0)
	arc 2499 4289 (0.4957995436665911 0.28625 0.8)
	arc 4288 4290 (0.48497422611928565 0.29250000000000004 0)
	arc 4289 4291 (0.48497422611928565 0.29250000000000004 0.8)
	arc 4290 2492 (0.47414890857198017 0.28625 0)
	arc 4291 2493 (0.47414890857198017 0.28625 0.8)
	arc 1208 1292 (0.5049742261192857 0.2915470053837925 0)
	arc 1209 1293 (0.5049742261192857 0.2915470053837925 0.8)
	arc 1292 1290 (0.48497422611928565 0.3030940107675851 0)
	arc 1293 1291 (0.48497422611928565 0.3030940107675851 0.8)
	arc 1290 1206 (0.4649742261192856 0.2915470053837925 0)
	arc 1291 1207 (0.4649742261192856 0.2915470053837925 0.8)
	arc 2602 4296 (0.6343636082721015 0.28625 0)
	arc 2603 4297 (0.6343636082721015 0.28625 0.8)
	arc 4296 4298 (0.6235382907247959 0.29250000000000004 0)
	arc 4297 4299 (0.6235382907247959 0.29250000000000004 0.8)
	arc 4298 2596 (0.6127129731774904 0.28625 0)
	arc 4299 2597 (0.6127129731774904 0.28625 0.8)
	arc 1216 1300 (0.643538290724796 0.2915470053837925 0)
	arc 1217 1301 (0.643538290724796 0.2915470053837925 0.8)
	arc 1300 1298 (0.6235382907247959 0.3030940107675851 0)
	arc 1301 1299 (0.6235382907247959 0.3030940107675851 0.8)
	arc 1298 1214 (0.6035382907247959 0.2915470053837925 0)
	arc 1299 1215 (0.6035382907247959 0.2915470053837925 0.8)
	arc 2706 4304 (0.7729276728776117 0.28625 0)
	arc 2707 4305 (0.7729276728776117 0.28625 0.8)
	arc 4304 4306 (0.7621023553303061 0.29250000000000004 0)
	arc 4305 4307 (0.7621023553303061 0.29250000000000004 0.8)
	arc 4306 2700 (0.7512770377830006 0.28625 0)
	arc 4307 2701 (0.7512770377830006 0.28625 0.8)
	arc 1224 1308 (0.7821023553303061 0.2915470053837925 0)
	arc 1225 1309 (0.7821023553303061 0.2915470053837925 0.8)
	arc 1308 1306 (0.7621023553303061 0.3030940107675851 0)
	arc 1309 1307 (0.7621023553303061 0.3030940107675851 0.8)
	arc 1306 1222 (0.7421023553303061 0.2915470053837925 0)
	arc 1307 1223 (0.7421023553303061 0.2915470053837925 0.8)
	arc 2810 4312 (0.9114917374831218 0.28625 0)
	arc 2811 4313 (0.9114917374831218 0.28625 0.8)
	arc 4312 4314 (0.9006664199358163 0.29250000000000004 0)
	arc 4313 4315 (0.9006664199358163 0.29250000000000004 0.8)
	arc 4314 2804 (0.8898411023885108 0.28625 0)
	arc 4315 2805 (0.8898411023885108 0.28625 0.8)
	arc 1232 1316 (0.9206664199358163 0.2915470053837925 0)
	arc 1233 1317 (0.9206664199358163 0.2915470053837925 0.8)
	arc 1316 1314 (0.9006664199358163 0.3030940107675851 0)
	arc 1317 1315 (0.9006664199358163 0.3030940107675851 0.8)
	arc 1314 1230 (0.8806664199358163 0.2915470053837925 0)
	arc 1315 1231 (0.8806664199358163 0.2915470053837925 0.8)
	arc 2914 4320 (1.050055802088632 0.28625 0)
	arc 2915 4321 (1.050055802088632 0.28625 0.8)
	arc 4320 4322 (1.0392304845413265 0.29250000000000004 0)
	arc 4321 4323 (1.0392304845413265 0.29250000000000004 0.8)
	arc 4322 2908 (1.028405166994021 0.28625 0)
	arc 4323 2909 (1.028405166994021 0.28625 0.8)
	arc 1240 1324 (1.0592304845413265 0.2915470053837925 0)
	arc 1241 1325 (1.0592304845413265 0.2915470053837925 0.8)
	arc 1324 1322 (1.0392304845413265 0.3030940107675851 0)
	arc 1325 1323 (1.0392304845413265 0.3030940107675851 0.8)
	arc 1322 1238 (1.0192304845413265 0.2915470053837925 0)
	arc 1323 1239 (1.0192304845413265 0.2915470053837925 0.8)
	arc 3018 4328 (1.1886198666941419 0.28625 0)
	arc 3019 4329 (1.1886198666941419 0.28625 0.8)
	arc 4328 4330 (1.1777945491468365 0.29250000000000004 0)
	arc 4329 4331 (1.1777945491468365 0.29250000000000004 0.8)
	arc 4330 3012 (1.166969231599531 0.28625 0)
	arc 4331 3013 (1.166969231599531 0.28625 0.8)
	arc 1248 1332 (1.1977945491468365 0.2915470053837925 0)
	arc 1249 1333 (1.1977945491468365 0.2915470053837925 0.8)
	arc 1332 1330 (1.1777945491468365 0.3030940107675851 0)
	arc 1333 1331 (1.1777945491468365 0.3030940107675851 0.8)
	arc 1330 1246 (1.1577945491468364 0.2915470053837925 0)
	arc 1331 1247 (1.1577945491468364 0.2915470053837925 0.8)
	arc 3122 4336 (1.3271839312996523 0.28625 0)
	arc 3123 4337 (1.3271839312996523 0.28625 0.8)
	arc 4336 4338 (1.3163586137523469 0.29250000000000004 0)
	arc 4337 4339 (1.3163586137523469 0.29250000000000004 0.8)
	arc 4338 3116 (1.3055332962050414 0.28625 0)
	arc 4339 3117 (1.3055332962050414 0.28625 0.8)
	arc 1256 1340 (1.3363586137523469 0.2915470053837925 0)
	arc 1257 1341 (1.3363586137523469 0.2915470053837925 0.8)
	arc 1340 1338 (1.3163586137523469 0.3030940107675851 0)
	arc 1341 1339 (1.3163586137523469 0.3030940107675851 0.8)
	arc 1338 1254 (1.2963586137523468 0.2915470053837925 0)
	arc 1339 1255 (1.2963586137523468 0.2915470053837925 0.8)
	arc 2132 4340 (-0.010825317547305483 0.31375000000000003 0)
	arc 2133 4341 (-0.010825317547305483 0.31375000000000003 0.8)
	arc 4340 4342 (-3.1635744863896907e-18 0.3075 0)
	arc 4341 4343 (-3.1635744863896907e-18 0.3075 0.8)
	arc 4342 2138 (0.01082531754730548 0.31375 0)
	arc 4343 2139 (0.01082531754730548 0.31375 0.8)
	arc 1346 1262 (-0.02 0.3084529946162075 0)
	arc 1347 1263 (-0.02 0.3084529946162075 0.8)
	arc 1262 1264 (-5.109662692888031e-18 0.29690598923241496 0)
	arc 1263 1265 (-5.109662692888031e-18 0.29690598923241496 0.8)
	arc 1264 1348 (0.019999999999999993 0.30845299461620745 0)
	arc 1265 1349 (0.019999999999999993 0.30845299461620745 0.8)
	arc 2236 4348 (0.1277387470582047 0.31375000000000003 0)
	arc 2237 4349 (0.1277387470582047 0.31375000000000003 0.8)
	arc 4348 4350 (0.13856406460551018 0.3075 0)
	arc 4349 4351 (0.13856406460551018 0.3075 0.8)
	arc 4350 2242 (0.14938938215281566 0.31375 0)
	arc 4351 2243 (0.14938938215281566 0.31375 0.8)
	arc 1354 1270 (0.11856406460551018 0.3084529946162075 0)
	arc 1355 1271 (0.11856406460551018 0.3084529946162075 0.8)
	arc 1270 1272 (0.13856406460551018 0.29690598923241496 0)
	arc 1271 1273 (0.13856406460551018 0.29690598923241496 0.8)
	arc 1272 1356 (0.15856406460551017 0.30845299461620745 0)
	arc 1273 1357 (0.15856406460551017 0.30845299461620745 0.8)
	arc 2340 4356 (0.2663028116637149 0.31375000000000003 0)
	arc 2341 4357 (0.2663028116637149 0.31375000000000003 0.8)
	arc 4356 4358 (0.27712812921102037 0.3075 0)
	arc 4357 4359 (0.27712812921102037 0.3075 0.8)
	arc 4358 2346 (0.28795344675832585 0.31375 0)
	arc 4359 2347 (0.28795344675832585 0.31375 0.8)
	arc 1362 1278 (0.25712812921102035 0.3084529946162075 0)
	arc 1363 1279 (0.25712812921102035 0.3084529946162075 0.8)
	arc 1278 1280 (0.27712812921102037 0.29690598923241496 0)
	arc 1279 1281 (0.27712812921102037 0.29690598923241496 0.8)
	arc 1280 1364 (0.2971281292110204 0.30845299461620745 0)
	arc 1281 1365 (0.2971281292110204 0.30845299461620745 0.8)
	arc 2444 4364 (0.4048668762692251 0.31375000000000003 0)
	arc 2445 4365 (0.4048668762692251 0.31375000000000003 0.8)
	arc 4364 4366 (0.41569219381653055 0.3075 0)
	arc 4365 4367 (0.41569219381653055 0.3075 0.8)
	arc 4366 2450 (0.42651751136383603 0.31375 0)
	arc 4367 2451 (0.42651751136383603 0.31375 0.8)
	arc 1370 1286 (0.39569219381653054 0.3084529946162075 0)
	arc 1371 1287 (0.39569219381653054 0.3084529946162075 0.8)
	arc 1286 1288 (0.41569219381653055 0.29690598923241496 0)
	arc 1287 1289 (0.41569219381653055 0.29690598923241496 0.8)
	arc 1288 1372 (0.43569219381653057 0.30845299461620745 0)
	arc 1289 1373 (0.43569219381653057 0.30845299461620745 0.8)
	arc 2548 4372 (0.5434309408747352 0.31375000000000003 0)
	arc 2549 4373 (0.5434309408747352 0.31375000000000003 0.8)
	arc 4372 4374 (0.5542562584220407 0.3075 0)
	arc 4373 4375 (0.5542562584220407 0.3075 0.8)
	arc 4374 2554 (0.5650815759693462 0.31375 0)
	arc 4375 2555 (0.5650815759693462 0.31375 0.8)
	arc 1378 1294 (0.5342562584220407 0.3084529946162075 0)
	arc 1379 1295 (0.5342562584220407 0.3084529946162075 0.8)
	arc 1294 1296 (0.5542562584220407 0.29690598923241496 0)
	arc 1295 1297 (0.5542562584220407 0.29690598923241496 0.8)
	arc 1296 1380 (0.5742562584220408 0.30845299461620745 0)
	arc 1297 1381 (0.5742562584220408 0.30845299461620745 0.8)
	arc 2652 4380 (0.6819950054802454 0.31375000000000003 0)
	arc 2653 4381 (0.6819950054802454 0.31375000000000003 0.8)
	arc 4380 4382 (0.6928203230275509 0.3075 0)
	arc 4381 4383 (0.6928203230275509 0.3075 0.8)
	arc 4382 2658 (0.7036456405748563 0.31375 0)
	arc 4383 2659 (0.7036456405748563 0.31375 0.8)
	arc 1386 1302 (0.6728203230275509 0.3084529946162075 0)
	arc 1387 1303 (0.6728203230275509 0.3084529946162075 0.8)
	arc 1302 1304 (0.6928203230275509 0.29690598923241496 0)
	arc 1303 1305 (0.6928203230275509 0.29690598923241496 0.8)
	arc 1304 1388 (0.7128203230275509 0.30845299461620745 0)
	arc 1305 1389 (0.7128203230275509 0.30845299461620745 0.8)
	arc 2756 4388 (0.8205590700857556 0.31375000000000003 0)
	arc 2757 4389 (0.8205590700857556 0.31375000000000003 0.8)
	arc 4388 4390 (0.8313843876330611 0.3075 0)
	arc 4389 4391 (0.8313843876330611 0.3075 0.8)
	arc 4390 2762 (0.8422097051803665 0.31375 0)
	arc 4391 2763 (0.8422097051803665 0.31375 0.8)
	arc 1394 1310 (0.8113843876330611 0.3084529946162075 0)
	arc 1395 1311 (0.8113843876330611 0.3084529946162075 0.8)
	arc 1310 1312 (0.8313843876330611 0.29690598923241496 0)
	arc 1311 1313 (0.8313843876330611 0.29690598923241496 0.8)
	arc 1312 1396 (0.8513843876330611 0.30845299461620745 0)
	arc 1313 1397 (0.8513843876330611 0.30845299461620745 0.8)
	arc 2860 4396 (0.9591231346912658 0.31375000000000003 0)
	arc 2861 4397 (0.9591231346912658 0.31375000000000003 0.8)
	arc 4396 4398 (0.9699484522385713 0.3075 0)
	arc 4397 4399 (0.9699484522385713 0.3075 0.8)
	arc 4398 2866 (0.9807737697858767 0.31375 0)
	arc 4399 2867 (0.9807737697858767 0.31375 0.8)
	arc 1402 1318 (0.9499484522385713 0.3084529946162075 0)
	arc 1403 1319 (0.9499484522385713 0.3084529946162075 0.8)
	arc 1318 1320 (0.9699484522385713 0.29690598923241496 0)
	arc 1319 1321 (0.9699484522385713 0.29690598923241496 0.8)
	arc 1320 1404 (0.9899484522385713 0.30845299461620745 0)
	arc 1321 1405 (0.9899484522385713 0.30845299461620745 0.8)
	arc 2964 4404 (1.097687199296776 0.31375000000000003 0)
	arc 2965 4405 (1.097687199296776 0.31375000000000003 0.8)
	arc 4404 4406 (1.1085125168440815 0.3075 0)
	arc 4405 4407 (1.1085125168440815 0.3075 0.8)
	arc 4406 2970 (1.119337834391387 0.31375 0)
	arc 4407 2971 (1.119337834391387 0.31375 0.8)
	arc 1410 1326 (1.0885125168440815 0.3084529946162075 0)
	arc 1411 1327 (1.0885125168440815 0.3084529946162075 0.8)
	arc 1326 1328 (1.1085125168440815 0.29690598923241496 0)
	arc 1327 1329 (1.1085125168440815 0.29690598923241496 0.8)
	arc 1328 1412 (1.1285125168440815 0.30845299461620745 0)
	arc 1329 1413 (1.1285125168440815 0.30845299461620745 0.8)
	arc 3068 4412 (1.2362512639022862 0.31375000000000003 0)
	arc 3069 4413 (1.2362512639022862 0.31375000000000003 0.8)
	arc 4412 4414 (1.2470765814495917 0.3075 0)
	arc 4413 4415 (1.2470765814495917 0.3075 0.8)
	arc 4414 3074 (1.257901898996897 0.31375 0)
	arc 4415 3075 (1.257901898996897 0.31375 0.8)
	arc 1418 1334 (1.2270765814495916 0.3084529946162075 0)
	arc 1419 1335 (1.2270765814495916 0.3084529946162075 0.8)
	arc 1334 1336 (1.2470765814495917 0.29690598923241496 0)
	arc 1335 1337 (1.2470765814495917 0.29690598923241496 0.8)
	arc 1336 1420 (1.2670765814495917 0.30845299461620745 0)
	arc 1337 1421 (1.2670765814495917 0.30845299461620745 0.8)
	arc 2138 4424 (0.010825317547305483 0.32625 0)
	arc 2139 4425 (0.010825317547305483 0.32625 0.8)
	arc 4424 4426 (-9.693192265097113e-19 0.3325 0)
	arc 4425 4427 (-9.693192265097113e-19 0.3325 0.8)
	arc 4426 2132 (-0.010825317547305487 0.32625 0)
	arc 4427 2133 (-0.010825317547305487 0.32625 0.8)
	arc 1348 1432 (0.020000000000000004 0.3315470053837925 0)
	arc 1349 1433 (0.020000000000000004 0.3315470053837925 0.8)
	arc 1432 1430 (-3.206231576769311e-19 0.34309401076758506 0)
	arc 1433 1431 (-3.206231576769311e-19 0.34309401076758506 0.8)
	arc 1430 1346 (-0.020000000000000004 0.3315470053837925 0)
	arc 1431 1347 (-0.020000000000000004 0.3315470053837925 0.8)
	arc 2242 4432 (0.14938938215281566 0.32625 0)
	arc 2243 4433 (0.14938938215281566 0.32625 0.8)
	arc 4432 4434 (0.13856406460551018 0.3325 0)
	arc 4433 4435 (0.13856406460551018 0.3325 0.8)
	arc 4434 2236 (0.1277387470582047 0.32625 0)
	arc 4435 2237 (0.1277387470582047 0.32625 0.8)
	arc 1356 1440 (0.1585640646055102 0.3315470053837925 0)
	arc 1357 1441 (0.1585640646055102 0.3315470053837925 0.8)
	arc 1440 1438 (0.13856406460551018 0.34309401076758506 0)
	arc 1441 1439 (0.13856406460551018 0.34309401076758506 0.8)
	arc 1438 1354 (0.11856406460551018 0.3315470053837925 0)
	arc 1439 1355 (0.11856406460551018 0.3315470053837925 0.8)
	arc 2346 4440 (0.28795344675832585 0.32625 0)
	arc 2347 4441 (0.28795344675832585 0.32625 0.8)
	arc 4440 4442 (0.27712812921102037 0.3325 0)
	arc 4441 4443 (0.27712812921102037 0.3325 0.8)
	arc 4442 2340 (0.2663028116637149 0.32625 0)
	arc 4443 2341 (0.2663028116637149 0.32625 0.8)
	arc 1364 1448 (0.2971281292110204 0.3315470053837925 0)
	arc 1365 1449 (0.2971281292110204 0.3315470053837925 0.8)
	arc 1448 1446 (0.27712812921102037 0.34309401076758506 0)
	arc 1449 1447 (0.27712812921102037 0.34309401076758506 0.8)
	arc 1446 1362 (0.25712812921102035 0.3315470053837925 0)
	arc 1447 1363 (0.25712812921102035 0.3315470053837925 0.8)
	arc 2450 4448 (0.42651751136383603 0.32625 0)
	arc 2451 4449 (0.42651751136383603 0.32625 0.8)
	arc 4448 4450 (0.41569219381653055 0.3325 0)
	arc 4449 4451 (0.41569219381653055 0.3325 0.8)
	arc 4450 2444 (0.4048668762692251 0.32625 0)
	arc 4451 2445 (0.4048668762692251 0.32625 0.8)
	arc 1372 1456 (0.43569219381653057 0.3315470053837925 0)
	arc 1373 1457 (0.43569219381653057 0.3315470053837925 0.8)
	arc 1456 1454 (0.41569219381653055 0.34309401076758506 0)
	arc 1457 1455 (0.41569219381653055 0.34309401076758506 0.8)
	arc 1454 1370 (0.39569219381653054 0.3315470053837925 0)
	arc 1455 1371 (0.39569219381653054 0.3315470053837925 0.8)
	arc 2554 4456 (0.5650815759693463 0.32625 0)
	arc 2555 4457 (0.5650815759693463 0.32625 0.8)
	arc 4456 4458 (0.5542562584220407 0.3325 0)
	arc 4457 4459 (0.5542562584220407 0.3325 0.8)
	arc 4458 2548 (0.5434309408747352 0.32625 0)
	arc 4459 2549 (0.5434309408747352 0.32625 0.8)
	arc 1380 1464 (0.5742562584220408 0.3315470053837925 0)
	arc 1381 1465 (0.5742562584220408 0.3315470053837925 0.8)
	arc 1464 1462 (0.5542562584220407 0.34309401076758506 0)
	arc 1465 1463 (0.5542562584220407 0.34309401076758506 0.8)
	arc 1462 1378 (0.5342562584220407 0.3315470053837925 0)
	arc 1463 1379 (0.5342562584220407 0.3315470053837925 0.8)
	arc 2658 4464 (0.7036456405748565 0.32625 0)
	arc 2659 4465 (0.7036456405748565 0.32625 0.8)
	arc 4464 4466 (0.6928203230275509 0.3325 0)
	arc 4465 4467 (0.6928203230275509 0.3325 0.8)
	arc 4466 2652 (0.6819950054802454 0.32625 0)
	arc 4467 2653 (0.6819950054802454 0.32625 0.8)
	arc 1388 1472 (0.7128203230275509 0.3315470053837925 0)
	arc 1389 1473 (0.7128203230275509 0.3315470053837925 0.8)
	arc 1472 1470 (0.6928203230275509 0.34309401076758506 0)
	arc 1473 1471 (0.6928203230275509 0.34309401076758506 0.8)
	arc 1470 1386 (0.6728203230275509 0.3315470053837925 0)
	arc 1471 1387 (0.6728203230275509 0.3315470053837925 0.8)
	arc 2762 4472 (0.8422097051803666 0.32625 0)
	arc 2763 4473 (0.8422097051803666 0.32625 0.8)
	arc 4472 4474 (0.8313843876330611 0.3325 0)
	arc 4473 4475 (0.8313843876330611 0.3325 0.8)
	arc 4474 2756 (0.8205590700857556 0.32625 0)
	arc 4475 2757 (0.8205590700857556 0.32625 0.8)
	arc 1396 1480 (0.8513843876330611 0.3315470053837925 0)
	arc 1397 1481 (0.8513843876330611 0.3315470053837925 0.8)
	arc 1480 1478 (0.8313843876330611 0.34309401076758506 0)
	arc 1481 1479 (0.8313843876330611 0.34309401076758506 0.8)
	arc 1478 1394 (0.8113843876330611 0.3315470053837925 0)
	arc 1479 1395 (0.8113843876330611 0.3315470053837925 0.8)
	arc 2866 4480 (0.9807737697858768 0.32625 0)
	arc 2867 4481 (0.9807737697858768 0.32625 0.8)
	arc 4480 4482 (0.9699484522385713 0.3325 0)
	arc 4481 4483 (0.9699484522385713 0.3325 0.8)
	arc 4482 2860 (0.9591231346912658 0.32625 0)
	arc 4483 2861 (0.9591231346912658 0.32625 0.8)
	arc 1404 1488 (0.9899484522385713 0.3315470053837925 0)
	arc 1405 1489 (0.9899484522385713 0.3315470053837925 0.8)
	arc 1488 1486 (0.9699484522385713 0.34309401076758506 0)
	arc 1489 1487 (0.9699484522385713 0.34309401076758506 0.8)
	arc 1486 1402 (0.9499484522385713 0.3315470053837925 0)
	arc 1487 1403 (0.9499484522385713 0.3315470053837925 0.8)
	arc 2970 4488 (1.119337834391387 0.32625 0)
	arc 2971 4489 (1.119337834391387 0.32625 0.8)
	arc 4488 4490 (1.1085125168440815 0.3325 0)
	arc 4489 4491 (1.1085125168440815 0.3325 0.8)
	arc 4490 2964 (1.097687199296776 0.32625 0)
	arc 4491 2965 (1.097687199296776 0.32625 0.8)
	arc 1412 1496 (1.1285125168440815 0.3315470053837925 0)
	arc 1413 1497 (1.1285125168440815 0.3315470053837925 0.8)
	arc 1496 1494 (1.1085125168440815 0.34309401076758506 0)
	arc 1497 1495 (1.1085125168440815 0.34309401076758506 0.8)
	arc 1494 1410 (1.0885125168440815 0.3315470053837925 0)
	arc 1495 1411 (1.0885125168440815 0.3315470053837925 0.8)
	arc 3074 4496 (1.257901898996897 0.32625 0)
	arc 3075 4497 (1.257901898996897 0.32625 0.8)
	arc 4496 4498 (1.2470765814495917 0.3325 0)
	arc 4497 4499 (1.2470765814495917 0.3325 0.8)
	arc 4498 3068 (1.2362512639022862 0.32625 0)
	arc 4499 3069 (1.2362512639022862 0.32625 0.8)
	arc 1420 1504 (1.2670765814495917 0.3315470053837925 0)
	arc 1421 1505 (1.2670765814495917 0.3315470053837925 0.8)
	arc 1504 1502 (1.2470765814495917 0.34309401076758506 0)
	arc 1505 1503 (1.2470765814495917 0.34309401076758506 0.8)
	arc 1502 1418 (1.2270765814495916 0.3315470053837925 0)
	arc 1503 1419 (1.2270765814495916 0.3315470053837925 0.8)
	arc 2188 4500 (0.05845671475544961 0.35375 0)
	arc 2189 4501 (0.05845671475544961 0.35375 0.8)
	arc 4500 4502 (0.06928203230275509 0.3475 0)
	arc 4501 4503 (0.06928203230275509 0.3475 0.8)
	arc 4502 2194 (0.08010734985006057 0.35375 0)
	arc 4503 2195 (0.08010734985006057 0.35375 0.8)
	arc 1518 1434 (0.04928203230275509 0.3484529946162075 0)
	arc 1519 1435 (0.04928203230275509 0.3484529946162075 0.8)
	arc 1434 1436 (0.06928203230275509 0.33690598923241494 0)
	arc 1435 1437 (0.06928203230275509 0.33690598923241494 0.8)
	arc 1436 1520 (0.08928203230275508 0.34845299461620743 0)
	arc 1437 1521 (0.08928203230275508 0.34845299461620743 0.8)
	arc 2292 4508 (0.1970207793609598 0.35375 0)
	arc 2293 4509 (0.1970207793609598 0.35375 0.8)
	arc 4508 4510 (0.20784609690826528 0.3475 0)
	arc 4509 4511 (0.20784609690826528 0.3475 0.8)
	arc 4510 2298 (0.21867141445557076 0.35375 0)
	arc 4511 2299 (0.21867141445557076 0.35375 0.8)
	arc 1526 1442 (0.1878460969082653 0.3484529946162075 0)
	arc 1527 1443 (0.1878460969082653 0.3484529946162075 0.8)
	arc 1442 1444 (0.20784609690826528 0.33690598923241494 0)
	arc 1443 1445 (0.20784609690826528 0.33690598923241494 0.8)
	arc 1444 1528 (0.22784609690826527 0.34845299461620743 0)
	arc 1445 1529 (0.22784609690826527 0.34845299461620743 0.8)
	arc 2396 4516 (0.33558484396647 0.35375 0)
	arc 2397 4517 (0.33558484396647 0.35375 0.8)
	arc 4516 4518 (0.34641016151377546 0.3475 0)
	arc 4517 4519 (0.34641016151377546 0.3475 0.8)
	arc 4518 2402 (0.35723547906108094 0.35375 0)
	arc 4519 2403 (0.35723547906108094 0.35375 0.8)
	arc 1534 1450 (0.32641016151377544 0.3484529946162075 0)
	arc 1535 1451 (0.32641016151377544 0.3484529946162075 0.8)
	arc 1450 1452 (0.34641016151377546 0.33690598923241494 0)
	arc 1451 1453 (0.34641016151377546 0.33690598923241494 0.8)
	arc 1452 1536 (0.3664101615137755 0.34845299461620743 0)
	arc 1453 1537 (0.3664101615137755 0.34845299461620743 0.8)
	arc 2500 4524 (0.47414890857198017 0.35375 0)
	arc 2501 4525 (0.47414890857198017 0.35375 0.8)
	arc 4524 4526 (0.48497422611928565 0.3475 0)
	arc 4525 4527 (0.48497422611928565 0.3475 0.8)
	arc 4526 2506 (0.4957995436665911 0.35375 0)
	arc 4527 2507 (0.4957995436665911 0.35375 0.8)
	arc 1542 1458 (0.4649742261192856 0.3484529946162075 0)
	arc 1543 1459 (0.4649742261192856 0.3484529946162075 0.8)
	arc 1458 1460 (0.48497422611928565 0.33690598923241494 0)
	arc 1459 1461 (0.48497422611928565 0.33690598923241494 0.8)
	arc 1460 1544 (0.5049742261192857 0.34845299461620743 0)
	arc 1461 1545 (0.5049742261192857 0.34845299461620743 0.8)
	arc 2604 4532 (0.6127129731774904 0.35375 0)
	arc 2605 4533 (0.6127129731774904 0.35375 0.8)
	arc 4532 4534 (0.6235382907247959 0.3475 0)
	arc 4533 4535 (0.6235382907247959 0.3475 0.8)
	arc 4534 2610 (0.6343636082721014 0.35375 0)
	arc 4535 2611 (0.6343636082721014 0.35375 0.8)
	arc 1550 1466 (0.6035382907247959 0.3484529946162075 0)
	arc 1551 1467 (0.6035382907247959 0.3484529946162075 0.8)
	arc 1466 1468 (0.6235382907247959 0.33690598923241494 0)
	arc 1467 1469 (0.6235382907247959 0.33690598923241494 0.8)
	arc 1468 1552 (0.643538290724796 0.34845299461620743 0)
	arc 1469 1553 (0.643538290724796 0.34845299461620743 0.8)
	arc 2708 4540 (0.7512770377830006 0.35375 0)
	arc 2709 4541 (0.7512770377830006 0.35375 0.8)
	arc 4540 4542 (0.7621023553303061 0.3475 0)
	arc 4541 4543 (0.7621023553303061 0.3475 0.8)
	arc 4542 2714 (0.7729276728776115 0.35375 0)
	arc 4543 2715 (0.7729276728776115 0.35375 0.8)
	arc 1558 1474 (0.7421023553303061 0.3484529946162075 0)
	arc 1559 1475 (0.7421023553303061 0.3484529946162075 0.8)
	arc 1474 1476 (0.7621023553303061 0.33690598923241494 0)
	arc 1475 1477 (0.7621023553303061 0.33690598923241494 0.8)
	arc 1476 1560 (0.7821023553303061 0.34845299461620743 0)
	arc 1477 1561 (0.7821023553303061 0.34845299461620743 0.8)
	arc 2812 4548 (0.8898411023885108 0.35375 0)
	arc 2813 4549 (0.8898411023885108 0.35375 0.8)
	arc 4548 4550 (0.9006664199358163 0.3475 0)
	arc 4549 4551 (0.9006664199358163 0.3475 0.8)
	arc 4550 2818 (0.9114917374831217 0.35375 0)
	arc 4551 2819 (0.9114917374831217 0.35375 0.8)
	arc 1566 1482 (0.8806664199358163 0.3484529946162075 0)
	arc 1567 1483 (0.8806664199358163 0.3484529946162075 0.8)
	arc 1482 1484 (0.9006664199358163 0.33690598923241494 0)
	arc 1483 1485 (0.9006664199358163 0.33690598923241494 0.8)
	arc 1484 1568 (0.9206664199358163 0.34845299461620743 0)
	arc 1485 1569 (0.9206664199358163 0.34845299461620743 0.8)
	arc 2916 4556 (1.028405166994021 0.35375 0)
	arc 2917 4557 (1.028405166994021 0.35375 0.8)
	arc 4556 4558 (1.0392304845413265 0.3475 0)
	arc 4557 4559 (1.0392304845413265 0.3475 0.8)
	arc 4558 2922 (1.050055802088632 0.35375 0)
	arc 4559 2923 (1.050055802088632 0.35375 0.8)
	arc 1574 1490 (1.0192304845413265 0.3484529946162075 0)
	arc 1575 1491 (1.0192304845413265 0.3484529946162075 0.8)
	arc 1490 1492 (1.0392304845413265 0.33690598923241494 0)
	arc 1491 1493 (1.0392304845413265 0.33690598923241494 0.8)
	arc 1492 1576 (1.0592304845413265 0.34845299461620743 0)
	arc 1493 1577 (1.0592304845413265 0.34845299461620743 0.8)
	arc 3020 4564 (1.166969231599531 0.35375 0)
	arc 3021 4565 (1.166969231599531 0.35375 0.8)
	arc 4564 4566 (1.1777945491468365 0.3475 0)
	arc 4565 4567 (1.1777945491468365 0.3475 0.8)
	arc 4566 3026 (1.1886198666941419 0.35375 0)
	arc 4567 3027 (1.1886198666941419 0.35375 0.8)
	arc 1582 1498 (1.1577945491468364 0.3484529946162075 0)
	arc 1583 1499 (1.1577945491468364 0.3484529946162075 0.8)
	arc 1498 1500 (1.1777945491468365 0.33690598923241494 0)
	arc 1499 1501 (1.1777945491468365 0.33690598923241494 0.8)
	arc 1500 1584 (1.1977945491468365 0.34845299461620743 0)
	arc 1501 1585 (1.1977945491468365 0.34845299461620743 0.8)
	arc 3124 4572 (1.3055332962050414 0.35375 0)
	arc 3125 4573 (1.3055332962050414 0.35375 0.8)
	arc 4572 4574 (1.3163586137523469 0.3475 0)
	arc 4573 4575 (1.3163586137523469 0.3475 0.8)
	arc 4574 3130 (1.3271839312996523 0.35375 0)
	arc 4575 3131 (1.3271839312996523 0.35375 0.8)
	arc 1590 1506 (1.2963586137523468 0.3484529946162075 0)
	arc 1591 1507 (1.2963586137523468 0.3484529946162075 0.8)
	arc 1506 1508 (1.3163586137523469 0.33690598923241494 0)
	arc 1507 1509 (1.3163586137523469 0.33690598923241494 0.8)
	arc 1508 1592 (1.3363586137523469 0.34845299461620743 0)
	arc 1509 1593 (1.3363586137523469 0.34845299461620743 0.8)
	arc 2194 4584 (0.08010734985006057 0.36624999999999996 0)
	arc 2195 4585 (0.08010734985006057 0.36624999999999996 0.8)
	arc 4584 4586 (0.06928203230275509 0.3725 0)
	arc 4585 4587 (0.06928203230275509 0.3725 0.8)
	arc 4586 2188 (0.058456714755449606 0.36624999999999996 0)
	arc 4587 2189 (0.058456714755449606 0.36624999999999996 0.8)
	arc 1520 1604 (0.0892820323027551 0.3715470053837925 0)
	arc 1521 1605 (0.0892820323027551 0.3715470053837925 0.8)
	arc 1604 1602 (0.06928203230275509 0.38309401076758504 0)
	arc 1605 1603 (0.06928203230275509 0.38309401076758504 0.8)
	arc 1602 1518 (0.04928203230275509 0.3715470053837925 0)
	arc 1603 1519 (0.04928203230275509 0.3715470053837925 0.8)
	arc 2298 4592 (0.21867141445557076 0.36624999999999996 0)
	arc 2299 4593 (0.21867141445557076 0.36624999999999996 0.8)
	arc 4592 4594 (0.20784609690826528 0.3725 0)
	arc 4593 4595 (0.20784609690826528 0.3725 0.8)
	arc 4594 2292 (0.1970207793609598 0.36624999999999996 0)
	arc 4595 2293 (0.1970207793609598 0.36624999999999996 0.8)
	arc 1528 1612 (0.2278460969082653 0.3715470053837925 0)
	arc 1529 1613 (0.2278460969082653 0.3715470053837925 0.8)
	arc 1612 1610 (0.20784609690826528 0.38309401076758504 0)
	arc 1613 1611 (0.20784609690826528 0.38309401076758504 0.8)
	arc 1610 1526 (0.18784609690826526 0.3715470053837925 0)
	arc 1611 1527 (0.18784609690826526 0.3715470053837925 0.8)
	arc 2402 4600 (0.35723547906108094 0.36624999999999996 0)
	arc 2403 4601 (0.35723547906108094 0.36624999999999996 0.8)
	arc 4600 4602 (0.34641016151377546 0.3725 0)
	arc 4601 4603 (0.34641016151377546 0.3725 0.8)
	arc 4602 2396 (0.33558484396647 0.36624999999999996 0)
	arc 4603 2397 (0.33558484396647 0.36624999999999996 0.8)
	arc 1536 1620 (0.3664101615137755 0.3715470053837925 0)
	arc 1537 1621 (0.3664101615137755 0.3715470053837925 0.8)
	arc 1620 1618 (0.34641016151377546 0.38309401076758504 0)
	arc 1621 1619 (0.34641016151377546 0.38309401076758504 0.8)
	arc 1618 1534 (0.32641016151377544 0.3715470053837925 0)
	arc 1619 1535 (0.32641016151377544 0.3715470053837925 0.8)
	arc 2506 4608 (0.4957995436665911 0.36624999999999996 0)
	arc 2507 4609 (0.4957995436665911 0.36624999999999996 0.8)
	arc 4608 4610 (0.48497422611928565 0.3725 0)
	arc 4609 4611 (0.48497422611928565 0.3725 0.8)
	arc 4610 2500 (0.47414890857198017 0.36624999999999996 0)
	arc 4611 2501 (0.47414890857198017 0.36624999999999996 0.8)
	arc 1544 1628 (0.5049742261192857 0.3715470053837925 0)
	arc 1545 1629 (0.5049742261192857 0.3715470053837925 0.8)
	arc 1628 1626 (0.48497422611928565 0.38309401076758504 0)
	arc 1629 1627 (0.48497422611928565 0.38309401076758504 0.8)
	arc 1626 1542 (0.4649742261192856 0.3715470053837925 0)
	arc 1627 1543 (0.4649742261192856 0.3715470053837925 0.8)
	arc 2610 4616 (0.6343636082721015 0.36624999999999996 0)
	arc 2611 4617 (0.6343636082721015 0.36624999999999996 0.8)
	arc 4616 4618 (0.6235382907247959 0.3725 0)
	arc 4617 4619 (0.6235382907247959 0.3725 0.8)
	arc 4618 2604 (0.6127129731774904 0.36624999999999996 0)
	arc 4619 2605 (0.6127129731774904 0.36624999999999996 0.8)
	arc 1552 1636 (0.643538290724796 0.3715470053837925 0)
	arc 1553 1637 (0.643538290724796 0.3715470053837925 0.8)
	arc 1636 1634 (0.6235382907247959 0.38309401076758504 0)
	arc 1637 1635 (0.6235382907247959 0.38309401076758504 0.8)
	arc 1634 1550 (0.6035382907247959 0.3715470053837925 0)
	arc 1635 1551 (0.6035382907247959 0.3715470053837925 0.8)
	arc 2714 4624 (0.7729276728776117 0.36624999999999996 0)
	arc 2715 4625 (0.7729276728776117 0.36624999999999996 0.8)
	arc 4624 4626 (0.7621023553303061 0.3725 0)
	arc 4625 4627 (0.7621023553303061 0.3725 0.8)
	arc 4626 2708 (0.7512770377830006 0.36624999999999996 0)
	arc 4627 2709 (0.7512770377830006 0.36624999999999996 0.8)
	arc 1560 1644 (0.7821023553303061 0.3715470053837925 0)
	arc 1561 1645 (0.7821023553303061 0.3715470053837925 0.8)
	arc 1644 1642 (0.7621023553303061 0.38309401076758504 0)
	arc 1645 1643 (0.7621023553303061 0.38309401076758504 0.8)
	arc 1642 1558 (0.7421023553303061 0.3715470053837925 0)
	arc 1643 1559 (0.7421023553303061 0.3715470053837925 0.8)
	arc 2818 4632 (0.9114917374831218 0.36624999999999996 0)
	arc 2819 4633 (0.9114917374831218 0.36624999999999996 0.8)
	arc 4632 4634 (0.9006664199358163 0.3725 0)
	arc 4633 4635 (0.9006664199358163 0.3725 0.8)
	arc 4634 2812 (0.8898411023885108 0.36624999999999996 0)
	arc 4635 2813 (0.8898411023885108 0.36624999999999996 0.8)
	arc 1568 1652 (0.9206664199358163 0.3715470053837925 0)
	arc 1569 1653 (0.9206664199358163 0.3715470053837925 0.8)
	arc 1652 1650 (0.9006664199358163 0.38309401076758504 0)
	arc 1653 1651 (0.9006664199358163 0.38309401076758504 0.8)
	arc 1650 1566 (0.8806664199358163 0.3715470053837925 0)
	arc 1651 1567 (0.8806664199358163 0.3715470053837925 0.8)
	arc 2922 4640 (1.050055802088632 0.36624999999999996 0)
	arc 2923 4641 (1.050055802088632 0.36624999999999996 0.8)
	arc 4640 4642 (1.0392304845413265 0.3725 0)
	arc 4641 4643 (1.0392304845413265 0.3725 0.8)
	arc 4642 2916 (1.028405166994021 0.36624999999999996 0)
	arc 4643 2917 (1.028405166994021 0.36624999999999996 0.8)
	arc 1576 1660 (1.0592304845413265 0.3715470053837925 0)
	arc 1577 1661 (1.0592304845413265 0.3715470053837925 0.8)
	arc 1660 1658 (1.0392304845413265 0.38309401076758504 0)
	arc 1661 1659 (1.0392304845413265 0.38309401076758504 0.8)
	arc 1658 1574 (1.0192304845413265 0.3715470053837925 0)
	arc 1659 1575 (1.0192304845413265 0.3715470053837925 0.8)
	arc 3026 4648 (1.1886198666941419 0.36624999999999996 0)
	arc 3027 4649 (1.1886198666941419 0.36624999999999996 0.8)
	arc 4648 4650 (1.1777945491468365 0.3725 0)
	arc 4649 4651 (1.1777945491468365 0.3725 0.8)
	arc 4650 3020 (1.166969231599531 0.36624999999999996 0)
	arc 4651 3021 (1.166969231599531 0.36624999999999996 0.8)
	arc 1584 1668 (1.1977945491468365 0.3715470053837925 0)
	arc 1585 1669 (1.1977945491468365 0.3715470053837925 0.8)
	arc 1668 1666 (1.1777945491468365 0.38309401076758504 0)
	arc 1669 1667 (1.1777945491468365 0.38309401076758504 0.8)
	arc 1666 1582 (1.1577945491468364 0.3715470053837925 0)
	arc 1667 1583 (1.1577945491468364 0.3715470053837925 0.8)
	arc 3130 4656 (1.3271839312996523 0.36624999999999996 0)
	arc 3131 4657 (1.3271839312996523 0.36624999999999996 0.8)
	arc 4656 4658 (1.3163586137523469 0.3725 0)
	arc 4657 4659 (1.3163586137523469 0.3725 0.8)
	arc 4658 3124 (1.3055332962050414 0.36624999999999996 0)
	arc 4659 3125 (1.3055332962050414 0.36624999999999996 0.8)
	arc 1592 1676 (1.3363586137523469 0.3715470053837925 0)
	arc 1593 1677 (1.3363586137523469 0.3715470053837925 0.8)
	arc 1676 1674 (1.3163586137523469 0.38309401076758504 0)
	arc 1677 1675 (1.3163586137523469 0.38309401076758504 0.8)
	arc 1674 1590 (1.2963586137523468 0.3715470053837925 0)
	arc 1675 1591 (1.2963586137523468 0.3715470053837925 0.8)
	arc 2140 4660 (-0.010825317547305483 0.39375000000000004 0)
	arc 2141 4661 (-0.010825317547305483 0.39375000000000004 0.8)
	arc 4660 4662 (-3.1635744863896907e-18 0.3875 0)
	arc 4661 4663 (-3.1635744863896907e-18 0.3875 0.8)
	arc 4662 2146 (0.01082531754730548 0.39375000000000004 0)
	arc 4663 2147 (0.01082531754730548 0.39375000000000004 0.8)
	arc 1682 1598 (-0.02 0.3884529946162075 0)
	arc 1683 1599 (-0.02 0.3884529946162075 0.8)
	arc 1598 1600 (-5.109662692888031e-18 0.376905989232415 0)
	arc 1599 1601 (-5.109662692888031e-18 0.376905989232415 0.8)
	arc 1600 1684 (0.019999999999999993 0.38845299461620747 0)
	arc 1601 1685 (0.019999999999999993 0.38845299461620747 0.8)
	arc 2244 4668 (0.1277387470582047 0.39375000000000004 0)
	arc 2245 4669 (0.1277387470582047 0.39375000000000004 0.8)
	arc 4668 4670 (0.13856406460551018 0.3875 0)
	arc 4669 4671 (0.13856406460551018 0.3875 0.8)
	arc 4670 2250 (0.14938938215281566 0.39375000000000004 0)
	arc 4671 2251 (0.14938938215281566 0.39375000000000004 0.8)
	arc 1690 1606 (0.11856406460551018 0.3884529946162075 0)
	arc 1691 1607 (0.11856406460551018 0.3884529946162075 0.8)
	arc 1606 1608 (0.13856406460551018 0.376905989232415 0)
	arc 1607 1609 (0.13856406460551018 0.376905989232415 0.8)
	arc 1608 1692 (0.15856406460551017 0.38845299461620747 0)
	arc 1609 1693 (0.15856406460551017 0.38845299461620747 0.8)
	arc 2348 4676 (0.2663028116637149 0.39375000000000004 0)
	arc 2349 4677 (0.2663028116637149 0.39375000000000004 0.8)
	arc 4676 4678 (0.27712812921102037 0.3875 0)
	arc 4677 4679 (0.27712812921102037 0.3875 0.8)
	arc 4678 2354 (0.28795344675832585 0.39375000000000004 0)
	arc 4679 2355 (0.28795344675832585 0.39375000000000004 0.8)
	arc 1698 1614 (0.25712812921102035 0.3884529946162075 0)
	arc 1699 1615 (0.25712812921102035 0.3884529946162075 0.8)
	arc 1614 1616 (0.27712812921102037 0.376905989232415 0)
	arc 1615 1617 (0.27712812921102037 0.376905989232415 0.8)
	arc 1616 1700 (0.2971281292110204 0.38845299461620747 0)
	arc 1617 1701 (0.2971281292110204 0.38845299461620747 0.8)
	arc 2452 4684 (0.4048668762692251 0.39375000000000004 0)
	arc 2453 4685 (0.4048668762692251 0.39375000000000004 0.8)
	arc 4684 4686 (0.41569219381653055 0.3875 0)
	arc 4685 4687 (0.41569219381653055 0.3875 0.8)
	arc 4686 2458 (0.42651751136383603 0.39375000000000004 0)
	arc 4687 2459 (0.42651751136383603 0.39375000000000004 0.8)
	arc 1706 1622 (0.39569219381653054 0.3884529946162075 0)
	arc 1707 1623 (0.39569219381653054 0.3884529946162075 0.8)
	arc 1622 1624 (0.41569219381653055 0.376905989232415 0)
	arc 1623 1625 (0.41569219381653055 0.376905989232415 0.8)
	arc 1624 1708 (0.43569219381653057 0.38845299461620747 0)
	arc 1625 1709 (0.43569219381653057 0.38845299461620747 0.8)
	arc 2556 4692 (0.5434309408747352 0.39375000000000004 0)
	arc 2557 4693 (0.5434309408747352 0.39375000000000004 0.8)
	arc 4692 4694 (0.5542562584220407 0.3875 0)
	arc 4693 4695 (0.5542562584220407 0.3875 0.8)
	arc 4694 2562 (0.5650815759693462 0.39375000000000004 0)
	arc 4695 2563 (0.5650815759693462 0.39375000000000004 0.8)
	arc 1714 1630 (0.5342562584220407 0.3884529946162075 0)
	arc 1715 1631 (0.5342562584220407 0.3884529946162075 0.8)
	arc 1630 1632 (0.5542562584220407 0.376905989232415 0)
	arc 1631 1633 (0.5542562584220407 0.376905989232415 0.8)
	arc 1632 1716 (0.5742562584220408 0.38845299461620747 0)
	arc 1633 1717 (0.5742562584220408 0.38845299461620747 0.8)
	arc 2660 4700 (0.6819950054802454 0.39375000000000004 0)
	arc 2661 4701 (0.6819950054802454 0.39375000000000004 0.8)
	arc 4700 4702 (0.6928203230275509 0.3875 0)
	arc 4701 4703 (0.6928203230275509 0.3875 0.8)
	arc 4702 2666 (0.7036456405748563 0.39375000000000004 0)
	arc 4703 2667 (0.7036456405748563 0.39375000000000004 0.8)
	arc 1722 1638 (0.6728203230275509 0.3884529946162075 0)
	arc 1723 1639 (0.6728203230275509 0.3884529946162075 0.8)
	arc 1638 1640 (0.6928203230275509 0.376905989232415 0)
	arc 1639 1641 (0.6928203230275509 0.376905989232415 0.8)
	arc 1640 1724 (0.7128203230275509 0.38845299461620747 0)
	arc 1641 1725 (0.7128203230275509 0.38845299461620747 0.8)
	arc 2764 4708 (0.8205590700857556 0.39375000000000004 0)
	arc 2765 4709 (0.8205590700857556 0.39375000000000004 0.8)
	arc 4708 4710 (0.8313843876330611 0.3875 0)
	arc 4709 4711 (0.8313843876330611 0.3875 0.8)
	arc 4710 2770 (0.8422097051803665 0.39375000000000004 0)
	arc 4711 2771 (0.8422097051803665 0.39375000000000004 0.8)
	arc 1730 1646 (0.8113843876330611 0.3884529946162075 0)
	arc 1731 1647 (0.8113843876330611 0.3884529946162075 0.8)
	arc 1646 1648 (0.8313843876330611 0.376905989232415 0)
	arc 1647 1649 (0.8313843876330611 0.376905989232415 0.8)
	arc 1648 1732 (0.8513843876330611 0.38845299461620747 0)
	arc 1649 1733 (0.8513843876330611 0.38845299461620747 0.8)
	arc 2868 4716 (0.9591231346912658 0.39375000000000004 0)
	arc 2869 4717 (0.9591231346912658 0.39375000000000004 0.8)
	arc 4716 4718 (0.9699484522385713 0.3875 0)
	arc 4717 4719 (0.9699484522385713 0.3875 0.8)
	arc 4718 2874 (0.9807737697858767 0.39375000000000004 0)
	arc 4719 2875 (0.9807737697858767 0.39375000000000004 0.8)
	arc 1738 1654 (0.9499484522385713 0.3884529946162075 0)
	arc 1739 1655 (0.9499484522385713 0.3884529946162075 0.8)
	arc 1654 1656 (0.9699484522385713 0.376905989232415 0)
	arc 1655 1657 (0.9699484522385713 0.376905989232415 0.8)
	arc 1656 1740 (0.9899484522385713 0.38845299461620747 0)
	arc 1657 1741 (0.9899484522385713 0.38845299461620747 0.8)
	arc 2972 4724 (1.097687199296776 0.39375000000000004 0)
	arc 2973 4725 (1.097687199296776 0.39375000000000004 0.8)
	arc 4724 4726 (1.1085125168440815 0.3875 0)
	arc 4725 4727 (1.1085125168440815 0.3875 0.8)
	arc 4726 2978 (1.119337834391387 0.39375000000000004 0)
	arc 4727 2979 (1.119337834391387 0.39375000000000004 0.8)
	arc 1746 1662 (1.0885125168440815 0.3884529946162075 0)
	arc 1747 1663 (1.0885125168440815 0.3884529946162075 0.8)
	arc 1662 1664 (1.1085125168440815 0.376905989232415 0)
	arc 1663 1665 (1.1085125168440815 0.376905989232415 0.8)
	arc 1664 1748 (1.1285125168440815 0.38845299461620747 0)
	arc 1665 1749 (1.1285125168440815 0.38845299461620747 0.8)
	arc 3076 4732 (1.2362512639022862 0.39375000000000004 0)
	arc 3077 4733 (1.2362512639022862 0.39375000000000004 0.8)
	arc 4732 4734 (1.2470765814495917 0.3875 0)
	arc 4733 4735 (1.2470765814495917 0.3875 0.8)
	arc 4734 3082 (1.257901898996897 0.39375000000000004 0)
	arc 4735 3083 (1.257901898996897 0.39375000000000004 0.8)
	arc 1754 1670 (1.2270765814495916 0.3884529946162075 0)
	arc 1755 1671 (1.2270765814495916 0.3884529946162075 0.8)
	arc 1670 1672 (1.2470765814495917 0.376905989232415 0)
	arc 1671 1673 (1.2470765814495917 0.376905989232415 0.8)
	arc 1672 1756 (1.2670765814495917 0.38845299461620747 0)
	arc 1673 1757 (1.2670765814495917 0.38845299461620747 0.8)
	arc 2146 4744 (0.010825317547305483 0.40625 0)
	arc 2147 4745 (0.010825317547305483 0.40625 0.8)
	arc 4744 4746 (-9.693192265097113e-19 0.41250000000000003 0)
	arc 4745 4747 (-9.693192265097113e-19 0.41250000000000003 0.8)
	arc 4746 2140 (-0.010825317547305487 0.40625 0)
	arc 4747 2141 (-0.010825317547305487 0.40625 0.8)
	arc 1684 1768 (0.020000000000000004 0.4115470053837925 0)
	arc 1685 1769 (0.020000000000000004 0.4115470053837925 0.8)
	arc 1768 1766 (-3.206231576769311e-19 0.42309401076758507 0)
	arc 1769 1767 (-3.206231576769311e-19 0.42309401076758507 0.8)
	arc 1766 1682 (-0.020000000000000004 0.4115470053837925 0)
	arc 1767 1683 (-0.020000000000000004 0.4115470053837925 0.8)
	arc 2250 4752 (0.14938938215281566 0.40625 0)
	arc 2251 4753 (0.14938938215281566 0.40625 0.8)
	arc 4752 4754 (0.13856406460551018 0.41250000000000003 0)
	arc 4753 4755 (0.13856406460551018 0.41250000000000003 0.8)
	arc 4754 2244 (0.1277387470582047 0.40625 0)
	arc 4755 2245 (0.1277387470582047 0.40625 0.8)
	arc 1692 1776 (0.1585640646055102 0.4115470053837925 0)
	arc 1693 1777 (0.1585640646055102 0.4115470053837925 0.8)
	arc 1776 1774 (0.13856406460551018 0.42309401076758507 0)
	arc 1777 1775 (0.13856406460551018 0.42309401076758507 0.8)
	arc 1774 1690 (0.11856406460551018 0.4115470053837925 0)
	arc 1775 1691 (0.11856406460551018 0.4115470053837925 0.8)
	arc 2354 4760 (0.28795344675832585 0.40625 0)
	arc 2355 4761 (0.28795344675832585 0.40625 0.8)
	arc 4760 4762 (0.27712812921102037 0.41250000000000003 0)
	arc 4761 4763 (0.27712812921102037 0.41250000000000003 0.8)
	arc 4762 2348 (0.2663028116637149 0.40625 0)
	arc 4763 2349 (0.2663028116637149 0.40625 0.8)
	arc 1700 1784 (0.2971281292110204 0.4115470053837925 0)
	arc 1701 1785 (0.2971281292110204 0.4115470053837925 0.8)
	arc 1784 1782 (0.27712812921102037 0.42309401076758507 0)
	arc 1785 1783 (0.27712812921102037 0.42309401076758507 0.8)
	arc 1782 1698 (0.25712812921102035 0.4115470053837925 0)
	arc 1783 1699 (0.25712812921102035 0.4115470053837925 0.8)
	arc 2458 4768 (0.42651751136383603 0.40625 0)
	arc 2459 4769 (0.42651751136383603 0.40625 0.8)
	arc 4768 4770 (0.41569219381653055 0.41250000000000003 0)
	arc 4769 4771 (0.41569219381653055 0.41250000000000003 0.8)
	arc 4770 2452 (0.4048668762692251 0.40625 0)
	arc 4771 2453 (0.4048668762692251 0.40625 0.8)
	arc 1708 1792 (0.43569219381653057 0.4115470053837925 0)
	arc 1709 1793 (0.43569219381653057 0.4115470053837925 0.8)
	arc 1792 1790 (0.41569219381653055 0.42309401076758507 0)
	arc 1793 1791 (0.41569219381653055 0.42309401076758507 0.8)
	arc 1790 1706 (0.39569219381653054 0.4115470053837925 0)
	arc 1791 1707 (0.39569219381653054 0.4115470053837925 0.8)
	arc 2562 4776 (0.5650815759693463 0.40625 0)
	arc 2563 4777 (0.5650815759693463 0.40625 0.8)
	arc 4776 4778 (0.5542562584220407 0.41250000000000003 0)
	arc 4777 4779 (0.5542562584220407 0.41250000000000003 0.8)
	arc 4778 2556 (0.5434309408747352 0.40625 0)
	arc 4779 2557 (0.5434309408747352 0.40625 0.8)
	arc 1716 1800 (0.5742562584220408 0.4115470053837925 0)
	arc 1717 1801 (0.5742562584220408 0.4115470053837925 0.8)
	arc 1800 1798 (0.5542562584220407 0.42309401076758507 0)
	arc 1801 1799 (0.5542562584220407 0.42309401076758507 0.8)
	arc 1798 1714 (0.5342562584220407 0.4115470053837925 0)
	arc 1799 1715 (0.5342562584220407 0.4115470053837925 0.8)
	arc 2666 4784 (0.7036456405748565 0.40625 0)
	arc 2667 4785 (0.7036456405748565 0.40625 0.8)
	arc 4784 4786 (0.6928203230275509 0.41250000000000003 0)
	arc 4785 4787 (0.6928203230275509 0.41250000000000003 0.8)
	arc 4786 2660 (0.6819950054802454 0.40625 0)
	arc 4787 2661 (0.6819950054802454 0.40625 0.8)
	arc 1724 1808 (0.7128203230275509 0.4115470053837925 0)
	arc 1725 1809 (0.7128203230275509 0.4115470053837925 0.8)
	arc 1808 1806 (0.6928203230275509 0.42309401076758507 0)
	arc 1809 1807 (0.6928203230275509 0.42309401076758507 0.8)
	arc 1806 1722 (0.6728203230275509 0.4115470053837925 0)
	arc 1807 1723 (0.6728203230275509 0.4115470053837925 0.8)
	arc 2770 4792 (0.8422097051803666 0.40625 0)
	arc 2771 4793 (0.8422097051803666 0.40625 0.8)
	arc 4792 4794 (0.8313843876330611 0.41250000000000003 0)
	arc 4793 4795 (0.8313843876330611 0.41250000000000003 0.8)
	arc 4794 2764 (0.8205590700857556 0.40625 0)
	arc 4795 2765 (0.8205590700857556 0.40625 0.8)
	arc 1732 1816 (0.8513843876330611 0.4115470053837925 0)
	arc 1733 1817 (0.8513843876330611 0.4115470053837925 0.8)
	arc 1816 1814 (0.8313843876330611 0.42309401076758507 0)
	arc 1817 1815 (0.8313843876330611 0.42309401076758507 0.8)
	arc 1814 1730 (0.8113843876330611 0.4115470053837925 0)
	arc 1815 1731 (0.8113843876330611 0.4115470053837925 0.8)
	arc 2874 4800 (0.9807737697858768 0.40625 0)
	arc 2875 4801 (0.9807737697858768 0.40625 0.8)
	arc 4800 4802 (0.9699484522385713 0.41250000000000003 0)
	arc 4801 4803 (0.9699484522385713 0.41250000000000003 0.8)
	arc 4802 2868 (0.9591231346912658 0.40625 0)
	arc 4803 2869 (0.9591231346912658 0.40625 0.8)
	arc 1740 1824 (0.9899484522385713 0.4115470053837925 0)
	arc 1741 1825 (0.9899484522385713 0.4115470053837925 0.8)
	arc 1824 1822 (0.9699484522385713 0.42309401076758507 0)
	arc 1825 1823 (0.9699484522385713 0.42309401076758507 0.8)
	arc 1822 1738 (0.9499484522385713 0.4115470053837925 0)
	arc 1823 1739 (0.9499484522385713 0.4115470053837925 0.8)
	arc 2978 4808 (1.119337834391387 0.40625 0)
	arc 2979 4809 (1.119337834391387 0.40625 0.8)
	arc 4808 4810 (1.1085125168440815 0.41250000000000003 0)
	arc 4809 4811 (1.1085125168440815 0.41250000000000003 0.8)
	arc 4810 2972 (1.097687199296776 0.40625 0)
	arc 4811 2973 (1.097687199296776 0.40625 0.8)
	arc 1748 1832 (1.1285125168440815 0.4115470053837925 0)
	arc 1749 1833 (1.1285125168440815 0.4115470053837925 0.8)
	arc 1832 1830 (1.1085125168440815 0.42309401076758507 0)
	arc 1833 1831 (1.1085125168440815 0.42309401076758507 0.8)
	arc 1830 1746 (1.0885125168440815 0.4115470053837925 0)
	arc 1831 1747 (1.0885125168440815 0.4115470053837925 0.8)
	arc 3082 4816 (1.257901898996897 0.40625 0)
	arc 3083 4817 (1.257901898996897 0.40625 0.8)
	arc 4816 4818 (1.2470765814495917 0.41250000000000003 0)
	arc 4817 4819 (1.2470765814495917 0.41250000000000003 0.8)
	arc 4818 3076 (1.2362512639022862 0.40625 0)
	arc 4819 3077 (1.2362512639022862 0.40625 0.8)
	arc 1756 1840 (1.2670765814495917 0.4115470053837925 0)
	arc 1757 1841 (1.2670765814495917 0.4115470053837925 0.8)
	arc 1840 1838 (1.2470765814495917 0.42309401076758507 0)
	arc 1841 1839 (1.2470765814495917 0.42309401076758507 0.8)
	arc 1838 1754 (1.2270765814495916 0.4115470053837925 0)
	arc 1839 1755 (1.2270765814495916 0.4115470053837925 0.8)
	arc 2196 4820 (0.05845671475544961 0.43375 0)
	arc 2197 4821 (0.05845671475544961 0.43375 0.8)
	arc 4820 4822 (0.06928203230275509 0.4275 0)
	arc 4821 4823 (0.06928203230275509 0.4275 0.8)
	arc 4822 2202 (0.08010734985006057 0.43374999999999997 0)
	arc 4823 2203 (0.08010734985006057 0.43374999999999997 0.8)
	arc 1854 1770 (0.04928203230275509 0.4284529946162075 0)
	arc 1855 1771 (0.04928203230275509 0.4284529946162075 0.8)
	arc 1770 1772 (0.06928203230275509 0.41690598923241495 0)
	arc 1771 1773 (0.06928203230275509 0.41690598923241495 0.8)
	arc 1772 1856 (0.08928203230275508 0.42845299461620745 0)
	arc 1773 1857 (0.08928203230275508 0.42845299461620745 0.8)
	arc 2300 4828 (0.1970207793609598 0.43375 0)
	arc 2301 4829 (0.1970207793609598 0.43375 0.8)
	arc 4828 4830 (0.20784609690826528 0.4275 0)
	arc 4829 4831 (0.20784609690826528 0.4275 0.8)
	arc 4830 2306 (0.21867141445557076 0.43374999999999997 0)
	arc 4831 2307 (0.21867141445557076 0.43374999999999997 0.8)
	arc 1862 1778 (0.1878460969082653 0.4284529946162075 0)
	arc 1863 1779 (0.1878460969082653 0.4284529946162075 0.8)
	arc 1778 1780 (0.20784609690826528 0.41690598923241495 0)
	arc 1779 1781 (0.20784609690826528 0.41690598923241495 0.8)
	arc 1780 1864 (0.22784609690826527 0.42845299461620745 0)
	arc 1781 1865 (0.22784609690826527 0.42845299461620745 0.8)
	arc 2404 4836 (0.33558484396647 0.43375 0)
	arc 2405 4837 (0.33558484396647 0.43375 0.8)
	arc 4836 4838 (0.34641016151377546 0.4275 0)
	arc 4837 4839 (0.34641016151377546 0.4275 0.8)
	arc 4838 2410 (0.35723547906108094 0.43374999999999997 0)
	arc 4839 2411 (0.35723547906108094 0.43374999999999997 0.8)
	arc 1870 1786 (0.32641016151377544 0.4284529946162075 0)
	arc 1871 1787 (0.32641016151377544 0.4284529946162075 0.8)
	arc 1786 1788 (0.34641016151377546 0.41690598923241495 0)
	arc 1787 1789 (0.34641016151377546 0.41690598923241495 0.8)
	arc 1788 1872 (0.3664101615137755 0.42845299461620745 0)
	arc 1789 1873 (0.3664101615137755 0.42845299461620745 0.8)
	arc 2508 4844 (0.47414890857198017 0.43375 0)
	arc 2509 4845 (0.47414890857198017 0.43375 0.8)
	arc 4844 4846 (0.48497422611928565 0.4275 0)
	arc 4845 4847 (0.48497422611928565 0.4275 0.8)
	arc 4846 2514 (0.4957995436665911 0.43374999999999997 0)
	arc 4847 2515 (0.4957995436665911 0.43374999999999997 0.8)
	arc 1878 1794 (0.4649742261192856 0.4284529946162075 0)
	arc 1879 1795 (0.4649742261192856 0.4284529946162075 0.8)
	arc 1794 1796 (0.48497422611928565 0.41690598923241495 0)
	arc 1795 1797 (0.48497422611928565 0.41690598923241495 0.8)
	arc 1796 1880 (0.5049742261192857 0.42845299461620745 0)
	arc 1797 1881 (0.5049742261192857 0.42845299461620745 0.8)
	arc 2612 4852 (0.6127129731774904 0.43375 0)
	arc 2613 4853 (0.6127129731774904 0.43375 0.8)
	arc 4852 4854 (0.6235382907247959 0.4275 0)
	arc 4853 4855 (0.6235382907247959 0.4275 0.8)
	arc 4854 2618 (0.6343636082721014 0.43374999999999997 0)
	arc 4855 2619 (0.6343636082721014 0.43374999999999997 0.8)
	arc 1886 1802 (0.6035382907247959 0.4284529946162075 0)
	arc 1887 1803 (0.6035382907247959 0.4284529946162075 0.8)
	arc 1802 1804 (0.6235382907247959 0.41690598923241495 0)
	arc 1803 1805 (0.6235382907247959 0.41690598923241495 0.8)
	arc 1804 1888 (0.643538290724796 0.42845299461620745 0)
	arc 1805 1889 (0.643538290724796 0.42845299461620745 0.8)
	arc 2716 4860 (0.7512770377830006 0.43375 0)
	arc 2717 4861 (0.7512770377830006 0.43375 0.8)
	arc 4860 4862 (0.7621023553303061 0.4275 0)
	arc 4861 4863 (0.7621023553303061 0.4275 0.8)
	arc 4862 2722 (0.7729276728776115 0.43374999999999997 0)
	arc 4863 2723 (0.7729276728776115 0.43374999999999997 0.8)
	arc 1894 1810 (0.7421023553303061 0.4284529946162075 0)
	arc 1895 1811 (0.7421023553303061 0.4284529946162075 0.8)
	arc 1810 1812 (0.7621023553303061 0.41690598923241495 0)
	arc 1811 1813 (0.7621023553303061 0.41690598923241495 0.8)
	arc 1812 1896 (0.7821023553303061 0.42845299461620745 0)
	arc 1813 1897 (0.7821023553303061 0.42845299461620745 0.8)
	arc 2820 4868 (0.8898411023885108 0.43375 0)
	arc 2821 4869 (0.8898411023885108 0.43375 0.8)
	arc 4868 4870 (0.9006664199358163 0.4275 0)
	arc 4869 4871 (0.9006664199358163 0.4275 0.8)
	arc 4870 2826 (0.9114917374831217 0.43374999999999997 0)
	arc 4871 2827 (0.9114917374831217 0.43374999999999997 0.8)
	arc 1902 1818 (0.8806664199358163 0.4284529946162075 0)
	arc 1903 1819 (0.8806664199358163 0.4284529946162075 0.8)
	arc 1818 1820 (0.9006664199358163 0.41690598923241495 0)
	arc 1819 1821 (0.9006664199358163 0.41690598923241495 0.8)
	arc 1820 1904 (0.9206664199358163 0.42845299461620745 0)
	arc 1821 1905 (0.9206664199358163 0.42845299461620745 0.8)
	arc 2924 4876 (1.028405166994021 0.43375 0)
	arc 2925 4877 (1.028405166994021 0.43375 0.8)
	arc 4876 4878 (1.0392304845413265 0.4275 0)
	arc 4877 4879 (1.0392304845413265 0.4275 0.8)
	arc 4878 2930 (1.050055802088632 0.43374999999999997 0)
	arc 4879 2931 (1.050055802088632 0.43374999999999997 0.8)
	arc 1910 1826 (1.0192304845413265 0.4284529946162075 0)
	arc 1911 1827 (1.0192304845413265 0.4284529946162075 0.8)
	arc 1826 1828 (1.0392304845413265 0.41690598923241495 0)
	arc 1827 1829 (1.0392304845413265 0.41690598923241495 0.8)
	arc 1828 1912 (1.0592304845413265 0.42845299461620745 0)
	arc 1829 1913 (1.0592304845413265 0.42845299461620745 0.8)
	arc 3028 4884 (1.166969231599531 0.43375 0)
	arc 3029 4885 (1.166969231599531 0.43375 0.8)
	arc 4884 4886 (1.1777945491468365 0.4275 0)
	arc 4885 4887 (1.1777945491468365 0.4275 0.8)
	arc 4886 3034 (1.1886198666941419 0.43374999999999997 0)
	arc 4887 3035 (1.1886198666941419 0.43374999999999997 0.8)
	arc 1918 1834 (1.1577945491468364 0.4284529946162075 0)
	arc 1919 1835 (1.1577945491468364 0.4284529946162075 0.8)
	arc 1834 1836 (1.1777945491468365 0.41690598923241495 0)
	arc 1835 1837 (1.1777945491468365 0.41690598923241495 0.8)
	arc 1836 1920 (1.1977945491468365 0.42845299461620745 0)
	arc 1837 1921 (1.1977945491468365 0.42845299461620745 0.8)
	arc 3132 4892 (1.3055332962050414 0.43375 0)
	arc 3133 4893 (1.3055332962050414 0.43375 0.8)
	arc 4892 4894 (1.3163586137523469 0.4275 0)
	arc 4893 4895 (1.3163586137523469 0.4275 0.8)
	arc 4894 3138 (1.3271839312996523 0.43374999999999997 0)
	arc 4895 3139 (1.3271839312996523 0.43374999999999997 0.8)
	arc 1926 1842 (1.2963586137523468 0.4284529946162075 0)
	arc 1927 1843 (1.2963586137523468 0.4284529946162075 0.8)
	arc 1842 1844 (1.3163586137523469 0.41690598923241495 0)
	arc 1843 1845 (1.3163586137523469 0.41690598923241495 0.8)
	arc 1844 1928 (1.3363586137523469 0.42845299461620745 0)
	arc 1845 1929 (1.3363586137523469 0.42845299461620745 0.8)
	arc 2202 4904 (0.08010734985006057 0.44625 0)
	arc 2203 4905 (0.08010734985006057 0.44625 0.8)
	arc 4904 4906 (0.06928203230275509 0.4525 0)
	arc 4905 4907 (0.06928203230275509 0.4525 0.8)
	arc 4906 2196 (0.058456714755449606 0.44625 0)
	arc 4907 2197 (0.058456714755449606 0.44625 0.8)
	arc 1856 1940 (0.0892820323027551 0.4515470053837925 0)
	arc 1857 1941 (0.0892820323027551 0.4515470053837925 0.8)
	arc 1940 1938 (0.06928203230275509 0.46309401076758505 0)
	arc 1941 1939 (0.06928203230275509 0.46309401076758505 0.8)
	arc 1938 1854 (0.04928203230275509 0.4515470053837925 0)
	arc 1939 1855 (0.04928203230275509 0.4515470053837925 0.8)
	arc 2306 4912 (0.21867141445557076 0.44625 0)
	arc 2307 4913 (0.21867141445557076 0.44625 0.8)
	arc 4912 4914 (0.20784609690826528 0.4525 0)
	arc 4913 4915 (0.20784609690826528 0.4525 0.8)
	arc 4914 2300 (0.1970207793609598 0.44625 0)
	arc 4915 2301 (0.1970207793609598 0.44625 0.8)
	arc 1864 1948 (0.2278460969082653 0.4515470053837925 0)
	arc 1865 1949 (0.2278460969082653 0.4515470053837925 0.8)
	arc 1948 1946 (0.20784609690826528 0.46309401076758505 0)
	arc 1949 1947 (0.20784609690826528 0.46309401076758505 0.8)
	arc 1946 1862 (0.18784609690826526 0.4515470053837925 0)
	arc 1947 1863 (0.18784609690826526 0.4515470053837925 0.8)
	arc 2410 4920 (0.35723547906108094 0.44625 0)
	arc 2411 4921 (0.35723547906108094 0.44625 0.8)
	arc 4920 4922 (0.34641016151377546 0.4525 0)
	arc 4921 4923 (0.34641016151377546 0.4525 0.8)
	arc 4922 2404 (0.33558484396647 0.44625 0)
	arc 4923 2405 (0.33558484396647 0.44625 0.8)
	arc 1872 1956 (0.3664101615137755 0.4515470053837925 0)
	arc 1873 1957 (0.3664101615137755 0.4515470053837925 0.8)
	arc 1956 1954 (0.34641016151377546 0.46309401076758505 0)
	arc 1957 1955 (0.34641016151377546 0.46309401076758505 0.8)
	arc 1954 1870 (0.32641016151377544 0.4515470053837925 0)
	arc 1955 1871 (0.32641016151377544 0.4515470053837925 0.8)
	arc 2514 4928 (0.4957995436665911 0.44625 0)
	arc 2515 4929 (0.4957995436665911 0.44625 0.8)
	arc 4928 4930 (0.48497422611928565 0.4525 0)
	arc 4929 4931 (0.48497422611928565 0.4525 0.8)
	arc 4930 2508 (0.47414890857198017 0.44625 0)
	arc 4931 2509 (0.47414890857198017 0.44625 0.8)
	arc 1880 1964 (0.5049742261192857 0.4515470053837925 0)
	arc 1881 1965 (0.5049742261192857 0.4515470053837925 0.8)
	arc 1964 1962 (0.48497422611928565 0.46309401076758505 0)
	arc 1965 1963 (0.48497422611928565 0.46309401076758505 0.8)
	arc 1962 1878 (0.4649742261192856 0.4515470053837925 0)
	arc 1963 1879 (0.4649742261192856 0.4515470053837925 0.8)
	arc 2618 4936 (0.6343636082721015 0.44625 0)
	arc 2619 4937 (0.6343636082721015 0.44625 0.8)
	arc 4936 4938 (0.6235382907247959 0.4525 0)
	arc 4937 4939 (0.6235382907247959 0.4525 0.8)
	arc 4938 2612 (0.6127129731774904 0.44625 0)
	arc 4939 2613 (0.6127129731774904 0.44625 0.8)
	arc 1888 1972 (0.643538290724796 0.4515470053837925 0)
	arc 1889 1973 (0.643538290724796 0.4515470053837925 0.8)
	arc 1972 1970 (0.6235382907247959 0.46309401076758505 0)
	arc 1973 1971 (0.6235382907247959 0.46309401076758505 0.8)
	arc 1970 1886 (0.6035382907247959 0.4515470053837925 0)
	arc 1971 1887 (0.6035382907247959 0.4515470053837925 0.8)
	arc 2722 4944 (0.7729276728776117 0.44625 0)
	arc 2723 4945 (0.7729276728776117 0.44625 0.8)
	arc 4944 4946 (0.7621023553303061 0.4525 0)
	arc 4945 4947 (0.7621023553303061 0.4525 0.8)
	arc 4946 2716 (0.7512770377830006 0.44625 0)
	arc 4947 2717 (0.7512770377830006 0.44625 0.8)
	arc 1896 1980 (0.7821023553303061 0.4515470053837925 0)
	arc 1897 1981 (0.7821023553303061 0.4515470053837925 0.8)
	arc 1980 1978 (0.7621023553303061 0.46309401076758505 0)
	arc 1981 1979 (0.7621023553303061 0.46309401076758505 0.8)
	arc 1978 1894 (0.7421023553303061 0.4515470053837925 0)
	arc 1979 1895 (0.7421023553303061 0.4515470053837925 0.8)
	arc 2826 4952 (0.9114917374831218 0.44625 0)
	arc 2827 4953 (0.9114917374831218 0.44625 0.8)
	arc 4952 4954 (0.9006664199358163 0.4525 0)
	arc 4953 4955 (0.9006664199358163 0.4525 0.8)
	arc 4954 2820 (0.8898411023885108 0.44625 0)
	arc 4955 2821 (0.8898411023885108 0.44625 0.8)
	arc 1904 1988 (0.9206664199358163 0.4515470053837925 0)
	arc 1905 1989 (0.9206664199358163 0.4515470053837925 0.8)
	arc 1988 1986 (0.9006664199358163 0.46309401076758505 0)
	arc 1989 1987 (0.9006664199358163 0.46309401076758505 0.8)
	arc 1986 1902 (0.8806664199358163 0.4515470053837925 0)
	arc 1987 1903 (0.8806664199358163 0.4515470053837925 0.8)
	arc 2930 4960 (1.050055802088632 0.44625 0)
	arc 2931 4961 (1.050055802088632 0.44625 0.8)
	arc 4960 4962 (1.0392304845413265 0.4525 0)
	arc 4961 4963 (1.0392304845413265 0.4525 0.8)
	arc 4962 2924 (1.028405166994021 0.44625 0)
	arc 4963 2925 (1.028405166994021 0.44625 0.8)
	arc 1912 1996 (1.0592304845413265 0.4515470053837925 0)
	arc 1913 1997 (1.0592304845413265 0.4515470053837925 0.8)
	arc 1996 1994 (1.0392304845413265 0.46309401076758505 0)
	arc 1997 1995 (1.0392304845413265 0.46309401076758505 0.8)
	arc 1994 1910 (1.0192304845413265 0.4515470053837925 0)
	arc 1995 1911 (1.0192304845413265 0.4515470053837925 0.8)
	arc 3034 4968 (1.1886198666941419 0.44625 0)
	arc 3035 4969 (1.1886198666941419 0.44625 0.8)
	arc 4968 4970 (1.1777945491468365 0.4525 0)
	arc 4969 4971 (1.1777945491468365 0.4525 0.8)
	arc 4970 3028 (1.166969231599531 0.44625 0)
	arc 4971 3029 (1.166969231599531 0.44625 0.8)
	arc 1920 2004 (1.1977945491468365 0.4515470053837925 0)
	arc 1921 2005 (1.1977945491468365 0.4515470053837925 0.8)
	arc 2004 2002 (1.1777945491468365 0.46309401076758505 0)
	arc 2005 2003 (1.1777945491468365 0.46309401076758505 0.8)
	arc 2002 1918 (1.1577945491468364 0.4515470053837925 0)
	arc 2003 1919 (1.1577945491468364 0.4515470053837925 0.8)
	arc 3138 4976 (1.3271839312996523 0.44625 0)
	arc 3139 4977 (1.3271839312996523 0.44625 0.8)
	arc 4976 4978 (1.3163586137523469 0.4525 0)
	arc 4977 4979 (1.3163586137523469 0.4525 0.8)
	arc 4978 3132 (1.3055332962050414 0.44625 0)
	arc 4979 3133 (1.3055332962050414 0.44625 0.8)
	arc 1928 2012 (1.3363586137523469 0.4515470053837925 0)
	arc 1929 2013 (1.3363586137523469 0.4515470053837925 0.8)
	arc 2012 2010 (1.3163586137523469 0.46309401076758505 0)
	arc 2013 2011 (1.3163586137523469 0.46309401076758505 0.8)
	arc 2010 1926 (1.2963586137523468 0.4515470053837925 0)
	arc 2011 1927 (1.2963586137523468 0.4515470053837925 0.8)
	arc 2148 4980 (-0.010825317547305483 0.47375 0)
	arc 2149 4981 (-0.010825317547305483 0.47375 0.8)
	arc 4980 4982 (-3.1635744863896907e-18 0.46749999999999997 0)
	arc 4981 4983 (-3.1635744863896907e-18 0.46749999999999997 0.8)
	arc 4982 2154 (0.01082531754730548 0.47375 0)
	arc 4983 2155 (0.01082531754730548 0.47375 0.8)
	arc 2018 1934 (-0.02 0.4684529946162075 0)
	arc 2019 1935 (-0.02 0.4684529946162075 0.8)
	arc 1934 1936 (-5.109662692888031e-18 0.45690598923241493 0)
	arc 1935 1937 (-5.109662692888031e-18 0.45690598923241493 0.8)
	arc 1936 2020 (0.019999999999999993 0.46845299461620743 0)
	arc 1937 2021 (0.019999999999999993 0.46845299461620743 0.8)
	arc 2252 4988 (0.1277387470582047 0.47375 0)
	arc 2253 4989 (0.1277387470582047 0.47375 0.8)
	arc 4988 4990 (0.13856406460551018 0.46749999999999997 0)
	arc 4989 4991 (0.13856406460551018 0.46749999999999997 0.8)
	arc 4990 2258 (0.14938938215281566 0.47375 0)
	arc 4991 2259 (0.14938938215281566 0.47375 0.8)
	arc 2026 1942 (0.11856406460551018 0.4684529946162075 0)
	arc 2027 1943 (0.11856406460551018 0.4684529946162075 0.8)
	arc 1942 1944 (0.13856406460551018 0.45690598923241493 0)
	arc 1943 1945 (0.13856406460551018 0.45690598923241493 0.8)
	arc 1944 2028 (0.15856406460551017 0.46845299461620743 0)
	arc 1945 2029 (0.15856406460551017 0.46845299461620743 0.8)
	arc 2356 4996 (0.2663028116637149 0.47375 0)
	arc 2357 4997 (0.2663028116637149 0.47375 0.8)
	arc 4996 4998 (0.27712812921102037 0.46749999999999997 0)
	arc 4997 4999 (0.27712812921102037 0.46749999999999997 0.8)
	arc 4998 2362 (0.28795344675832585 0.47375 0)
	arc 4999 2363 (0.28795344675832585 0.47375 0.8)
	arc 2034 1950 (0.25712812921102035 0.4684529946162075 0)
	arc 2035 1951 (0.25712812921102035 0.4684529946162075 0.8)
	arc 1950 1952 (0.27712812921102037 0.45690598923241493 0)
	arc 1951 1953 (0.27712812921102037 0.45690598923241493 0.8)
	arc 1952 2036 (0.2971281292110204 0.46845299461620743 0)
	arc 1953 2037 (0.2971281292110204 0.46845299461620743 0.8)
	arc 2460 5004 (0.4048668762692251 0.47375 0)
	arc 2461 5005 (0.4048668762692251 0.47375 0.8)
	arc 5004 5006 (0.41569219381653055 0.46749999999999997 0)
	arc 5005 5007 (0.41569219381653055 0.46749999999999997 0.8)
	arc 5006 2466 (0.42651751136383603 0.47375 0)
	arc 5007 2467 (0.42651751136383603 0.47375 0.8)
	arc 2042 1958 (0.39569219381653054 0.4684529946162075 0)
	arc 2043 1959 (0.39569219381653054 0.4684529946162075 0.8)
	arc 1958 1960 (0.41569219381653055 0.45690598923241493 0)
	arc 1959 1961 (0.41569219381653055 0.45690598923241493 0.8)
	arc 1960 2044 (0.43569219381653057 0.46845299461620743 0)
	arc 1961 2045 (0.43569219381653057 0.46845299461620743 0.8)
	arc 2564 5012 (0.5434309408747352 0.47375 0)
	arc 2565 5013 (0.5434309408747352 0.47375 0.8)
	arc 5012 5014 (0.5542562584220407 0.46749999999999997 0)
	arc 5013 5015 (0.5542562584220407 0.46749999999999997 0.8)
	arc 5014 2570 (0.5650815759693462 0.47375 0)
	arc 5015 2571 (0.5650815759693462 0.47375 0.8)
	arc 2050 1966 (0.5342562584220407 0.4684529946162075 0)
	arc 2051 1967 (0.5342562584220407 0.4684529946162075 0.8)
	arc 1966 1968 (0.5542562584220407 0.45690598923241493 0)
	arc 1967 1969 (0.5542562584220407 0.45690598923241493 0.8)
	arc 1968 2052 (0.5742562584220408 0.46845299461620743 0)
	arc 1969 2053 (0.5742562584220408 0.46845299461620743 0.8)
	arc 2668 5020 (0.6819950054802454 0.47375 0)
	arc 2669 5021 (0.6819950054802454 0.47375 0.8)
	arc 5020 5022 (0.6928203230275509 0.46749999999999997 0)
	arc 5021 5023 (0.6928203230275509 0.46749999999999997 0.8)
	arc 5022 2674 (0.7036456405748563 0.47375 0)
	arc 5023 2675 (0.7036456405748563 0.47375 0.8)
	arc 2058 1974 (0.6728203230275509 0.4684529946162075 0)
	arc 2059 1975 (0.6728203230275509 0.4684529946162075 0.8)
	arc 1974 1976 (0.6928203230275509 0.45690598923241493 0)
	arc 1975 1977 (0.6928203230275509 0.45690598923241493 0.8)
	arc 1976 2060 (0.7128203230275509 0.46845299461620743 0)
	arc 1977 2061 (0.7128203230275509 0.46845299461620743 0.8)
	arc 2772 5028 (0.8205590700857556 0.47375 0)
	arc 2773 5029 (0.8205590700857556 0.47375 0.8)
	arc 5028 5030 (0.8313843876330611 0.46749999999999997 0)
	arc 5029 5031 (0.8313843876330611 0.46749999999999997 0.8)
	arc 5030 2778 (0.8422097051803665 0.47375 0)
	arc 5031 2779 (0.8422097051803665 0.47375 0.8)
	arc 2066 1982 (0.8113843876330611 0.4684529946162075 0)
	arc 2067 1983 (0.8113843876330611 0.4684529946162075 0.8)
	arc 1982 1984 (0.8313843876330611 0.45690598923241493 0)
	arc 1983 1985 (0.8313843876330611 0.45690598923241493 0.8)
	arc 1984 2068 (0.8513843876330611 0.46845299461620743 0)
	arc 1985 2069 (0.8513843876330611 0.46845299461620743 0.8)
	arc 2876 5036 (0.9591231346912658 0.47375 0)
	arc 2877 5037 (0.9591231346912658 0.47375 0.8)
	arc 5036 5038 (0.9699484522385713 0.46749999999999997 0)
	arc 5037 5039 (0.9699484522385713 0.46749999999999997 0.8)
	arc 5038 2882 (0.9807737697858767 0.47375 0)
	arc 5039 2883 (0.9807737697858767 0.47375 0.8)
	arc 2074 1990 (0.9499484522385713 0.4684529946162075 0)
	arc 2075 1991 (0.9499484522385713 0.4684529946162075 0.8)
	arc 1990 1992 (0.9699484522385713 0.45690598923241493 0)
	arc 1991 1993 (0.9699484522385713 0.45690598923241493 0.8)
	arc 1992 2076 (0.9899484522385713 0.46845299461620743 0)
	arc 1993 2077 (0.9899484522385713 0.46845299461620743 0.8)
	arc 2980 5044 (1.097687199296776 0.47375 0)
	arc 2981 5045 (1.097687199296776 0.47375 0.8)
	arc 5044 5046 (1.1085125168440815 0.46749999999999997 0)
	arc 5045 5047 (1.1085125168440815 0.46749999999999997 0.8)
	arc 5046 2986 (1.119337834391387 0.47375 0)
	arc 5047 2987 (1.119337834391387 0.47375 0.8)
	arc 2082 1998 (1.0885125168440815 0.4684529946162075 0)
	arc 2083 1999 (1.0885125168440815 0.4684529946162075 0.8)
	arc 1998 2000 (1.1085125168440815 0.45690598923241493 0)
	arc 1999 2001 (1.1085125168440815 0.45690598923241493 0.8)
	arc 2000 2084 (1.1285125168440815 0.46845299461620743 0)
	arc 2001 2085 (1.1285125168440815 0.46845299461620743 0.8)
	arc 3084 5052 (1.2362512639022862 0.47375 0)
	arc 3085 5053 (1.2362512639022862 0.47375 0.8)
	arc 5052 5054 (1.2470765814495917 0.46749999999999997 0)
	arc 5053 5055 (1.2470765814495917 0.46749999999999997 0.8)
	arc 5054 3090 (1.257901898996897 0.47375 0)
	arc 5055 3091 (1.257901898996897 0.47375 0.8)
	arc 2090 2006 (1.2270765814495916 0.4684529946162075 0)
	arc 2091 2007 (1.2270765814495916 0.4684529946162075 0.8)
	arc 2006 2008 (1.2470765814495917 0.45690598923241493 0)
	arc 2007 2009 (1.2470765814495917 0.45690598923241493 0.8)
	arc 2008 2092 (1.2670765814495917 0.46845299461620743 0)
	arc 2009 2093 (1.2670765814495917 0.46845299461620743 0.8)
);

blocks
(
	hex (0 2 86 84 1 3 87 85) (4 4 40.0) simpleGrading (1 1 1)
	hex (2102 2104 3142 3140 2103 2105 3143 3141) (4 4 40.0) simpleGrading (1 1 1)
	hex (3142 2104 2106 3144 3143 2105 2107 3145) (4 1 40.0) simpleGrading (1 1 1)
	hex (3140 3142 3144 3146 3141 3143 3145 3147) (4 1 40.0) simpleGrading (1 1 1)
	hex (2102 3140 3146 2100 2103 3141 3147 2101) (4 1 40.0) simpleGrading (1 1 1)
	hex (3144 2106 4 88 3145 2107 5 89) (4 4 40.0) simpleGrading (1 2 1)
	hex (3146 3144 88 86 3147 3145 89 87) (4 4 40.0) simpleGrading (1 2 1)
	hex (2100 3146 86 2 2101 3147 87 3) (4 4 40.0) simpleGrading (1 2 1)
	hex (4 6 90 88 5 7 91 89) (4 4 40.0) simpleGrading (1 1 1)
	hex (6 8 92 90 7 9 93 91) (4 4 40.0) simpleGrading (1 1 1)
	hex (8 10 94 92 9 11 95 93) (4 4 40.0) simpleGrading (1 1 1)
	hex (2206 2208 3150 3148 2207 2209 3151 3149) (4 4 40.0) simpleGrading (1 1 1)
	hex (3150 2208 2210 3152 3151 2209 2211 3153) (4 1 40.0) simpleGrading (1 1 1)
	hex (3148 3150 3152 3154 3149 3151 3153 3155) (4 1 40.0) simpleGrading (1 1 1)
	hex (2206 3148 3154 2204 2207 3149 3155 2205) (4 1 40.0) simpleGrading (1 1 1)
	hex (3152 2210 12 96 3153 2211 13 97) (4 4 40.0) simpleGrading (1 2 1)
	hex (3154 3152 96 94 3155 3153 97 95) (4 4 40.0) simpleGrading (1 2 1)
	hex (2204 3154 94 10 2205 3155 95 11) (4 4 40.0) simpleGrading (1 2 1)
	hex (12 14 98 96 13 15 99 97) (4 4 40.0) simpleGrading (1 1 1)
	hex (14 16 100 98 15 17 101 99) (4 4 40.0) simpleGrading (1 1 1)
	hex (16 18 102 100 17 19 103 101) (4 4 40.0) simpleGrading (1 1 1)
	hex (2310 2312 3158 3156 2311 2313 3159 3157) (4 4 40.0) simpleGrading (1 1 1)
	hex (3158 2312 2314 3160 3159 2313 2315 3161) (4 1 40.0) simpleGrading (1 1 1)
	hex (3156 3158 3160 3162 3157 3159 3161 3163) (4 1 40.0) simpleGrading (1 1 1)
	hex (2310 3156 3162 2308 2311 3157 3163 2309) (4 1 40.0) simpleGrading (1 1 1)
	hex (3160 2314 20 104 3161 2315 21 105) (4 4 40.0) simpleGrading (1 2 1)
	hex (3162 3160 104 102 3163 3161 105 103) (4 4 40.0) simpleGrading (1 2 1)
	hex (2308 3162 102 18 2309 3163 103 19) (4 4 40.0) simpleGrading (1 2 1)
	hex (20 22 106 104 21 23 107 105) (4 4 40.0) simpleGrading (1 1 1)
	hex (22 24 108 106 23 25 109 107) (4 4 40.0) simpleGrading (1 1 1)
	hex (24 26 110 108 25 27 111 109) (4 4 40.0) simpleGrading (1 1 1)
	hex (2414 2416 3166 3164 2415 2417 3167 3165) (4 4 40.0) simpleGrading (1 1 1)
	hex (3166 2416 2418 3168 3167 2417 2419 3169) (4 1 40.0) simpleGrading (1 1 1)
	hex (3164 3166 3168 3170 3165 3167 3169 3171) (4 1 40.0) simpleGrading (1 1 1)
	hex (2414 3164 3170 2412 2415 3165 3171 2413) (4 1 40.0) simpleGrading (1 1 1)
	hex (3168 2418 28 112 3169 2419 29 113) (4 4 40.0) simpleGrading (1 2 1)
	hex (3170 3168 112 110 3171 3169 113 111) (4 4 40.0) simpleGrading (1 2 1)
	hex (2412 3170 110 26 2413 3171 111 27) (4 4 40.0) simpleGrading (1 2 1)
	hex (28 30 114 112 29 31 115 113) (4 4 40.0) simpleGrading (1 1 1)
	hex (30 32 116 114 31 33 117 115) (4 4 40.0) simpleGrading (1 1 1)
	hex (32 34 118 116 33 35 119 117) (4 4 40.0) simpleGrading (1 1 1)
	hex (2518 2520 3174 3172 2519 2521 3175 3173) (4 4 40.0) simpleGrading (1 1 1)
	hex (3174 2520 2522 3176 3175 2521 2523 3177) (4 1 40.0) simpleGrading (1 1 1)
	hex (3172 3174 3176 3178 3173 3175 3177 3179) (4 1 40.0) simpleGrading (1 1 1)
	hex (2518 3172 3178 2516 2519 3173 3179 2517) (4 1 40.0) simpleGrading (1 1 1)
	hex (3176 2522 36 120 3177 2523 37 121) (4 4 40.0) simpleGrading (1 2 1)
	hex (3178 3176 120 118 3179 3177 121 119) (4 4 40.0) simpleGrading (1 2 1)
	hex (2516 3178 118 34 2517 3179 119 35) (4 4 40.0) simpleGrading (1 2 1)
	hex (36 38 122 120 37 39 123 121) (4 4 40.0) simpleGrading (1 1 1)
	hex (38 40 124 122 39 41 125 123) (4 4 40.0) simpleGrading (1 1 1)
	hex (40 42 126 124 41 43 127 125) (4 4 40.0) simpleGrading (1 1 1)
	hex (2622 2624 3182 3180 2623 2625 3183 3181) (4 4 40.0) simpleGrading (1 1 1)
	hex (3182 2624 2626 3184 3183 2625 2627 3185) (4 1 40.0) simpleGrading (1 1 1)
	hex (3180 3182 3184 3186 3181 3183 3185 3187) (4 1 40.0) simpleGrading (1 1 1)
	hex (2622 3180 3186 2620 2623 3181 3187 2621) (4 1 40.0) simpleGrading (1 1 1)
	hex (3184 2626 44 128 3185 2627 45 129) (4 4 40.0) simpleGrading (1 2 1)
	hex (3186 3184 128 126 3187 3185 129 127) (4 4 40.0) simpleGrading (1 2 1)
	hex (2620 3186 126 42 2621 3187 127 43) (4 4 40.0) simpleGrading (1 2 1)
	hex (44 46 130 128 45 47 131 129) (4 4 40.0) simpleGrading (1 1 1)
	hex (46 48 132 130 47 49 133 131) (4 4 40.0) simpleGrading (1 1 1)
	hex (48 50 134 132 49 51 135 133) (4 4 40.0) simpleGrading (1 1 1)
	hex (2726 2728 3190 3188 2727 2729 3191 3189) (4 4 40.0) simpleGrading (1 1 1)
	hex (3190 2728 2730 3192 3191 2729 2731 3193) (4 1 40.0) simpleGrading (1 1 1)
	hex (3188 3190 3192 3194 3189 3191 3193 3195) (4 1 40.0) simpleGrading (1 1 1)
	hex (2726 3188 3194 2724 2727 3189 3195 2725) (4 1 40.0) simpleGrading (1 1 1)
	hex (3192 2730 52 136 3193 2731 53 137) (4 4 40.0) simpleGrading (1 2 1)
	hex (3194 3192 136 134 3195 3193 137 135) (4 4 40.0) simpleGrading (1 2 1)
	hex (2724 3194 134 50 2725 3195 135 51) (4 4 40.0) simpleGrading (1 2 1)
	hex (52 54 138 136 53 55 139 137) (4 4 40.0) simpleGrading (1 1 1)
	hex (54 56 140 138 55 57 141 139) (4 4 40.0) simpleGrading (1 1 1)
	hex (56 58 142 140 57 59 143 141) (4 4 40.0) simpleGrading (1 1 1)
	hex (2830 2832 3198 3196 2831 2833 3199 3197) (4 4 40.0) simpleGrading (1 1 1)
	hex (3198 2832 2834 3200 3199 2833 2835 3201) (4 1 40.0) simpleGrading (1 1 1)
	hex (3196 3198 3200 3202 3197 3199 3201 3203) (4 1 40.0) simpleGrading (1 1 1)
	hex (2830 3196 3202 2828 2831 3197 3203 2829) (4 1 40.0) simpleGrading (1 1 1)
	hex (3200 2834 60 144 3201 2835 61 145) (4 4 40.0) simpleGrading (1 2 1)
	hex (3202 3200 144 142 3203 3201 145 143) (4 4 40.0) simpleGrading (1 2 1)
	hex (2828 3202 142 58 2829 3203 143 59) (4 4 40.0) simpleGrading (1 2 1)
	hex (60 62 146 144 61 63 147 145) (4 4 40.0) simpleGrading (1 1 1)
	hex (62 64 148 146 63 65 149 147) (4 4 40.0) simpleGrading (1 1 1)
	hex (64 66 150 148 65 67 151 149) (4 4 40.0) simpleGrading (1 1 1)
	hex (2934 2936 3206 3204 2935 2937 3207 3205) (4 4 40.0) simpleGrading (1 1 1)
	hex (3206 2936 2938 3208 3207 2937 2939 3209) (4 1 40.0) simpleGrading (1 1 1)
	hex (3204 3206 3208 3210 3205 3207 3209 3211) (4 1 40.0) simpleGrading (1 1 1)
	hex (2934 3204 3210 2932 2935 3205 3211 2933) (4 1 40.0) simpleGrading (1 1 1)
	hex (3208 2938 68 152 3209 2939 69 153) (4 4 40.0) simpleGrading (1 2 1)
	hex (3210 3208 152 150 3211 3209 153 151) (4 4 40.0) simpleGrading (1 2 1)
	hex (2932 3210 150 66 2933 3211 151 67) (4 4 40.0) simpleGrading (1 2 1)
	hex (68 70 154 152 69 71 155 153) (4 4 40.0) simpleGrading (1 1 1)
	hex (70 72 156 154 71 73 157 155) (4 4 40.0) simpleGrading (1 1 1)
	hex (72 74 158 156 73 75 159 157) (4 4 40.0) simpleGrading (1 1 1)
	hex (3038 3040 3214 3212 3039 3041 3215 3213) (4 4 40.0) simpleGrading (1 1 1)
	hex (3214 3040 3042 3216 3215 3041 3043 3217) (4 1 40.0) simpleGrading (1 1 1)
	hex (3212 3214 3216 3218 3213 3215 3217 3219) (4 1 40.0) simpleGrading (1 1 1)
	hex (3038 3212 3218 3036 3039 3213 3219 3037) (4 1 40.0) simpleGrading (1 1 1)
	hex (3216 3042 76 160 3217 3043 77 161) (4 4 40.0) simpleGrading (1 2 1)
	hex (3218 3216 160 158 3219 3217 161 159) (4 4 40.0) simpleGrading (1 2 1)
	hex (3036 3218 158 74 3037 3219 159 75) (4 4 40.0) simpleGrading (1 2 1)
	hex (76 78 162 160 77 79 163 161) (4 4 40.0) simpleGrading (1 1 1)
	hex (78 80 164 162 79 81 165 163) (4 4 40.0) simpleGrading (1 1 1)
	hex (80 82 166 164 81 83 167 165) (4 4 40.0) simpleGrading (1 1 1)
	hex (84 86 170 168 85 87 171 169) (4 4 40.0) simpleGrading (1 1 1)
	hex (86 88 172 170 87 89 173 171) (4 4 40.0) simpleGrading (1 1 1)
	hex (88 90 174 172 89 91 175 173) (4 4 40.0) simpleGrading (1 1 1)
	hex (3226 3224 2160 2158 3227 3225 2161 2159) (4 4 40.0) simpleGrading (1 1 1)
	hex (3226 2158 2156 3220 3227 2159 2157 3221) (4 1 40.0) simpleGrading (1 1 1)
	hex (3224 3226 3220 3222 3225 3227 3221 3223) (4 1 40.0) simpleGrading (1 1 1)
	hex (2160 3224 3222 2162 2161 3225 3223 2163) (4 1 40.0) simpleGrading (1 1 1)
	hex (3220 2156 174 90 3221 2157 175 91) (4 4 40.0) simpleGrading (1 2 1)
	hex (3222 3220 90 92 3223 3221 91 93) (4 4 40.0) simpleGrading (1 2 1)
	hex (2162 3222 92 176 2163 3223 93 177) (4 4 40.0) simpleGrading (1 2 1)
	hex (92 94 178 176 93 95 179 177) (4 4 40.0) simpleGrading (1 1 1)
	hex (94 96 180 178 95 97 181 179) (4 4 40.0) simpleGrading (1 1 1)
	hex (96 98 182 180 97 99 183 181) (4 4 40.0) simpleGrading (1 1 1)
	hex (3234 3232 2264 2262 3235 3233 2265 2263) (4 4 40.0) simpleGrading (1 1 1)
	hex (3234 2262 2260 3228 3235 2263 2261 3229) (4 1 40.0) simpleGrading (1 1 1)
	hex (3232 3234 3228 3230 3233 3235 3229 3231) (4 1 40.0) simpleGrading (1 1 1)
	hex (2264 3232 3230 2266 2265 3233 3231 2267) (4 1 40.0) simpleGrading (1 1 1)
	hex (3228 2260 182 98 3229 2261 183 99) (4 4 40.0) simpleGrading (1 2 1)
	hex (3230 3228 98 100 3231 3229 99 101) (4 4 40.0) simpleGrading (1 2 1)
	hex (2266 3230 100 184 2267 3231 101 185) (4 4 40.0) simpleGrading (1 2 1)
	hex (100 102 186 184 101 103 187 185) (4 4 40.0) simpleGrading (1 1 1)
	hex (102 104 188 186 103 105 189 187) (4 4 40.0) simpleGrading (1 1 1)
	hex (104 106 190 188 105 107 191 189) (4 4 40.0) simpleGrading (1 1 1)
	hex (3242 3240 2368 2366 3243 3241 2369 2367) (4 4 40.0) simpleGrading (1 1 1)
	hex (3242 2366 2364 3236 3243 2367 2365 3237) (4 1 40.0) simpleGrading (1 1 1)
	hex (3240 3242 3236 3238 3241 3243 3237 3239) (4 1 40.0) simpleGrading (1 1 1)
	hex (2368 3240 3238 2370 2369 3241 3239 2371) (4 1 40.0) simpleGrading (1 1 1)
	hex (3236 2364 190 106 3237 2365 191 107) (4 4 40.0) simpleGrading (1 2 1)
	hex (3238 3236 106 108 3239 3237 107 109) (4 4 40.0) simpleGrading (1 2 1)
	hex (2370 3238 108 192 2371 3239 109 193) (4 4 40.0) simpleGrading (1 2 1)
	hex (108 110 194 192 109 111 195 193) (4 4 40.0) simpleGrading (1 1 1)
	hex (110 112 196 194 111 113 197 195) (4 4 40.0) simpleGrading (1 1 1)
	hex (112 114 198 196 113 115 199 197) (4 4 40.0) simpleGrading (1 1 1)
	hex (3250 3248 2472 2470 3251 3249 2473 2471) (4 4 40.0) simpleGrading (1 1 1)
	hex (3250 2470 2468 3244 3251 2471 2469 3245) (4 1 40.0) simpleGrading (1 1 1)
	hex (3248 3250 3244 3246 3249 3251 3245 3247) (4 1 40.0) simpleGrading (1 1 1)
	hex (2472 3248 3246 2474 2473 3249 3247 2475) (4 1 40.0) simpleGrading (1 1 1)
	hex (3244 2468 198 114 3245 2469 199 115) (4 4 40.0) simpleGrading (1 2 1)
	hex (3246 3244 114 116 3247 3245 115 117) (4 4 40.0) simpleGrading (1 2 1)
	hex (2474 3246 116 200 2475 3247 117 201) (4 4 40.0) simpleGrading (1 2 1)
	hex (116 118 202 200 117 119 203 201) (4 4 40.0) simpleGrading (1 1 1)
	hex (118 120 204 202 119 121 205 203) (4 4 40.0) simpleGrading (1 1 1)
	hex (120 122 206 204 121 123 207 205) (4 4 40.0) simpleGrading (1 1 1)
	hex (3258 3256 2576 2574 3259 3257 2577 2575) (4 4 40.0) simpleGrading (1 1 1)
	hex (3258 2574 2572 3252 3259 2575 2573 3253) (4 1 40.0) simpleGrading (1 1 1)
	hex (3256 3258 3252 3254 3257 3259 3253 3255) (4 1 40.0) simpleGrading (1 1 1)
	hex (2576 3256 3254 2578 2577 3257 3255 2579) (4 1 40.0) simpleGrading (1 1 1)
	hex (3252 2572 206 122 3253 2573 207 123) (4 4 40.0) simpleGrading (1 2 1)
	hex (3254 3252 122 124 3255 3253 123 125) (4 4 40.0) simpleGrading (1 2 1)
	hex (2578 3254 124 208 2579 3255 125 209) (4 4 40.0) simpleGrading (1 2 1)
	hex (124 126 210 208 125 127 211 209) (4 4 40.0) simpleGrading (1 1 1)
	hex (126 128 212 210 127 129 213 211) (4 4 40.0) simpleGrading (1 1 1)
	hex (128 130 214 212 129 131 215 213) (4 4 40.0) simpleGrading (1 1 1)
	hex (3266 3264 2680 2678 3267 3265 2681 2679) (4 4 40.0) simpleGrading (1 1 1)
	hex (3266 2678 2676 3260 3267 2679 2677 3261) (4 1 40.0) simpleGrading (1 1 1)
	hex (3264 3266 3260 3262 3265 3267 3261 3263) (4 1 40.0) simpleGrading (1 1 1)
	hex (2680 3264 3262 2682 2681 3265 3263 2683) (4 1 40.0) simpleGrading (1 1 1)
	hex (3260 2676 214 130 3261 2677 215 131) (4 4 40.0) simpleGrading (1 2 1)
	hex (3262 3260 130 132 3263 3261 131 133) (4 4 40.0) simpleGrading (1 2 1)
	hex (2682 3262 132 216 2683 3263 133 217) (4 4 40.0) simpleGrading (1 2 1)
	hex (132 134 218 216 133 135 219 217) (4 4 40.0) simpleGrading (1 1 1)
	hex (134 136 220 218 135 137 221 219) (4 4 40.0) simpleGrading (1 1 1)
	hex (136 138 222 220 137 139 223 221) (4 4 40.0) simpleGrading (1 1 1)
	hex (3274 3272 2784 2782 3275 3273 2785 2783) (4 4 40.0) simpleGrading (1 1 1)
	hex (3274 2782 2780 3268 3275 2783 2781 3269) (4 1 40.0) simpleGrading (1 1 1)
	hex (3272 3274 3268 3270 3273 3275 3269 3271) (4 1 40.0) simpleGrading (1 1 1)
	hex (2784 3272 3270 2786 2785 3273 3271 2787) (4 1 40.0) simpleGrading (1 1 1)
	hex (3268 2780 222 138 3269 2781 223 139) (4 4 40.0) simpleGrading (1 2 1)
	hex (3270 3268 138 140 3271 3269 139 141) (4 4 40.0) simpleGrading (1 2 1)
	hex (2786 3270 140 224 2787 3271 141 225) (4 4 40.0) simpleGrading (1 2 1)
	hex (140 142 226 224 141 143 227 225) (4 4 40.0) simpleGrading (1 1 1)
	hex (142 144 228 226 143 145 229 227) (4 4 40.0) simpleGrading (1 1 1)
	hex (144 146 230 228 145 147 231 229) (4 4 40.0) simpleGrading (1 1 1)
	hex (3282 3280 2888 2886 3283 3281 2889 2887) (4 4 40.0) simpleGrading (1 1 1)
	hex (3282 2886 2884 3276 3283 2887 2885 3277) (4 1 40.0) simpleGrading (1 1 1)
	hex (3280 3282 3276 3278 3281 3283 3277 3279) (4 1 40.0) simpleGrading (1 1 1)
	hex (2888 3280 3278 2890 2889 3281 3279 2891) (4 1 40.0) simpleGrading (1 1 1)
	hex (3276 2884 230 146 3277 2885 231 147) (4 4 40.0) simpleGrading (1 2 1)
	hex (3278 3276 146 148 3279 3277 147 149) (4 4 40.0) simpleGrading (1 2 1)
	hex (2890 3278 148 232 2891 3279 149 233) (4 4 40.0) simpleGrading (1 2 1)
	hex (148 150 234 232 149 151 235 233) (4 4 40.0) simpleGrading (1 1 1)
	hex (150 152 236 234 151 153 237 235) (4 4 40.0) simpleGrading (1 1 1)
	hex (152 154 238 236 153 155 239 237) (4 4 40.0) simpleGrading (1 1 1)
	hex (3290 3288 2992 2990 3291 3289 2993 2991) (4 4 40.0) simpleGrading (1 1 1)
	hex (3290 2990 2988 3284 3291 2991 2989 3285) (4 1 40.0) simpleGrading (1 1 1)
	hex (3288 3290 3284 3286 3289 3291 3285 3287) (4 1 40.0) simpleGrading (1 1 1)
	hex (2992 3288 3286 2994 2993 3289 3287 2995) (4 1 40.0) simpleGrading (1 1 1)
	hex (3284 2988 238 154 3285 2989 239 155) (4 4 40.0) simpleGrading (1 2 1)
	hex (3286 3284 154 156 3287 3285 155 157) (4 4 40.0) simpleGrading (1 2 1)
	hex (2994 3286 156 240 2995 3287 157 241) (4 4 40.0) simpleGrading (1 2 1)
	hex (156 158 242 240 157 159 243 241) (4 4 40.0) simpleGrading (1 1 1)
	hex (158 160 244 242 159 161 245 243) (4 4 40.0) simpleGrading (1 1 1)
	hex (160 162 246 244 161 163 247 245) (4 4 40.0) simpleGrading (1 1 1)
	hex (3298 3296 3096 3094 3299 3297 3097 3095) (4 4 40.0) simpleGrading (1 1 1)
	hex (3298 3094 3092 3292 3299 3095 3093 3293) (4 1 40.0) simpleGrading (1 1 1)
	hex (3296 3298 3292 3294 3297 3299 3293 3295) (4 1 40.0) simpleGrading (1 1 1)
	hex (3096 3296 3294 3098 3097 3297 3295 3099) (4 1 40.0) simpleGrading (1 1 1)
	hex (3292 3092 246 162 3293 3093 247 163) (4 4 40.0) simpleGrading (1 2 1)
	hex (3294 3292 162 164 3295 3293 163 165) (4 4 40.0) simpleGrading (1 2 1)
	hex (3098 3294 164 248 3099 3295 165 249) (4 4 40.0) simpleGrading (1 2 1)
	hex (164 166 250 248 165 167 251 249) (4 4 40.0) simpleGrading (1 1 1)
	hex (168 170 254 252 169 171 255 253) (4 4 40.0) simpleGrading (1 1 1)
	hex (170 172 256 254 171 173 257 255) (4 4 40.0) simpleGrading (1 1 1)
	hex (172 174 258 256 173 175 259 257) (4 4 40.0) simpleGrading (1 1 1)
	hex (2158 2160 3302 3300 2159 2161 3303 3301) (4 4 40.0) simpleGrading (1 1 1)
	hex (3302 2160 2162 3304 3303 2161 2163 3305) (4 1 40.0) simpleGrading (1 1 1)
	hex (3300 3302 3304 3306 3301 3303 3305 3307) (4 1 40.0) simpleGrading (1 1 1)
	hex (2158 3300 3306 2156 2159 3301 3307 2157) (4 1 40.0) simpleGrading (1 1 1)
	hex (3304 2162 176 260 3305 2163 177 261) (4 4 40.0) simpleGrading (1 2 1)
	hex (3306 3304 260 258 3307 3305 261 259) (4 4 40.0) simpleGrading (1 2 1)
	hex (2156 3306 258 174 2157 3307 259 175) (4 4 40.0) simpleGrading (1 2 1)
	hex (176 178 262 260 177 179 263 261) (4 4 40.0) simpleGrading (1 1 1)
	hex (178 180 264 262 179 181 265 263) (4 4 40.0) simpleGrading (1 1 1)
	hex (180 182 266 264 181 183 267 265) (4 4 40.0) simpleGrading (1 1 1)
	hex (2262 2264 3310 3308 2263 2265 3311 3309) (4 4 40.0) simpleGrading (1 1 1)
	hex (3310 2264 2266 3312 3311 2265 2267 3313) (4 1 40.0) simpleGrading (1 1 1)
	hex (3308 3310 3312 3314 3309 3311 3313 3315) (4 1 40.0) simpleGrading (1 1 1)
	hex (2262 3308 3314 2260 2263 3309 3315 2261) (4 1 40.0) simpleGrading (1 1 1)
	hex (3312 2266 184 268 3313 2267 185 269) (4 4 40.0) simpleGrading (1 2 1)
	hex (3314 3312 268 266 3315 3313 269 267) (4 4 40.0) simpleGrading (1 2 1)
	hex (2260 3314 266 182 2261 3315 267 183) (4 4 40.0) simpleGrading (1 2 1)
	hex (184 186 270 268 185 187 271 269) (4 4 40.0) simpleGrading (1 1 1)
	hex (186 188 272 270 187 189 273 271) (4 4 40.0) simpleGrading (1 1 1)
	hex (188 190 274 272 189 191 275 273) (4 4 40.0) simpleGrading (1 1 1)
	hex (2366 2368 3318 3316 2367 2369 3319 3317) (4 4 40.0) simpleGrading (1 1 1)
	hex (3318 2368 2370 3320 3319 2369 2371 3321) (4 1 40.0) simpleGrading (1 1 1)
	hex (3316 3318 3320 3322 3317 3319 3321 3323) (4 1 40.0) simpleGrading (1 1 1)
	hex (2366 3316 3322 2364 2367 3317 3323 2365) (4 1 40.0) simpleGrading (1 1 1)
	hex (3320 2370 192 276 3321 2371 193 277) (4 4 40.0) simpleGrading (1 2 1)
	hex (3322 3320 276 274 3323 3321 277 275) (4 4 40.0) simpleGrading (1 2 1)
	hex (2364 3322 274 190 2365 3323 275 191) (4 4 40.0) simpleGrading (1 2 1)
	hex (192 194 278 276 193 195 279 277) (4 4 40.0) simpleGrading (1 1 1)
	hex (194 196 280 278 195 197 281 279) (4 4 40.0) simpleGrading (1 1 1)
	hex (196 198 282 280 197 199 283 281) (4 4 40.0) simpleGrading (1 1 1)
	hex (2470 2472 3326 3324 2471 2473 3327 3325) (4 4 40.0) simpleGrading (1 1 1)
	hex (3326 2472 2474 3328 3327 2473 2475 3329) (4 1 40.0) simpleGrading (1 1 1)
	hex (3324 3326 3328 3330 3325 3327 3329 3331) (4 1 40.0) simpleGrading (1 1 1)
	hex (2470 3324 3330 2468 2471 3325 3331 2469) (4 1 40.0) simpleGrading (1 1 1)
	hex (3328 2474 200 284 3329 2475 201 285) (4 4 40.0) simpleGrading (1 2 1)
	hex (3330 3328 284 282 3331 3329 285 283) (4 4 40.0) simpleGrading (1 2 1)
	hex (2468 3330 282 198 2469 3331 283 199) (4 4 40.0) simpleGrading (1 2 1)
	hex (200 202 286 284 201 203 287 285) (4 4 40.0) simpleGrading (1 1 1)
	hex (202 204 288 286 203 205 289 287) (4 4 40.0) simpleGrading (1 1 1)
	hex (204 206 290 288 205 207 291 289) (4 4 40.0) simpleGrading (1 1 1)
	hex (2574 2576 3334 3332 2575 2577 3335 3333) (4 4 40.0) simpleGrading (1 1 1)
	hex (3334 2576 2578 3336 3335 2577 2579 3337) (4 1 40.0) simpleGrading (1 1 1)
	hex (3332 3334 3336 3338 3333 3335 3337 3339) (4 1 40.0) simpleGrading (1 1 1)
	hex (2574 3332 3338 2572 2575 3333 3339 2573) (4 1 40.0) simpleGrading (1 1 1)
	hex (3336 2578 208 292 3337 2579 209 293) (4 4 40.0) simpleGrading (1 2 1)
	hex (3338 3336 292 290 3339 3337 293 291) (4 4 40.0) simpleGrading (1 2 1)
	hex (2572 3338 290 206 2573 3339 291 207) (4 4 40.0) simpleGrading (1 2 1)
	hex (208 210 294 292 209 211 295 293) (4 4 40.0) simpleGrading (1 1 1)
	hex (210 212 296 294 211 213 297 295) (4 4 40.0) simpleGrading (1 1 1)
	hex (212 214 298 296 213 215 299 297) (4 4 40.0) simpleGrading (1 1 1)
	hex (2678 2680 3342 3340 2679 2681 3343 3341) (4 4 40.0) simpleGrading (1 1 1)
	hex (3342 2680 2682 3344 3343 2681 2683 3345) (4 1 40.0) simpleGrading (1 1 1)
	hex (3340 3342 3344 3346 3341 3343 3345 3347) (4 1 40.0) simpleGrading (1 1 1)
	hex (2678 3340 3346 2676 2679 3341 3347 2677) (4 1 40.0) simpleGrading (1 1 1)
	hex (3344 2682 216 300 3345 2683 217 301) (4 4 40.0) simpleGrading (1 2 1)
	hex (3346 3344 300 298 3347 3345 301 299) (4 4 40.0) simpleGrading (1 2 1)
	hex (2676 3346 298 214 2677 3347 299 215) (4 4 40.0) simpleGrading (1 2 1)
	hex (216 218 302 300 217 219 303 301) (4 4 40.0) simpleGrading (1 1 1)
	hex (218 220 304 302 219 221 305 303) (4 4 40.0) simpleGrading (1 1 1)
	hex (220 222 306 304 221 223 307 305) (4 4 40.0) simpleGrading (1 1 1)
	hex (2782 2784 3350 3348 2783 2785 3351 3349) (4 4 40.0) simpleGrading (1 1 1)
	hex (3350 2784 2786 3352 3351 2785 2787 3353) (4 1 40.0) simpleGrading (1 1 1)
	hex (3348 3350 3352 3354 3349 3351 3353 3355) (4 1 40.0) simpleGrading (1 1 1)
	hex (2782 3348 3354 2780 2783 3349 3355 2781) (4 1 40.0) simpleGrading (1 1 1)
	hex (3352 2786 224 308 3353 2787 225 309) (4 4 40.0) simpleGrading (1 2 1)
	hex (3354 3352 308 306 3355 3353 309 307) (4 4 40.0) simpleGrading (1 2 1)
	hex (2780 3354 306 222 2781 3355 307 223) (4 4 40.0) simpleGrading (1 2 1)
	hex (224 226 310 308 225 227 311 309) (4 4 40.0) simpleGrading (1 1 1)
	hex (226 228 312 310 227 229 313 311) (4 4 40.0) simpleGrading (1 1 1)
	hex (228 230 314 312 229 231 315 313) (4 4 40.0) simpleGrading (1 1 1)
	hex (2886 2888 3358 3356 2887 2889 3359 3357) (4 4 40.0) simpleGrading (1 1 1)
	hex (3358 2888 2890 3360 3359 2889 2891 3361) (4 1 40.0) simpleGrading (1 1 1)
	hex (3356 3358 3360 3362 3357 3359 3361 3363) (4 1 40.0) simpleGrading (1 1 1)
	hex (2886 3356 3362 2884 2887 3357 3363 2885) (4 1 40.0) simpleGrading (1 1 1)
	hex (3360 2890 232 316 3361 2891 233 317) (4 4 40.0) simpleGrading (1 2 1)
	hex (3362 3360 316 314 3363 3361 317 315) (4 4 40.0) simpleGrading (1 2 1)
	hex (2884 3362 314 230 2885 3363 315 231) (4 4 40.0) simpleGrading (1 2 1)
	hex (232 234 318 316 233 235 319 317) (4 4 40.0) simpleGrading (1 1 1)
	hex (234 236 320 318 235 237 321 319) (4 4 40.0) simpleGrading (1 1 1)
	hex (236 238 322 320 237 239 323 321) (4 4 40.0) simpleGrading (1 1 1)
	hex (2990 2992 3366 3364 2991 2993 3367 3365) (4 4 40.0) simpleGrading (1 1 1)
	hex (3366 2992 2994 3368 3367 2993 2995 3369) (4 1 40.0) simpleGrading (1 1 1)
	hex (3364 3366 3368 3370 3365 3367 3369 3371) (4 1 40.0) simpleGrading (1 1 1)
	hex (2990 3364 3370 2988 2991 3365 3371 2989) (4 1 40.0) simpleGrading (1 1 1)
	hex (3368 2994 240 324 3369 2995 241 325) (4 4 40.0) simpleGrading (1 2 1)
	hex (3370 3368 324 322 3371 3369 325 323) (4 4 40.0) simpleGrading (1 2 1)
	hex (2988 3370 322 238 2989 3371 323 239) (4 4 40.0) simpleGrading (1 2 1)
	hex (240 242 326 324 241 243 327 325) (4 4 40.0) simpleGrading (1 1 1)
	hex (242 244 328 326 243 245 329 327) (4 4 40.0) simpleGrading (1 1 1)
	hex (244 246 330 328 245 247 331 329) (4 4 40.0) simpleGrading (1 1 1)
	hex (3094 3096 3374 3372 3095 3097 3375 3373) (4 4 40.0) simpleGrading (1 1 1)
	hex (3374 3096 3098 3376 3375 3097 3099 3377) (4 1 40.0) simpleGrading (1 1 1)
	hex (3372 3374 3376 3378 3373 3375 3377 3379) (4 1 40.0) simpleGrading (1 1 1)
	hex (3094 3372 3378 3092 3095 3373 3379 3093) (4 1 40.0) simpleGrading (1 1 1)
	hex (3376 3098 248 332 3377 3099 249 333) (4 4 40.0) simpleGrading (1 2 1)
	hex (3378 3376 332 330 3379 3377 333 331) (4 4 40.0) simpleGrading (1 2 1)
	hex (3092 3378 330 246 3093 3379 331 247) (4 4 40.0) simpleGrading (1 2 1)
	hex (248 250 334 332 249 251 335 333) (4 4 40.0) simpleGrading (1 1 1)
	hex (252 254 338 336 253 255 339 337) (4 4 40.0) simpleGrading (1 1 1)
	hex (3386 3384 2112 2110 3387 3385 2113 2111) (4 4 40.0) simpleGrading (1 1 1)
	hex (3386 2110 2108 3380 3387 2111 2109 3381) (4 1 40.0) simpleGrading (1 1 1)
	hex (3384 3386 3380 3382 3385 3387 3381 3383) (4 1 40.0) simpleGrading (1 1 1)
	hex (2112 3384 3382 2114 2113 3385 3383 2115) (4 1 40.0) simpleGrading (1 1 1)
	hex (3380 2108 338 254 3381 2109 339 255) (4 4 40.0) simpleGrading (1 2 1)
	hex (3382 3380 254 256 3383 3381 255 257) (4 4 40.0) simpleGrading (1 2 1)
	hex (2114 3382 256 340 2115 3383 257 341) (4 4 40.0) simpleGrading (1 2 1)
	hex (256 258 342 340 257 259 343 341) (4 4 40.0) simpleGrading (1 1 1)
	hex (258 260 344 342 259 261 345 343) (4 4 40.0) simpleGrading (1 1 1)
	hex (260 262 346 344 261 263 347 345) (4 4 40.0) simpleGrading (1 1 1)
	hex (3394 3392 2216 2214 3395 3393 2217 2215) (4 4 40.0) simpleGrading (1 1 1)
	hex (3394 2214 2212 3388 3395 2215 2213 3389) (4 1 40.0) simpleGrading (1 1 1)
	hex (3392 3394 3388 3390 3393 3395 3389 3391) (4 1 40.0) simpleGrading (1 1 1)
	hex (2216 3392 3390 2218 2217 3393 3391 2219) (4 1 40.0) simpleGrading (1 1 1)
	hex (3388 2212 346 262 3389 2213 347 263) (4 4 40.0) simpleGrading (1 2 1)
	hex (3390 3388 262 264 3391 3389 263 265) (4 4 40.0) simpleGrading (1 2 1)
	hex (2218 3390 264 348 2219 3391 265 349) (4 4 40.0) simpleGrading (1 2 1)
	hex (264 266 350 348 265 267 351 349) (4 4 40.0) simpleGrading (1 1 1)
	hex (266 268 352 350 267 269 353 351) (4 4 40.0) simpleGrading (1 1 1)
	hex (268 270 354 352 269 271 355 353) (4 4 40.0) simpleGrading (1 1 1)
	hex (3402 3400 2320 2318 3403 3401 2321 2319) (4 4 40.0) simpleGrading (1 1 1)
	hex (3402 2318 2316 3396 3403 2319 2317 3397) (4 1 40.0) simpleGrading (1 1 1)
	hex (3400 3402 3396 3398 3401 3403 3397 3399) (4 1 40.0) simpleGrading (1 1 1)
	hex (2320 3400 3398 2322 2321 3401 3399 2323) (4 1 40.0) simpleGrading (1 1 1)
	hex (3396 2316 354 270 3397 2317 355 271) (4 4 40.0) simpleGrading (1 2 1)
	hex (3398 3396 270 272 3399 3397 271 273) (4 4 40.0) simpleGrading (1 2 1)
	hex (2322 3398 272 356 2323 3399 273 357) (4 4 40.0) simpleGrading (1 2 1)
	hex (272 274 358 356 273 275 359 357) (4 4 40.0) simpleGrading (1 1 1)
	hex (274 276 360 358 275 277 361 359) (4 4 40.0) simpleGrading (1 1 1)
	hex (276 278 362 360 277 279 363 361) (4 4 40.0) simpleGrading (1 1 1)
	hex (3410 3408 2424 2422 3411 3409 2425 2423) (4 4 40.0) simpleGrading (1 1 1)
	hex (3410 2422 2420 3404 3411 2423 2421 3405) (4 1 40.0) simpleGrading (1 1 1)
	hex (3408 3410 3404 3406 3409 3411 3405 3407) (4 1 40.0) simpleGrading (1 1 1)
	hex (2424 3408 3406 2426 2425 3409 3407 2427) (4 1 40.0) simpleGrading (1 1 1)
	hex (3404 2420 362 278 3405 2421 363 279) (4 4 40.0) simpleGrading (1 2 1)
	hex (3406 3404 278 280 3407 3405 279 281) (4 4 40.0) simpleGrading (1 2 1)
	hex (2426 3406 280 364 2427 3407 281 365) (4 4 40.0) simpleGrading (1 2 1)
	hex (280 282 366 364 281 283 367 365) (4 4 40.0) simpleGrading (1 1 1)
	hex (282 284 368 366 283 285 369 367) (4 4 40.0) simpleGrading (1 1 1)
	hex (284 286 370 368 285 287 371 369) (4 4 40.0) simpleGrading (1 1 1)
	hex (3418 3416 2528 2526 3419 3417 2529 2527) (4 4 40.0) simpleGrading (1 1 1)
	hex (3418 2526 2524 3412 3419 2527 2525 3413) (4 1 40.0) simpleGrading (1 1 1)
	hex (3416 3418 3412 3414 3417 3419 3413 3415) (4 1 40.0) simpleGrading (1 1 1)
	hex (2528 3416 3414 2530 2529 3417 3415 2531) (4 1 40.0) simpleGrading (1 1 1)
	hex (3412 2524 370 286 3413 2525 371 287) (4 4 40.0) simpleGrading (1 2 1)
	hex (3414 3412 286 288 3415 3413 287 289) (4 4 40.0) simpleGrading (1 2 1)
	hex (2530 3414 288 372 2531 3415 289 373) (4 4 40.0) simpleGrading (1 2 1)
	hex (288 290 374 372 289 291 375 373) (4 4 40.0) simpleGrading (1 1 1)
	hex (290 292 376 374 291 293 377 375) (4 4 40.0) simpleGrading (1 1 1)
	hex (292 294 378 376 293 295 379 377) (4 4 40.0) simpleGrading (1 1 1)
	hex (3426 3424 2632 2630 3427 3425 2633 2631) (4 4 40.0) simpleGrading (1 1 1)
	hex (3426 2630 2628 3420 3427 2631 2629 3421) (4 1 40.0) simpleGrading (1 1 1)
	hex (3424 3426 3420 3422 3425 3427 3421 3423) (4 1 40.0) simpleGrading (1 1 1)
	hex (2632 3424 3422 2634 2633 3425 3423 2635) (4 1 40.0) simpleGrading (1 1 1)
	hex (3420 2628 378 294 3421 2629 379 295) (4 4 40.0) simpleGrading (1 2 1)
	hex (3422 3420 294 296 3423 3421 295 297) (4 4 40.0) simpleGrading (1 2 1)
	hex (2634 3422 296 380 2635 3423 297 381) (4 4 40.0) simpleGrading (1 2 1)
	hex (296 298 382 380 297 299 383 381) (4 4 40.0) simpleGrading (1 1 1)
	hex (298 300 384 382 299 301 385 383) (4 4 40.0) simpleGrading (1 1 1)
	hex (300 302 386 384 301 303 387 385) (4 4 40.0) simpleGrading (1 1 1)
	hex (3434 3432 2736 2734 3435 3433 2737 2735) (4 4 40.0) simpleGrading (1 1 1)
	hex (3434 2734 2732 3428 3435 2735 2733 3429) (4 1 40.0) simpleGrading (1 1 1)
	hex (3432 3434 3428 3430 3433 3435 3429 3431) (4 1 40.0) simpleGrading (1 1 1)
	hex (2736 3432 3430 2738 2737 3433 3431 2739) (4 1 40.0) simpleGrading (1 1 1)
	hex (3428 2732 386 302 3429 2733 387 303) (4 4 40.0) simpleGrading (1 2 1)
	hex (3430 3428 302 304 3431 3429 303 305) (4 4 40.0) simpleGrading (1 2 1)
	hex (2738 3430 304 388 2739 3431 305 389) (4 4 40.0) simpleGrading (1 2 1)
	hex (304 306 390 388 305 307 391 389) (4 4 40.0) simpleGrading (1 1 1)
	hex (306 308 392 390 307 309 393 391) (4 4 40.0) simpleGrading (1 1 1)
	hex (308 310 394 392 309 311 395 393) (4 4 40.0) simpleGrading (1 1 1)
	hex (3442 3440 2840 2838 3443 3441 2841 2839) (4 4 40.0) simpleGrading (1 1 1)
	hex (3442 2838 2836 3436 3443 2839 2837 3437) (4 1 40.0) simpleGrading (1 1 1)
	hex (3440 3442 3436 3438 3441 3443 3437 3439) (4 1 40.0) simpleGrading (1 1 1)
	hex (2840 3440 3438 2842 2841 3441 3439 2843) (4 1 40.0) simpleGrading (1 1 1)
	hex (3436 2836 394 310 3437 2837 395 311) (4 4 40.0) simpleGrading (1 2 1)
	hex (3438 3436 310 312 3439 3437 311 313) (4 4 40.0) simpleGrading (1 2 1)
	hex (2842 3438 312 396 2843 3439 313 397) (4 4 40.0) simpleGrading (1 2 1)
	hex (312 314 398 396 313 315 399 397) (4 4 40.0) simpleGrading (1 1 1)
	hex (314 316 400 398 315 317 401 399) (4 4 40.0) simpleGrading (1 1 1)
	hex (316 318 402 400 317 319 403 401) (4 4 40.0) simpleGrading (1 1 1)
	hex (3450 3448 2944 2942 3451 3449 2945 2943) (4 4 40.0) simpleGrading (1 1 1)
	hex (3450 2942 2940 3444 3451 2943 2941 3445) (4 1 40.0) simpleGrading (1 1 1)
	hex (3448 3450 3444 3446 3449 3451 3445 3447) (4 1 40.0) simpleGrading (1 1 1)
	hex (2944 3448 3446 2946 2945 3449 3447 2947) (4 1 40.0) simpleGrading (1 1 1)
	hex (3444 2940 402 318 3445 2941 403 319) (4 4 40.0) simpleGrading (1 2 1)
	hex (3446 3444 318 320 3447 3445 319 321) (4 4 40.0) simpleGrading (1 2 1)
	hex (2946 3446 320 404 2947 3447 321 405) (4 4 40.0) simpleGrading (1 2 1)
	hex (320 322 406 404 321 323 407 405) (4 4 40.0) simpleGrading (1 1 1)
	hex (322 324 408 406 323 325 409 407) (4 4 40.0) simpleGrading (1 1 1)
	hex (324 326 410 408 325 327 411 409) (4 4 40.0) simpleGrading (1 1 1)
	hex (3458 3456 3048 3046 3459 3457 3049 3047) (4 4 40.0) simpleGrading (1 1 1)
	hex (3458 3046 3044 3452 3459 3047 3045 3453) (4 1 40.0) simpleGrading (1 1 1)
	hex (3456 3458 3452 3454 3457 3459 3453 3455) (4 1 40.0) simpleGrading (1 1 1)
	hex (3048 3456 3454 3050 3049 3457 3455 3051) (4 1 40.0) simpleGrading (1 1 1)
	hex (3452 3044 410 326 3453 3045 411 327) (4 4 40.0) simpleGrading (1 2 1)
	hex (3454 3452 326 328 3455 3453 327 329) (4 4 40.0) simpleGrading (1 2 1)
	hex (3050 3454 328 412 3051 3455 329 413) (4 4 40.0) simpleGrading (1 2 1)
	hex (328 330 414 412 329 331 415 413) (4 4 40.0) simpleGrading (1 1 1)
	hex (330 332 416 414 331 333 417 415) (4 4 40.0) simpleGrading (1 1 1)
	hex (332 334 418 416 333 335 419 417) (4 4 40.0) simpleGrading (1 1 1)
	hex (336 338 422 420 337 339 423 421) (4 4 40.0) simpleGrading (1 1 1)
	hex (2110 2112 3462 3460 2111 2113 3463 3461) (4 4 40.0) simpleGrading (1 1 1)
	hex (3462 2112 2114 3464 3463 2113 2115 3465) (4 1 40.0) simpleGrading (1 1 1)
	hex (3460 3462 3464 3466 3461 3463 3465 3467) (4 1 40.0) simpleGrading (1 1 1)
	hex (2110 3460 3466 2108 2111 3461 3467 2109) (4 1 40.0) simpleGrading (1 1 1)
	hex (3464 2114 340 424 3465 2115 341 425) (4 4 40.0) simpleGrading (1 2 1)
	hex (3466 3464 424 422 3467 3465 425 423) (4 4 40.0) simpleGrading (1 2 1)
	hex (2108 3466 422 338 2109 3467 423 339) (4 4 40.0) simpleGrading (1 2 1)
	hex (340 342 426 424 341 343 427 425) (4 4 40.0) simpleGrading (1 1 1)
	hex (342 344 428 426 343 345 429 427) (4 4 40.0) simpleGrading (1 1 1)
	hex (344 346 430 428 345 347 431 429) (4 4 40.0) simpleGrading (1 1 1)
	hex (2214 2216 3470 3468 2215 2217 3471 3469) (4 4 40.0) simpleGrading (1 1 1)
	hex (3470 2216 2218 3472 3471 2217 2219 3473) (4 1 40.0) simpleGrading (1 1 1)
	hex (3468 3470 3472 3474 3469 3471 3473 3475) (4 1 40.0) simpleGrading (1 1 1)
	hex (2214 3468 3474 2212 2215 3469 3475 2213) (4 1 40.0) simpleGrading (1 1 1)
	hex (3472 2218 348 432 3473 2219 349 433) (4 4 40.0) simpleGrading (1 2 1)
	hex (3474 3472 432 430 3475 3473 433 431) (4 4 40.0) simpleGrading (1 2 1)
	hex (2212 3474 430 346 2213 3475 431 347) (4 4 40.0) simpleGrading (1 2 1)
	hex (348 350 434 432 349 351 435 433) (4 4 40.0) simpleGrading (1 1 1)
	hex (350 352 436 434 351 353 437 435) (4 4 40.0) simpleGrading (1 1 1)
	hex (352 354 438 436 353 355 439 437) (4 4 40.0) simpleGrading (1 1 1)
	hex (2318 2320 3478 3476 2319 2321 3479 3477) (4 4 40.0) simpleGrading (1 1 1)
	hex (3478 2320 2322 3480 3479 2321 2323 3481) (4 1 40.0) simpleGrading (1 1 1)
	hex (3476 3478 3480 3482 3477 3479 3481 3483) (4 1 40.0) simpleGrading (1 1 1)
	hex (2318 3476 3482 2316 2319 3477 3483 2317) (4 1 40.0) simpleGrading (1 1 1)
	hex (3480 2322 356 440 3481 2323 357 441) (4 4 40.0) simpleGrading (1 2 1)
	hex (3482 3480 440 438 3483 3481 441 439) (4 4 40.0) simpleGrading (1 2 1)
	hex (2316 3482 438 354 2317 3483 439 355) (4 4 40.0) simpleGrading (1 2 1)
	hex (356 358 442 440 357 359 443 441) (4 4 40.0) simpleGrading (1 1 1)
	hex (358 360 444 442 359 361 445 443) (4 4 40.0) simpleGrading (1 1 1)
	hex (360 362 446 444 361 363 447 445) (4 4 40.0) simpleGrading (1 1 1)
	hex (2422 2424 3486 3484 2423 2425 3487 3485) (4 4 40.0) simpleGrading (1 1 1)
	hex (3486 2424 2426 3488 3487 2425 2427 3489) (4 1 40.0) simpleGrading (1 1 1)
	hex (3484 3486 3488 3490 3485 3487 3489 3491) (4 1 40.0) simpleGrading (1 1 1)
	hex (2422 3484 3490 2420 2423 3485 3491 2421) (4 1 40.0) simpleGrading (1 1 1)
	hex (3488 2426 364 448 3489 2427 365 449) (4 4 40.0) simpleGrading (1 2 1)
	hex (3490 3488 448 446 3491 3489 449 447) (4 4 40.0) simpleGrading (1 2 1)
	hex (2420 3490 446 362 2421 3491 447 363) (4 4 40.0) simpleGrading (1 2 1)
	hex (364 366 450 448 365 367 451 449) (4 4 40.0) simpleGrading (1 1 1)
	hex (366 368 452 450 367 369 453 451) (4 4 40.0) simpleGrading (1 1 1)
	hex (368 370 454 452 369 371 455 453) (4 4 40.0) simpleGrading (1 1 1)
	hex (2526 2528 3494 3492 2527 2529 3495 3493) (4 4 40.0) simpleGrading (1 1 1)
	hex (3494 2528 2530 3496 3495 2529 2531 3497) (4 1 40.0) simpleGrading (1 1 1)
	hex (3492 3494 3496 3498 3493 3495 3497 3499) (4 1 40.0) simpleGrading (1 1 1)
	hex (2526 3492 3498 2524 2527 3493 3499 2525) (4 1 40.0) simpleGrading (1 1 1)
	hex (3496 2530 372 456 3497 2531 373 457) (4 4 40.0) simpleGrading (1 2 1)
	hex (3498 3496 456 454 3499 3497 457 455) (4 4 40.0) simpleGrading (1 2 1)
	hex (2524 3498 454 370 2525 3499 455 371) (4 4 40.0) simpleGrading (1 2 1)
	hex (372 374 458 456 373 375 459 457) (4 4 40.0) simpleGrading (1 1 1)
	hex (374 376 460 458 375 377 461 459) (4 4 40.0) simpleGrading (1 1 1)
	hex (376 378 462 460 377 379 463 461) (4 4 40.0) simpleGrading (1 1 1)
	hex (2630 2632 3502 3500 2631 2633 3503 3501) (4 4 40.0) simpleGrading (1 1 1)
	hex (3502 2632 2634 3504 3503 2633 2635 3505) (4 1 40.0) simpleGrading (1 1 1)
	hex (3500 3502 3504 3506 3501 3503 3505 3507) (4 1 40.0) simpleGrading (1 1 1)
	hex (2630 3500 3506 2628 2631 3501 3507 2629) (4 1 40.0) simpleGrading (1 1 1)
	hex (3504 2634 380 464 3505 2635 381 465) (4 4 40.0) simpleGrading (1 2 1)
	hex (3506 3504 464 462 3507 3505 465 463) (4 4 40.0) simpleGrading (1 2 1)
	hex (2628 3506 462 378 2629 3507 463 379) (4 4 40.0) simpleGrading (1 2 1)
	hex (380 382 466 464 381 383 467 465) (4 4 40.0) simpleGrading (1 1 1)
	hex (382 384 468 466 383 385 469 467) (4 4 40.0) simpleGrading (1 1 1)
	hex (384 386 470 468 385 387 471 469) (4 4 40.0) simpleGrading (1 1 1)
	hex (2734 2736 3510 3508 2735 2737 3511 3509) (4 4 40.0) simpleGrading (1 1 1)
	hex (3510 2736 2738 3512 3511 2737 2739 3513) (4 1 40.0) simpleGrading (1 1 1)
	hex (3508 3510 3512 3514 3509 3511 3513 3515) (4 1 40.0) simpleGrading (1 1 1)
	hex (2734 3508 3514 2732 2735 3509 3515 2733) (4 1 40.0) simpleGrading (1 1 1)
	hex (3512 2738 388 472 3513 2739 389 473) (4 4 40.0) simpleGrading (1 2 1)
	hex (3514 3512 472 470 3515 3513 473 471) (4 4 40.0) simpleGrading (1 2 1)
	hex (2732 3514 470 386 2733 3515 471 387) (4 4 40.0) simpleGrading (1 2 1)
	hex (388 390 474 472 389 391 475 473) (4 4 40.0) simpleGrading (1 1 1)
	hex (390 392 476 474 391 393 477 475) (4 4 40.0) simpleGrading (1 1 1)
	hex (392 394 478 476 393 395 479 477) (4 4 40.0) simpleGrading (1 1 1)
	hex (2838 2840 3518 3516 2839 2841 3519 3517) (4 4 40.0) simpleGrading (1 1 1)
	hex (3518 2840 2842 3520 3519 2841 2843 3521) (4 1 40.0) simpleGrading (1 1 1)
	hex (3516 3518 3520 3522 3517 3519 3521 3523) (4 1 40.0) simpleGrading (1 1 1)
	hex (2838 3516 3522 2836 2839 3517 3523 2837) (4 1 40.0) simpleGrading (1 1 1)
	hex (3520 2842 396 480 3521 2843 397 481) (4 4 40.0) simpleGrading (1 2 1)
	hex (3522 3520 480 478 3523 3521 481 479) (4 4 40.0) simpleGrading (1 2 1)
	hex (2836 3522 478 394 2837 3523 479 395) (4 4 40.0) simpleGrading (1 2 1)
	hex (396 398 482 480 397 399 483 481) (4 4 40.0) simpleGrading (1 1 1)
	hex (398 400 484 482 399 401 485 483) (4 4 40.0) simpleGrading (1 1 1)
	hex (400 402 486 484 401 403 487 485) (4 4 40.0) simpleGrading (1 1 1)
	hex (2942 2944 3526 3524 2943 2945 3527 3525) (4 4 40.0) simpleGrading (1 1 1)
	hex (3526 2944 2946 3528 3527 2945 2947 3529) (4 1 40.0) simpleGrading (1 1 1)
	hex (3524 3526 3528 3530 3525 3527 3529 3531) (4 1 40.0) simpleGrading (1 1 1)
	hex (2942 3524 3530 2940 2943 3525 3531 2941) (4 1 40.0) simpleGrading (1 1 1)
	hex (3528 2946 404 488 3529 2947 405 489) (4 4 40.0) simpleGrading (1 2 1)
	hex (3530 3528 488 486 3531 3529 489 487) (4 4 40.0) simpleGrading (1 2 1)
	hex (2940 3530 486 402 2941 3531 487 403) (4 4 40.0) simpleGrading (1 2 1)
	hex (404 406 490 488 405 407 491 489) (4 4 40.0) simpleGrading (1 1 1)
	hex (406 408 492 490 407 409 493 491) (4 4 40.0) simpleGrading (1 1 1)
	hex (408 410 494 492 409 411 495 493) (4 4 40.0) simpleGrading (1 1 1)
	hex (3046 3048 3534 3532 3047 3049 3535 3533) (4 4 40.0) simpleGrading (1 1 1)
	hex (3534 3048 3050 3536 3535 3049 3051 3537) (4 1 40.0) simpleGrading (1 1 1)
	hex (3532 3534 3536 3538 3533 3535 3537 3539) (4 1 40.0) simpleGrading (1 1 1)
	hex (3046 3532 3538 3044 3047 3533 3539 3045) (4 1 40.0) simpleGrading (1 1 1)
	hex (3536 3050 412 496 3537 3051 413 497) (4 4 40.0) simpleGrading (1 2 1)
	hex (3538 3536 496 494 3539 3537 497 495) (4 4 40.0) simpleGrading (1 2 1)
	hex (3044 3538 494 410 3045 3539 495 411) (4 4 40.0) simpleGrading (1 2 1)
	hex (412 414 498 496 413 415 499 497) (4 4 40.0) simpleGrading (1 1 1)
	hex (414 416 500 498 415 417 501 499) (4 4 40.0) simpleGrading (1 1 1)
	hex (416 418 502 500 417 419 503 501) (4 4 40.0) simpleGrading (1 1 1)
	hex (420 422 506 504 421 423 507 505) (4 4 40.0) simpleGrading (1 1 1)
	hex (422 424 508 506 423 425 509 507) (4 4 40.0) simpleGrading (1 1 1)
	hex (424 426 510 508 425 427 511 509) (4 4 40.0) simpleGrading (1 1 1)
	hex (3546 3544 2168 2166 3547 3545 2169 2167) (4 4 40.0) simpleGrading (1 1 1)
	hex (3546 2166 2164 3540 3547 2167 2165 3541) (4 1 40.0) simpleGrading (1 1 1)
	hex (3544 3546 3540 3542 3545 3547 3541 3543) (4 1 40.0) simpleGrading (1 1 1)
	hex (2168 3544 3542 2170 2169 3545 3543 2171) (4 1 40.0) simpleGrading (1 1 1)
	hex (3540 2164 510 426 3541 2165 511 427) (4 4 40.0) simpleGrading (1 2 1)
	hex (3542 3540 426 428 3543 3541 427 429) (4 4 40.0) simpleGrading (1 2 1)
	hex (2170 3542 428 512 2171 3543 429 513) (4 4 40.0) simpleGrading (1 2 1)
	hex (428 430 514 512 429 431 515 513) (4 4 40.0) simpleGrading (1 1 1)
	hex (430 432 516 514 431 433 517 515) (4 4 40.0) simpleGrading (1 1 1)
	hex (432 434 518 516 433 435 519 517) (4 4 40.0) simpleGrading (1 1 1)
	hex (3554 3552 2272 2270 3555 3553 2273 2271) (4 4 40.0) simpleGrading (1 1 1)
	hex (3554 2270 2268 3548 3555 2271 2269 3549) (4 1 40.0) simpleGrading (1 1 1)
	hex (3552 3554 3548 3550 3553 3555 3549 3551) (4 1 40.0) simpleGrading (1 1 1)
	hex (2272 3552 3550 2274 2273 3553 3551 2275) (4 1 40.0) simpleGrading (1 1 1)
	hex (3548 2268 518 434 3549 2269 519 435) (4 4 40.0) simpleGrading (1 2 1)
	hex (3550 3548 434 436 3551 3549 435 437) (4 4 40.0) simpleGrading (1 2 1)
	hex (2274 3550 436 520 2275 3551 437 521) (4 4 40.0) simpleGrading (1 2 1)
	hex (436 438 522 520 437 439 523 521) (4 4 40.0) simpleGrading (1 1 1)
	hex (438 440 524 522 439 441 525 523) (4 4 40.0) simpleGrading (1 1 1)
	hex (440 442 526 524 441 443 527 525) (4 4 40.0) simpleGrading (1 1 1)
	hex (3562 3560 2376 2374 3563 3561 2377 2375) (4 4 40.0) simpleGrading (1 1 1)
	hex (3562 2374 2372 3556 3563 2375 2373 3557) (4 1 40.0) simpleGrading (1 1 1)
	hex (3560 3562 3556 3558 3561 3563 3557 3559) (4 1 40.0) simpleGrading (1 1 1)
	hex (2376 3560 3558 2378 2377 3561 3559 2379) (4 1 40.0) simpleGrading (1 1 1)
	hex (3556 2372 526 442 3557 2373 527 443) (4 4 40.0) simpleGrading (1 2 1)
	hex (3558 3556 442 444 3559 3557 443 445) (4 4 40.0) simpleGrading (1 2 1)
	hex (2378 3558 444 528 2379 3559 445 529) (4 4 40.0) simpleGrading (1 2 1)
	hex (444 446 530 528 445 447 531 529) (4 4 40.0) simpleGrading (1 1 1)
	hex (446 448 532 530 447 449 533 531) (4 4 40.0) simpleGrading (1 1 1)
	hex (448 450 534 532 449 451 535 533) (4 4 40.0) simpleGrading (1 1 1)
	hex (3570 3568 2480 2478 3571 3569 2481 2479) (4 4 40.0) simpleGrading (1 1 1)
	hex (3570 2478 2476 3564 3571 2479 2477 3565) (4 1 40.0) simpleGrading (1 1 1)
	hex (3568 3570 3564 3566 3569 3571 3565 3567) (4 1 40.0) simpleGrading (1 1 1)
	hex (2480 3568 3566 2482 2481 3569 3567 2483) (4 1 40.0) simpleGrading (1 1 1)
	hex (3564 2476 534 450 3565 2477 535 451) (4 4 40.0) simpleGrading (1 2 1)
	hex (3566 3564 450 452 3567 3565 451 453) (4 4 40.0) simpleGrading (1 2 1)
	hex (2482 3566 452 536 2483 3567 453 537) (4 4 40.0) simpleGrading (1 2 1)
	hex (452 454 538 536 453 455 539 537) (4 4 40.0) simpleGrading (1 1 1)
	hex (454 456 540 538 455 457 541 539) (4 4 40.0) simpleGrading (1 1 1)
	hex (456 458 542 540 457 459 543 541) (4 4 40.0) simpleGrading (1 1 1)
	hex (3578 3576 2584 2582 3579 3577 2585 2583) (4 4 40.0) simpleGrading (1 1 1)
	hex (3578 2582 2580 3572 3579 2583 2581 3573) (4 1 40.0) simpleGrading (1 1 1)
	hex (3576 3578 3572 3574 3577 3579 3573 3575) (4 1 40.0) simpleGrading (1 1 1)
	hex (2584 3576 3574 2586 2585 3577 3575 2587) (4 1 40.0) simpleGrading (1 1 1)
	hex (3572 2580 542 458 3573 2581 543 459) (4 4 40.0) simpleGrading (1 2 1)
	hex (3574 3572 458 460 3575 3573 459 461) (4 4 40.0) simpleGrading (1 2 1)
	hex (2586 3574 460 544 2587 3575 461 545) (4 4 40.0) simpleGrading (1 2 1)
	hex (460 462 546 544 461 463 547 545) (4 4 40.0) simpleGrading (1 1 1)
	hex (462 464 548 546 463 465 549 547) (4 4 40.0) simpleGrading (1 1 1)
	hex (464 466 550 548 465 467 551 549) (4 4 40.0) simpleGrading (1 1 1)
	hex (3586 3584 2688 2686 3587 3585 2689 2687) (4 4 40.0) simpleGrading (1 1 1)
	hex (3586 2686 2684 3580 3587 2687 2685 3581) (4 1 40.0) simpleGrading (1 1 1)
	hex (3584 3586 3580 3582 3585 3587 3581 3583) (4 1 40.0) simpleGrading (1 1 1)
	hex (2688 3584 3582 2690 2689 3585 3583 2691) (4 1 40.0) simpleGrading (1 1 1)
	hex (3580 2684 550 466 3581 2685 551 467) (4 4 40.0) simpleGrading (1 2 1)
	hex (3582 3580 466 468 3583 3581 467 469) (4 4 40.0) simpleGrading (1 2 1)
	hex (2690 3582 468 552 2691 3583 469 553) (4 4 40.0) simpleGrading (1 2 1)
	hex (468 470 554 552 469 471 555 553) (4 4 40.0) simpleGrading (1 1 1)
	hex (470 472 556 554 471 473 557 555) (4 4 40.0) simpleGrading (1 1 1)
	hex (472 474 558 556 473 475 559 557) (4 4 40.0) simpleGrading (1 1 1)
	hex (3594 3592 2792 2790 3595 3593 2793 2791) (4 4 40.0) simpleGrading (1 1 1)
	hex (3594 2790 2788 3588 3595 2791 2789 3589) (4 1 40.0) simpleGrading (1 1 1)
	hex (3592 3594 3588 3590 3593 3595 3589 3591) (4 1 40.0) simpleGrading (1 1 1)
	hex (2792 3592 3590 2794 2793 3593 3591 2795) (4 1 40.0) simpleGrading (1 1 1)
	hex (3588 2788 558 474 3589 2789 559 475) (4 4 40.0) simpleGrading (1 2 1)
	hex (3590 3588 474 476 3591 3589 475 477) (4 4 40.0) simpleGrading (1 2 1)
	hex (2794 3590 476 560 2795 3591 477 561) (4 4 40.0) simpleGrading (1 2 1)
	hex (476 478 562 560 477 479 563 561) (4 4 40.0) simpleGrading (1 1 1)
	hex (478 480 564 562 479 481 565 563) (4 4 40.0) simpleGrading (1 1 1)
	hex (480 482 566 564 481 483 567 565) (4 4 40.0) simpleGrading (1 1 1)
	hex (3602 3600 2896 2894 3603 3601 2897 2895) (4 4 40.0) simpleGrading (1 1 1)
	hex (3602 2894 2892 3596 3603 2895 2893 3597) (4 1 40.0) simpleGrading (1 1 1)
	hex (3600 3602 3596 3598 3601 3603 3597 3599) (4 1 40.0) simpleGrading (1 1 1)
	hex (2896 3600 3598 2898 2897 3601 3599 2899) (4 1 40.0) simpleGrading (1 1 1)
	hex (3596 2892 566 482 3597 2893 567 483) (4 4 40.0) simpleGrading (1 2 1)
	hex (3598 3596 482 484 3599 3597 483 485) (4 4 40.0) simpleGrading (1 2 1)
	hex (2898 3598 484 568 2899 3599 485 569) (4 4 40.0) simpleGrading (1 2 1)
	hex (484 486 570 568 485 487 571 569) (4 4 40.0) simpleGrading (1 1 1)
	hex (486 488 572 570 487 489 573 571) (4 4 40.0) simpleGrading (1 1 1)
	hex (488 490 574 572 489 491 575 573) (4 4 40.0) simpleGrading (1 1 1)
	hex (3610 3608 3000 2998 3611 3609 3001 2999) (4 4 40.0) simpleGrading (1 1 1)
	hex (3610 2998 2996 3604 3611 2999 2997 3605) (4 1 40.0) simpleGrading (1 1 1)
	hex (3608 3610 3604 3606 3609 3611 3605 3607) (4 1 40.0) simpleGrading (1 1 1)
	hex (3000 3608 3606 3002 3001 3609 3607 3003) (4 1 40.0) simpleGrading (1 1 1)
	hex (3604 2996 574 490 3605 2997 575 491) (4 4 40.0) simpleGrading (1 2 1)
	hex (3606 3604 490 492 3607 3605 491 493) (4 4 40.0) simpleGrading (1 2 1)
	hex (3002 3606 492 576 3003 3607 493 577) (4 4 40.0) simpleGrading (1 2 1)
	hex (492 494 578 576 493 495 579 577) (4 4 40.0) simpleGrading (1 1 1)
	hex (494 496 580 578 495 497 581 579) (4 4 40.0) simpleGrading (1 1 1)
	hex (496 498 582 580 497 499 583 581) (4 4 40.0) simpleGrading (1 1 1)
	hex (3618 3616 3104 3102 3619 3617 3105 3103) (4 4 40.0) simpleGrading (1 1 1)
	hex (3618 3102 3100 3612 3619 3103 3101 3613) (4 1 40.0) simpleGrading (1 1 1)
	hex (3616 3618 3612 3614 3617 3619 3613 3615) (4 1 40.0) simpleGrading (1 1 1)
	hex (3104 3616 3614 3106 3105 3617 3615 3107) (4 1 40.0) simpleGrading (1 1 1)
	hex (3612 3100 582 498 3613 3101 583 499) (4 4 40.0) simpleGrading (1 2 1)
	hex (3614 3612 498 500 3615 3613 499 501) (4 4 40.0) simpleGrading (1 2 1)
	hex (3106 3614 500 584 3107 3615 501 585) (4 4 40.0) simpleGrading (1 2 1)
	hex (500 502 586 584 501 503 587 585) (4 4 40.0) simpleGrading (1 1 1)
	hex (504 506 590 588 505 507 591 589) (4 4 40.0) simpleGrading (1 1 1)
	hex (506 508 592 590 507 509 593 591) (4 4 40.0) simpleGrading (1 1 1)
	hex (508 510 594 592 509 511 595 593) (4 4 40.0) simpleGrading (1 1 1)
	hex (2166 2168 3622 3620 2167 2169 3623 3621) (4 4 40.0) simpleGrading (1 1 1)
	hex (3622 2168 2170 3624 3623 2169 2171 3625) (4 1 40.0) simpleGrading (1 1 1)
	hex (3620 3622 3624 3626 3621 3623 3625 3627) (4 1 40.0) simpleGrading (1 1 1)
	hex (2166 3620 3626 2164 2167 3621 3627 2165) (4 1 40.0) simpleGrading (1 1 1)
	hex (3624 2170 512 596 3625 2171 513 597) (4 4 40.0) simpleGrading (1 2 1)
	hex (3626 3624 596 594 3627 3625 597 595) (4 4 40.0) simpleGrading (1 2 1)
	hex (2164 3626 594 510 2165 3627 595 511) (4 4 40.0) simpleGrading (1 2 1)
	hex (512 514 598 596 513 515 599 597) (4 4 40.0) simpleGrading (1 1 1)
	hex (514 516 600 598 515 517 601 599) (4 4 40.0) simpleGrading (1 1 1)
	hex (516 518 602 600 517 519 603 601) (4 4 40.0) simpleGrading (1 1 1)
	hex (2270 2272 3630 3628 2271 2273 3631 3629) (4 4 40.0) simpleGrading (1 1 1)
	hex (3630 2272 2274 3632 3631 2273 2275 3633) (4 1 40.0) simpleGrading (1 1 1)
	hex (3628 3630 3632 3634 3629 3631 3633 3635) (4 1 40.0) simpleGrading (1 1 1)
	hex (2270 3628 3634 2268 2271 3629 3635 2269) (4 1 40.0) simpleGrading (1 1 1)
	hex (3632 2274 520 604 3633 2275 521 605) (4 4 40.0) simpleGrading (1 2 1)
	hex (3634 3632 604 602 3635 3633 605 603) (4 4 40.0) simpleGrading (1 2 1)
	hex (2268 3634 602 518 2269 3635 603 519) (4 4 40.0) simpleGrading (1 2 1)
	hex (520 522 606 604 521 523 607 605) (4 4 40.0) simpleGrading (1 1 1)
	hex (522 524 608 606 523 525 609 607) (4 4 40.0) simpleGrading (1 1 1)
	hex (524 526 610 608 525 527 611 609) (4 4 40.0) simpleGrading (1 1 1)
	hex (2374 2376 3638 3636 2375 2377 3639 3637) (4 4 40.0) simpleGrading (1 1 1)
	hex (3638 2376 2378 3640 3639 2377 2379 3641) (4 1 40.0) simpleGrading (1 1 1)
	hex (3636 3638 3640 3642 3637 3639 3641 3643) (4 1 40.0) simpleGrading (1 1 1)
	hex (2374 3636 3642 2372 2375 3637 3643 2373) (4 1 40.0) simpleGrading (1 1 1)
	hex (3640 2378 528 612 3641 2379 529 613) (4 4 40.0) simpleGrading (1 2 1)
	hex (3642 3640 612 610 3643 3641 613 611) (4 4 40.0) simpleGrading (1 2 1)
	hex (2372 3642 610 526 2373 3643 611 527) (4 4 40.0) simpleGrading (1 2 1)
	hex (528 530 614 612 529 531 615 613) (4 4 40.0) simpleGrading (1 1 1)
	hex (530 532 616 614 531 533 617 615) (4 4 40.0) simpleGrading (1 1 1)
	hex (532 534 618 616 533 535 619 617) (4 4 40.0) simpleGrading (1 1 1)
	hex (2478 2480 3646 3644 2479 2481 3647 3645) (4 4 40.0) simpleGrading (1 1 1)
	hex (3646 2480 2482 3648 3647 2481 2483 3649) (4 1 40.0) simpleGrading (1 1 1)
	hex (3644 3646 3648 3650 3645 3647 3649 3651) (4 1 40.0) simpleGrading (1 1 1)
	hex (2478 3644 3650 2476 2479 3645 3651 2477) (4 1 40.0) simpleGrading (1 1 1)
	hex (3648 2482 536 620 3649 2483 537 621) (4 4 40.0) simpleGrading (1 2 1)
	hex (3650 3648 620 618 3651 3649 621 619) (4 4 40.0) simpleGrading (1 2 1)
	hex (2476 3650 618 534 2477 3651 619 535) (4 4 40.0) simpleGrading (1 2 1)
	hex (536 538 622 620 537 539 623 621) (4 4 40.0) simpleGrading (1 1 1)
	hex (538 540 624 622 539 541 625 623) (4 4 40.0) simpleGrading (1 1 1)
	hex (540 542 626 624 541 543 627 625) (4 4 40.0) simpleGrading (1 1 1)
	hex (2582 2584 3654 3652 2583 2585 3655 3653) (4 4 40.0) simpleGrading (1 1 1)
	hex (3654 2584 2586 3656 3655 2585 2587 3657) (4 1 40.0) simpleGrading (1 1 1)
	hex (3652 3654 3656 3658 3653 3655 3657 3659) (4 1 40.0) simpleGrading (1 1 1)
	hex (2582 3652 3658 2580 2583 3653 3659 2581) (4 1 40.0) simpleGrading (1 1 1)
	hex (3656 2586 544 628 3657 2587 545 629) (4 4 40.0) simpleGrading (1 2 1)
	hex (3658 3656 628 626 3659 3657 629 627) (4 4 40.0) simpleGrading (1 2 1)
	hex (2580 3658 626 542 2581 3659 627 543) (4 4 40.0) simpleGrading (1 2 1)
	hex (544 546 630 628 545 547 631 629) (4 4 40.0) simpleGrading (1 1 1)
	hex (546 548 632 630 547 549 633 631) (4 4 40.0) simpleGrading (1 1 1)
	hex (548 550 634 632 549 551 635 633) (4 4 40.0) simpleGrading (1 1 1)
	hex (2686 2688 3662 3660 2687 2689 3663 3661) (4 4 40.0) simpleGrading (1 1 1)
	hex (3662 2688 2690 3664 3663 2689 2691 3665) (4 1 40.0) simpleGrading (1 1 1)
	hex (3660 3662 3664 3666 3661 3663 3665 3667) (4 1 40.0) simpleGrading (1 1 1)
	hex (2686 3660 3666 2684 2687 3661 3667 2685) (4 1 40.0) simpleGrading (1 1 1)
	hex (3664 2690 552 636 3665 2691 553 637) (4 4 40.0) simpleGrading (1 2 1)
	hex (3666 3664 636 634 3667 3665 637 635) (4 4 40.0) simpleGrading (1 2 1)
	hex (2684 3666 634 550 2685 3667 635 551) (4 4 40.0) simpleGrading (1 2 1)
	hex (552 554 638 636 553 555 639 637) (4 4 40.0) simpleGrading (1 1 1)
	hex (554 556 640 638 555 557 641 639) (4 4 40.0) simpleGrading (1 1 1)
	hex (556 558 642 640 557 559 643 641) (4 4 40.0) simpleGrading (1 1 1)
	hex (2790 2792 3670 3668 2791 2793 3671 3669) (4 4 40.0) simpleGrading (1 1 1)
	hex (3670 2792 2794 3672 3671 2793 2795 3673) (4 1 40.0) simpleGrading (1 1 1)
	hex (3668 3670 3672 3674 3669 3671 3673 3675) (4 1 40.0) simpleGrading (1 1 1)
	hex (2790 3668 3674 2788 2791 3669 3675 2789) (4 1 40.0) simpleGrading (1 1 1)
	hex (3672 2794 560 644 3673 2795 561 645) (4 4 40.0) simpleGrading (1 2 1)
	hex (3674 3672 644 642 3675 3673 645 643) (4 4 40.0) simpleGrading (1 2 1)
	hex (2788 3674 642 558 2789 3675 643 559) (4 4 40.0) simpleGrading (1 2 1)
	hex (560 562 646 644 561 563 647 645) (4 4 40.0) simpleGrading (1 1 1)
	hex (562 564 648 646 563 565 649 647) (4 4 40.0) simpleGrading (1 1 1)
	hex (564 566 650 648 565 567 651 649) (4 4 40.0) simpleGrading (1 1 1)
	hex (2894 2896 3678 3676 2895 2897 3679 3677) (4 4 40.0) simpleGrading (1 1 1)
	hex (3678 2896 2898 3680 3679 2897 2899 3681) (4 1 40.0) simpleGrading (1 1 1)
	hex (3676 3678 3680 3682 3677 3679 3681 3683) (4 1 40.0) simpleGrading (1 1 1)
	hex (2894 3676 3682 2892 2895 3677 3683 2893) (4 1 40.0) simpleGrading (1 1 1)
	hex (3680 2898 568 652 3681 2899 569 653) (4 4 40.0) simpleGrading (1 2 1)
	hex (3682 3680 652 650 3683 3681 653 651) (4 4 40.0) simpleGrading (1 2 1)
	hex (2892 3682 650 566 2893 3683 651 567) (4 4 40.0) simpleGrading (1 2 1)
	hex (568 570 654 652 569 571 655 653) (4 4 40.0) simpleGrading (1 1 1)
	hex (570 572 656 654 571 573 657 655) (4 4 40.0) simpleGrading (1 1 1)
	hex (572 574 658 656 573 575 659 657) (4 4 40.0) simpleGrading (1 1 1)
	hex (2998 3000 3686 3684 2999 3001 3687 3685) (4 4 40.0) simpleGrading (1 1 1)
	hex (3686 3000 3002 3688 3687 3001 3003 3689) (4 1 40.0) simpleGrading (1 1 1)
	hex (3684 3686 3688 3690 3685 3687 3689 3691) (4 1 40.0) simpleGrading (1 1 1)
	hex (2998 3684 3690 2996 2999 3685 3691 2997) (4 1 40.0) simpleGrading (1 1 1)
	hex (3688 3002 576 660 3689 3003 577 661) (4 4 40.0) simpleGrading (1 2 1)
	hex (3690 3688 660 658 3691 3689 661 659) (4 4 40.0) simpleGrading (1 2 1)
	hex (2996 3690 658 574 2997 3691 659 575) (4 4 40.0) simpleGrading (1 2 1)
	hex (576 578 662 660 577 579 663 661) (4 4 40.0) simpleGrading (1 1 1)
	hex (578 580 664 662 579 581 665 663) (4 4 40.0) simpleGrading (1 1 1)
	hex (580 582 666 664 581 583 667 665) (4 4 40.0) simpleGrading (1 1 1)
	hex (3102 3104 3694 3692 3103 3105 3695 3693) (4 4 40.0) simpleGrading (1 1 1)
	hex (3694 3104 3106 3696 3695 3105 3107 3697) (4 1 40.0) simpleGrading (1 1 1)
	hex (3692 3694 3696 3698 3693 3695 3697 3699) (4 1 40.0) simpleGrading (1 1 1)
	hex (3102 3692 3698 3100 3103 3693 3699 3101) (4 1 40.0) simpleGrading (1 1 1)
	hex (3696 3106 584 668 3697 3107 585 669) (4 4 40.0) simpleGrading (1 2 1)
	hex (3698 3696 668 666 3699 3697 669 667) (4 4 40.0) simpleGrading (1 2 1)
	hex (3100 3698 666 582 3101 3699 667 583) (4 4 40.0) simpleGrading (1 2 1)
	hex (584 586 670 668 585 587 671 669) (4 4 40.0) simpleGrading (1 1 1)
	hex (588 590 674 672 589 591 675 673) (4 4 40.0) simpleGrading (1 1 1)
	hex (3706 3704 2120 2118 3707 3705 2121 2119) (4 4 40.0) simpleGrading (1 1 1)
	hex (3706 2118 2116 3700 3707 2119 2117 3701) (4 1 40.0) simpleGrading (1 1 1)
	hex (3704 3706 3700 3702 3705 3707 3701 3703) (4 1 40.0) simpleGrading (1 1 1)
	hex (2120 3704 3702 2122 2121 3705 3703 2123) (4 1 40.0) simpleGrading (1 1 1)
	hex (3700 2116 674 590 3701 2117 675 591) (4 4 40.0) simpleGrading (1 2 1)
	hex (3702 3700 590 592 3703 3701 591 593) (4 4 40.0) simpleGrading (1 2 1)
	hex (2122 3702 592 676 2123 3703 593 677) (4 4 40.0) simpleGrading (1 2 1)
	hex (592 594 678 676 593 595 679 677) (4 4 40.0) simpleGrading (1 1 1)
	hex (594 596 680 678 595 597 681 679) (4 4 40.0) simpleGrading (1 1 1)
	hex (596 598 682 680 597 599 683 681) (4 4 40.0) simpleGrading (1 1 1)
	hex (3714 3712 2224 2222 3715 3713 2225 2223) (4 4 40.0) simpleGrading (1 1 1)
	hex (3714 2222 2220 3708 3715 2223 2221 3709) (4 1 40.0) simpleGrading (1 1 1)
	hex (3712 3714 3708 3710 3713 3715 3709 3711) (4 1 40.0) simpleGrading (1 1 1)
	hex (2224 3712 3710 2226 2225 3713 3711 2227) (4 1 40.0) simpleGrading (1 1 1)
	hex (3708 2220 682 598 3709 2221 683 599) (4 4 40.0) simpleGrading (1 2 1)
	hex (3710 3708 598 600 3711 3709 599 601) (4 4 40.0) simpleGrading (1 2 1)
	hex (2226 3710 600 684 2227 3711 601 685) (4 4 40.0) simpleGrading (1 2 1)
	hex (600 602 686 684 601 603 687 685) (4 4 40.0) simpleGrading (1 1 1)
	hex (602 604 688 686 603 605 689 687) (4 4 40.0) simpleGrading (1 1 1)
	hex (604 606 690 688 605 607 691 689) (4 4 40.0) simpleGrading (1 1 1)
	hex (3722 3720 2328 2326 3723 3721 2329 2327) (4 4 40.0) simpleGrading (1 1 1)
	hex (3722 2326 2324 3716 3723 2327 2325 3717) (4 1 40.0) simpleGrading (1 1 1)
	hex (3720 3722 3716 3718 3721 3723 3717 3719) (4 1 40.0) simpleGrading (1 1 1)
	hex (2328 3720 3718 2330 2329 3721 3719 2331) (4 1 40.0) simpleGrading (1 1 1)
	hex (3716 2324 690 606 3717 2325 691 607) (4 4 40.0) simpleGrading (1 2 1)
	hex (3718 3716 606 608 3719 3717 607 609) (4 4 40.0) simpleGrading (1 2 1)
	hex (2330 3718 608 692 2331 3719 609 693) (4 4 40.0) simpleGrading (1 2 1)
	hex (608 610 694 692 609 611 695 693) (4 4 40.0) simpleGrading (1 1 1)
	hex (610 612 696 694 611 613 697 695) (4 4 40.0) simpleGrading (1 1 1)
	hex (612 614 698 696 613 615 699 697) (4 4 40.0) simpleGrading (1 1 1)
	hex (3730 3728 2432 2430 3731 3729 2433 2431) (4 4 40.0) simpleGrading (1 1 1)
	hex (3730 2430 2428 3724 3731 2431 2429 3725) (4 1 40.0) simpleGrading (1 1 1)
	hex (3728 3730 3724 3726 3729 3731 3725 3727) (4 1 40.0) simpleGrading (1 1 1)
	hex (2432 3728 3726 2434 2433 3729 3727 2435) (4 1 40.0) simpleGrading (1 1 1)
	hex (3724 2428 698 614 3725 2429 699 615) (4 4 40.0) simpleGrading (1 2 1)
	hex (3726 3724 614 616 3727 3725 615 617) (4 4 40.0) simpleGrading (1 2 1)
	hex (2434 3726 616 700 2435 3727 617 701) (4 4 40.0) simpleGrading (1 2 1)
	hex (616 618 702 700 617 619 703 701) (4 4 40.0) simpleGrading (1 1 1)
	hex (618 620 704 702 619 621 705 703) (4 4 40.0) simpleGrading (1 1 1)
	hex (620 622 706 704 621 623 707 705) (4 4 40.0) simpleGrading (1 1 1)
	hex (3738 3736 2536 2534 3739 3737 2537 2535) (4 4 40.0) simpleGrading (1 1 1)
	hex (3738 2534 2532 3732 3739 2535 2533 3733) (4 1 40.0) simpleGrading (1 1 1)
	hex (3736 3738 3732 3734 3737 3739 3733 3735) (4 1 40.0) simpleGrading (1 1 1)
	hex (2536 3736 3734 2538 2537 3737 3735 2539) (4 1 40.0) simpleGrading (1 1 1)
	hex (3732 2532 706 622 3733 2533 707 623) (4 4 40.0) simpleGrading (1 2 1)
	hex (3734 3732 622 624 3735 3733 623 625) (4 4 40.0) simpleGrading (1 2 1)
	hex (2538 3734 624 708 2539 3735 625 709) (4 4 40.0) simpleGrading (1 2 1)
	hex (624 626 710 708 625 627 711 709) (4 4 40.0) simpleGrading (1 1 1)
	hex (626 628 712 710 627 629 713 711) (4 4 40.0) simpleGrading (1 1 1)
	hex (628 630 714 712 629 631 715 713) (4 4 40.0) simpleGrading (1 1 1)
	hex (3746 3744 2640 2638 3747 3745 2641 2639) (4 4 40.0) simpleGrading (1 1 1)
	hex (3746 2638 2636 3740 3747 2639 2637 3741) (4 1 40.0) simpleGrading (1 1 1)
	hex (3744 3746 3740 3742 3745 3747 3741 3743) (4 1 40.0) simpleGrading (1 1 1)
	hex (2640 3744 3742 2642 2641 3745 3743 2643) (4 1 40.0) simpleGrading (1 1 1)
	hex (3740 2636 714 630 3741 2637 715 631) (4 4 40.0) simpleGrading (1 2 1)
	hex (3742 3740 630 632 3743 3741 631 633) (4 4 40.0) simpleGrading (1 2 1)
	hex (2642 3742 632 716 2643 3743 633 717) (4 4 40.0) simpleGrading (1 2 1)
	hex (632 634 718 716 633 635 719 717) (4 4 40.0) simpleGrading (1 1 1)
	hex (634 636 720 718 635 637 721 719) (4 4 40.0) simpleGrading (1 1 1)
	hex (636 638 722 720 637 639 723 721) (4 4 40.0) simpleGrading (1 1 1)
	hex (3754 3752 2744 2742 3755 3753 2745 2743) (4 4 40.0) simpleGrading (1 1 1)
	hex (3754 2742 2740 3748 3755 2743 2741 3749) (4 1 40.0) simpleGrading (1 1 1)
	hex (3752 3754 3748 3750 3753 3755 3749 3751) (4 1 40.0) simpleGrading (1 1 1)
	hex (2744 3752 3750 2746 2745 3753 3751 2747) (4 1 40.0) simpleGrading (1 1 1)
	hex (3748 2740 722 638 3749 2741 723 639) (4 4 40.0) simpleGrading (1 2 1)
	hex (3750 3748 638 640 3751 3749 639 641) (4 4 40.0) simpleGrading (1 2 1)
	hex (2746 3750 640 724 2747 3751 641 725) (4 4 40.0) simpleGrading (1 2 1)
	hex (640 642 726 724 641 643 727 725) (4 4 40.0) simpleGrading (1 1 1)
	hex (642 644 728 726 643 645 729 727) (4 4 40.0) simpleGrading (1 1 1)
	hex (644 646 730 728 645 647 731 729) (4 4 40.0) simpleGrading (1 1 1)
	hex (3762 3760 2848 2846 3763 3761 2849 2847) (4 4 40.0) simpleGrading (1 1 1)
	hex (3762 2846 2844 3756 3763 2847 2845 3757) (4 1 40.0) simpleGrading (1 1 1)
	hex (3760 3762 3756 3758 3761 3763 3757 3759) (4 1 40.0) simpleGrading (1 1 1)
	hex (2848 3760 3758 2850 2849 3761 3759 2851) (4 1 40.0) simpleGrading (1 1 1)
	hex (3756 2844 730 646 3757 2845 731 647) (4 4 40.0) simpleGrading (1 2 1)
	hex (3758 3756 646 648 3759 3757 647 649) (4 4 40.0) simpleGrading (1 2 1)
	hex (2850 3758 648 732 2851 3759 649 733) (4 4 40.0) simpleGrading (1 2 1)
	hex (648 650 734 732 649 651 735 733) (4 4 40.0) simpleGrading (1 1 1)
	hex (650 652 736 734 651 653 737 735) (4 4 40.0) simpleGrading (1 1 1)
	hex (652 654 738 736 653 655 739 737) (4 4 40.0) simpleGrading (1 1 1)
	hex (3770 3768 2952 2950 3771 3769 2953 2951) (4 4 40.0) simpleGrading (1 1 1)
	hex (3770 2950 2948 3764 3771 2951 2949 3765) (4 1 40.0) simpleGrading (1 1 1)
	hex (3768 3770 3764 3766 3769 3771 3765 3767) (4 1 40.0) simpleGrading (1 1 1)
	hex (2952 3768 3766 2954 2953 3769 3767 2955) (4 1 40.0) simpleGrading (1 1 1)
	hex (3764 2948 738 654 3765 2949 739 655) (4 4 40.0) simpleGrading (1 2 1)
	hex (3766 3764 654 656 3767 3765 655 657) (4 4 40.0) simpleGrading (1 2 1)
	hex (2954 3766 656 740 2955 3767 657 741) (4 4 40.0) simpleGrading (1 2 1)
	hex (656 658 742 740 657 659 743 741) (4 4 40.0) simpleGrading (1 1 1)
	hex (658 660 744 742 659 661 745 743) (4 4 40.0) simpleGrading (1 1 1)
	hex (660 662 746 744 661 663 747 745) (4 4 40.0) simpleGrading (1 1 1)
	hex (3778 3776 3056 3054 3779 3777 3057 3055) (4 4 40.0) simpleGrading (1 1 1)
	hex (3778 3054 3052 3772 3779 3055 3053 3773) (4 1 40.0) simpleGrading (1 1 1)
	hex (3776 3778 3772 3774 3777 3779 3773 3775) (4 1 40.0) simpleGrading (1 1 1)
	hex (3056 3776 3774 3058 3057 3777 3775 3059) (4 1 40.0) simpleGrading (1 1 1)
	hex (3772 3052 746 662 3773 3053 747 663) (4 4 40.0) simpleGrading (1 2 1)
	hex (3774 3772 662 664 3775 3773 663 665) (4 4 40.0) simpleGrading (1 2 1)
	hex (3058 3774 664 748 3059 3775 665 749) (4 4 40.0) simpleGrading (1 2 1)
	hex (664 666 750 748 665 667 751 749) (4 4 40.0) simpleGrading (1 1 1)
	hex (666 668 752 750 667 669 753 751) (4 4 40.0) simpleGrading (1 1 1)
	hex (668 670 754 752 669 671 755 753) (4 4 40.0) simpleGrading (1 1 1)
	hex (672 674 758 756 673 675 759 757) (4 4 40.0) simpleGrading (1 1 1)
	hex (2118 2120 3782 3780 2119 2121 3783 3781) (4 4 40.0) simpleGrading (1 1 1)
	hex (3782 2120 2122 3784 3783 2121 2123 3785) (4 1 40.0) simpleGrading (1 1 1)
	hex (3780 3782 3784 3786 3781 3783 3785 3787) (4 1 40.0) simpleGrading (1 1 1)
	hex (2118 3780 3786 2116 2119 3781 3787 2117) (4 1 40.0) simpleGrading (1 1 1)
	hex (3784 2122 676 760 3785 2123 677 761) (4 4 40.0) simpleGrading (1 2 1)
	hex (3786 3784 760 758 3787 3785 761 759) (4 4 40.0) simpleGrading (1 2 1)
	hex (2116 3786 758 674 2117 3787 759 675) (4 4 40.0) simpleGrading (1 2 1)
	hex (676 678 762 760 677 679 763 761) (4 4 40.0) simpleGrading (1 1 1)
	hex (678 680 764 762 679 681 765 763) (4 4 40.0) simpleGrading (1 1 1)
	hex (680 682 766 764 681 683 767 765) (4 4 40.0) simpleGrading (1 1 1)
	hex (2222 2224 3790 3788 2223 2225 3791 3789) (4 4 40.0) simpleGrading (1 1 1)
	hex (3790 2224 2226 3792 3791 2225 2227 3793) (4 1 40.0) simpleGrading (1 1 1)
	hex (3788 3790 3792 3794 3789 3791 3793 3795) (4 1 40.0) simpleGrading (1 1 1)
	hex (2222 3788 3794 2220 2223 3789 3795 2221) (4 1 40.0) simpleGrading (1 1 1)
	hex (3792 2226 684 768 3793 2227 685 769) (4 4 40.0) simpleGrading (1 2 1)
	hex (3794 3792 768 766 3795 3793 769 767) (4 4 40.0) simpleGrading (1 2 1)
	hex (2220 3794 766 682 2221 3795 767 683) (4 4 40.0) simpleGrading (1 2 1)
	hex (684 686 770 768 685 687 771 769) (4 4 40.0) simpleGrading (1 1 1)
	hex (686 688 772 770 687 689 773 771) (4 4 40.0) simpleGrading (1 1 1)
	hex (688 690 774 772 689 691 775 773) (4 4 40.0) simpleGrading (1 1 1)
	hex (2326 2328 3798 3796 2327 2329 3799 3797) (4 4 40.0) simpleGrading (1 1 1)
	hex (3798 2328 2330 3800 3799 2329 2331 3801) (4 1 40.0) simpleGrading (1 1 1)
	hex (3796 3798 3800 3802 3797 3799 3801 3803) (4 1 40.0) simpleGrading (1 1 1)
	hex (2326 3796 3802 2324 2327 3797 3803 2325) (4 1 40.0) simpleGrading (1 1 1)
	hex (3800 2330 692 776 3801 2331 693 777) (4 4 40.0) simpleGrading (1 2 1)
	hex (3802 3800 776 774 3803 3801 777 775) (4 4 40.0) simpleGrading (1 2 1)
	hex (2324 3802 774 690 2325 3803 775 691) (4 4 40.0) simpleGrading (1 2 1)
	hex (692 694 778 776 693 695 779 777) (4 4 40.0) simpleGrading (1 1 1)
	hex (694 696 780 778 695 697 781 779) (4 4 40.0) simpleGrading (1 1 1)
	hex (696 698 782 780 697 699 783 781) (4 4 40.0) simpleGrading (1 1 1)
	hex (2430 2432 3806 3804 2431 2433 3807 3805) (4 4 40.0) simpleGrading (1 1 1)
	hex (3806 2432 2434 3808 3807 2433 2435 3809) (4 1 40.0) simpleGrading (1 1 1)
	hex (3804 3806 3808 3810 3805 3807 3809 3811) (4 1 40.0) simpleGrading (1 1 1)
	hex (2430 3804 3810 2428 2431 3805 3811 2429) (4 1 40.0) simpleGrading (1 1 1)
	hex (3808 2434 700 784 3809 2435 701 785) (4 4 40.0) simpleGrading (1 2 1)
	hex (3810 3808 784 782 3811 3809 785 783) (4 4 40.0) simpleGrading (1 2 1)
	hex (2428 3810 782 698 2429 3811 783 699) (4 4 40.0) simpleGrading (1 2 1)
	hex (700 702 786 784 701 703 787 785) (4 4 40.0) simpleGrading (1 1 1)
	hex (702 704 788 786 703 705 789 787) (4 4 40.0) simpleGrading (1 1 1)
	hex (704 706 790 788 705 707 791 789) (4 4 40.0) simpleGrading (1 1 1)
	hex (2534 2536 3814 3812 2535 2537 3815 3813) (4 4 40.0) simpleGrading (1 1 1)
	hex (3814 2536 2538 3816 3815 2537 2539 3817) (4 1 40.0) simpleGrading (1 1 1)
	hex (3812 3814 3816 3818 3813 3815 3817 3819) (4 1 40.0) simpleGrading (1 1 1)
	hex (2534 3812 3818 2532 2535 3813 3819 2533) (4 1 40.0) simpleGrading (1 1 1)
	hex (3816 2538 708 792 3817 2539 709 793) (4 4 40.0) simpleGrading (1 2 1)
	hex (3818 3816 792 790 3819 3817 793 791) (4 4 40.0) simpleGrading (1 2 1)
	hex (2532 3818 790 706 2533 3819 791 707) (4 4 40.0) simpleGrading (1 2 1)
	hex (708 710 794 792 709 711 795 793) (4 4 40.0) simpleGrading (1 1 1)
	hex (710 712 796 794 711 713 797 795) (4 4 40.0) simpleGrading (1 1 1)
	hex (712 714 798 796 713 715 799 797) (4 4 40.0) simpleGrading (1 1 1)
	hex (2638 2640 3822 3820 2639 2641 3823 3821) (4 4 40.0) simpleGrading (1 1 1)
	hex (3822 2640 2642 3824 3823 2641 2643 3825) (4 1 40.0) simpleGrading (1 1 1)
	hex (3820 3822 3824 3826 3821 3823 3825 3827) (4 1 40.0) simpleGrading (1 1 1)
	hex (2638 3820 3826 2636 2639 3821 3827 2637) (4 1 40.0) simpleGrading (1 1 1)
	hex (3824 2642 716 800 3825 2643 717 801) (4 4 40.0) simpleGrading (1 2 1)
	hex (3826 3824 800 798 3827 3825 801 799) (4 4 40.0) simpleGrading (1 2 1)
	hex (2636 3826 798 714 2637 3827 799 715) (4 4 40.0) simpleGrading (1 2 1)
	hex (716 718 802 800 717 719 803 801) (4 4 40.0) simpleGrading (1 1 1)
	hex (718 720 804 802 719 721 805 803) (4 4 40.0) simpleGrading (1 1 1)
	hex (720 722 806 804 721 723 807 805) (4 4 40.0) simpleGrading (1 1 1)
	hex (2742 2744 3830 3828 2743 2745 3831 3829) (4 4 40.0) simpleGrading (1 1 1)
	hex (3830 2744 2746 3832 3831 2745 2747 3833) (4 1 40.0) simpleGrading (1 1 1)
	hex (3828 3830 3832 3834 3829 3831 3833 3835) (4 1 40.0) simpleGrading (1 1 1)
	hex (2742 3828 3834 2740 2743 3829 3835 2741) (4 1 40.0) simpleGrading (1 1 1)
	hex (3832 2746 724 808 3833 2747 725 809) (4 4 40.0) simpleGrading (1 2 1)
	hex (3834 3832 808 806 3835 3833 809 807) (4 4 40.0) simpleGrading (1 2 1)
	hex (2740 3834 806 722 2741 3835 807 723) (4 4 40.0) simpleGrading (1 2 1)
	hex (724 726 810 808 725 727 811 809) (4 4 40.0) simpleGrading (1 1 1)
	hex (726 728 812 810 727 729 813 811) (4 4 40.0) simpleGrading (1 1 1)
	hex (728 730 814 812 729 731 815 813) (4 4 40.0) simpleGrading (1 1 1)
	hex (2846 2848 3838 3836 2847 2849 3839 3837) (4 4 40.0) simpleGrading (1 1 1)
	hex (3838 2848 2850 3840 3839 2849 2851 3841) (4 1 40.0) simpleGrading (1 1 1)
	hex (3836 3838 3840 3842 3837 3839 3841 3843) (4 1 40.0) simpleGrading (1 1 1)
	hex (2846 3836 3842 2844 2847 3837 3843 2845) (4 1 40.0) simpleGrading (1 1 1)
	hex (3840 2850 732 816 3841 2851 733 817) (4 4 40.0) simpleGrading (1 2 1)
	hex (3842 3840 816 814 3843 3841 817 815) (4 4 40.0) simpleGrading (1 2 1)
	hex (2844 3842 814 730 2845 3843 815 731) (4 4 40.0) simpleGrading (1 2 1)
	hex (732 734 818 816 733 735 819 817) (4 4 40.0) simpleGrading (1 1 1)
	hex (734 736 820 818 735 737 821 819) (4 4 40.0) simpleGrading (1 1 1)
	hex (736 738 822 820 737 739 823 821) (4 4 40.0) simpleGrading (1 1 1)
	hex (2950 2952 3846 3844 2951 2953 3847 3845) (4 4 40.0) simpleGrading (1 1 1)
	hex (3846 2952 2954 3848 3847 2953 2955 3849) (4 1 40.0) simpleGrading (1 1 1)
	hex (3844 3846 3848 3850 3845 3847 3849 3851) (4 1 40.0) simpleGrading (1 1 1)
	hex (2950 3844 3850 2948 2951 3845 3851 2949) (4 1 40.0) simpleGrading (1 1 1)
	hex (3848 2954 740 824 3849 2955 741 825) (4 4 40.0) simpleGrading (1 2 1)
	hex (3850 3848 824 822 3851 3849 825 823) (4 4 40.0) simpleGrading (1 2 1)
	hex (2948 3850 822 738 2949 3851 823 739) (4 4 40.0) simpleGrading (1 2 1)
	hex (740 742 826 824 741 743 827 825) (4 4 40.0) simpleGrading (1 1 1)
	hex (742 744 828 826 743 745 829 827) (4 4 40.0) simpleGrading (1 1 1)
	hex (744 746 830 828 745 747 831 829) (4 4 40.0) simpleGrading (1 1 1)
	hex (3054 3056 3854 3852 3055 3057 3855 3853) (4 4 40.0) simpleGrading (1 1 1)
	hex (3854 3056 3058 3856 3855 3057 3059 3857) (4 1 40.0) simpleGrading (1 1 1)
	hex (3852 3854 3856 3858 3853 3855 3857 3859) (4 1 40.0) simpleGrading (1 1 1)
	hex (3054 3852 3858 3052 3055 3853 3859 3053) (4 1 40.0) simpleGrading (1 1 1)
	hex (3856 3058 748 832 3857 3059 749 833) (4 4 40.0) simpleGrading (1 2 1)
	hex (3858 3856 832 830 3859 3857 833 831) (4 4 40.0) simpleGrading (1 2 1)
	hex (3052 3858 830 746 3053 3859 831 747) (4 4 40.0) simpleGrading (1 2 1)
	hex (748 750 834 832 749 751 835 833) (4 4 40.0) simpleGrading (1 1 1)
	hex (750 752 836 834 751 753 837 835) (4 4 40.0) simpleGrading (1 1 1)
	hex (752 754 838 836 753 755 839 837) (4 4 40.0) simpleGrading (1 1 1)
	hex (756 758 842 840 757 759 843 841) (4 4 40.0) simpleGrading (1 1 1)
	hex (758 760 844 842 759 761 845 843) (4 4 40.0) simpleGrading (1 1 1)
	hex (760 762 846 844 761 763 847 845) (4 4 40.0) simpleGrading (1 1 1)
	hex (3866 3864 2176 2174 3867 3865 2177 2175) (4 4 40.0) simpleGrading (1 1 1)
	hex (3866 2174 2172 3860 3867 2175 2173 3861) (4 1 40.0) simpleGrading (1 1 1)
	hex (3864 3866 3860 3862 3865 3867 3861 3863) (4 1 40.0) simpleGrading (1 1 1)
	hex (2176 3864 3862 2178 2177 3865 3863 2179) (4 1 40.0) simpleGrading (1 1 1)
	hex (3860 2172 846 762 3861 2173 847 763) (4 4 40.0) simpleGrading (1 2 1)
	hex (3862 3860 762 764 3863 3861 763 765) (4 4 40.0) simpleGrading (1 2 1)
	hex (2178 3862 764 848 2179 3863 765 849) (4 4 40.0) simpleGrading (1 2 1)
	hex (764 766 850 848 765 767 851 849) (4 4 40.0) simpleGrading (1 1 1)
	hex (766 768 852 850 767 769 853 851) (4 4 40.0) simpleGrading (1 1 1)
	hex (768 770 854 852 769 771 855 853) (4 4 40.0) simpleGrading (1 1 1)
	hex (3874 3872 2280 2278 3875 3873 2281 2279) (4 4 40.0) simpleGrading (1 1 1)
	hex (3874 2278 2276 3868 3875 2279 2277 3869) (4 1 40.0) simpleGrading (1 1 1)
	hex (3872 3874 3868 3870 3873 3875 3869 3871) (4 1 40.0) simpleGrading (1 1 1)
	hex (2280 3872 3870 2282 2281 3873 3871 2283) (4 1 40.0) simpleGrading (1 1 1)
	hex (3868 2276 854 770 3869 2277 855 771) (4 4 40.0) simpleGrading (1 2 1)
	hex (3870 3868 770 772 3871 3869 771 773) (4 4 40.0) simpleGrading (1 2 1)
	hex (2282 3870 772 856 2283 3871 773 857) (4 4 40.0) simpleGrading (1 2 1)
	hex (772 774 858 856 773 775 859 857) (4 4 40.0) simpleGrading (1 1 1)
	hex (774 776 860 858 775 777 861 859) (4 4 40.0) simpleGrading (1 1 1)
	hex (776 778 862 860 777 779 863 861) (4 4 40.0) simpleGrading (1 1 1)
	hex (3882 3880 2384 2382 3883 3881 2385 2383) (4 4 40.0) simpleGrading (1 1 1)
	hex (3882 2382 2380 3876 3883 2383 2381 3877) (4 1 40.0) simpleGrading (1 1 1)
	hex (3880 3882 3876 3878 3881 3883 3877 3879) (4 1 40.0) simpleGrading (1 1 1)
	hex (2384 3880 3878 2386 2385 3881 3879 2387) (4 1 40.0) simpleGrading (1 1 1)
	hex (3876 2380 862 778 3877 2381 863 779) (4 4 40.0) simpleGrading (1 2 1)
	hex (3878 3876 778 780 3879 3877 779 781) (4 4 40.0) simpleGrading (1 2 1)
	hex (2386 3878 780 864 2387 3879 781 865) (4 4 40.0) simpleGrading (1 2 1)
	hex (780 782 866 864 781 783 867 865) (4 4 40.0) simpleGrading (1 1 1)
	hex (782 784 868 866 783 785 869 867) (4 4 40.0) simpleGrading (1 1 1)
	hex (784 786 870 868 785 787 871 869) (4 4 40.0) simpleGrading (1 1 1)
	hex (3890 3888 2488 2486 3891 3889 2489 2487) (4 4 40.0) simpleGrading (1 1 1)
	hex (3890 2486 2484 3884 3891 2487 2485 3885) (4 1 40.0) simpleGrading (1 1 1)
	hex (3888 3890 3884 3886 3889 3891 3885 3887) (4 1 40.0) simpleGrading (1 1 1)
	hex (2488 3888 3886 2490 2489 3889 3887 2491) (4 1 40.0) simpleGrading (1 1 1)
	hex (3884 2484 870 786 3885 2485 871 787) (4 4 40.0) simpleGrading (1 2 1)
	hex (3886 3884 786 788 3887 3885 787 789) (4 4 40.0) simpleGrading (1 2 1)
	hex (2490 3886 788 872 2491 3887 789 873) (4 4 40.0) simpleGrading (1 2 1)
	hex (788 790 874 872 789 791 875 873) (4 4 40.0) simpleGrading (1 1 1)
	hex (790 792 876 874 791 793 877 875) (4 4 40.0) simpleGrading (1 1 1)
	hex (792 794 878 876 793 795 879 877) (4 4 40.0) simpleGrading (1 1 1)
	hex (3898 3896 2592 2590 3899 3897 2593 2591) (4 4 40.0) simpleGrading (1 1 1)
	hex (3898 2590 2588 3892 3899 2591 2589 3893) (4 1 40.0) simpleGrading (1 1 1)
	hex (3896 3898 3892 3894 3897 3899 3893 3895) (4 1 40.0) simpleGrading (1 1 1)
	hex (2592 3896 3894 2594 2593 3897 3895 2595) (4 1 40.0) simpleGrading (1 1 1)
	hex (3892 2588 878 794 3893 2589 879 795) (4 4 40.0) simpleGrading (1 2 1)
	hex (3894 3892 794 796 3895 3893 795 797) (4 4 40.0) simpleGrading (1 2 1)
	hex (2594 3894 796 880 2595 3895 797 881) (4 4 40.0) simpleGrading (1 2 1)
	hex (796 798 882 880 797 799 883 881) (4 4 40.0) simpleGrading (1 1 1)
	hex (798 800 884 882 799 801 885 883) (4 4 40.0) simpleGrading (1 1 1)
	hex (800 802 886 884 801 803 887 885) (4 4 40.0) simpleGrading (1 1 1)
	hex (3906 3904 2696 2694 3907 3905 2697 2695) (4 4 40.0) simpleGrading (1 1 1)
	hex (3906 2694 2692 3900 3907 2695 2693 3901) (4 1 40.0) simpleGrading (1 1 1)
	hex (3904 3906 3900 3902 3905 3907 3901 3903) (4 1 40.0) simpleGrading (1 1 1)
	hex (2696 3904 3902 2698 2697 3905 3903 2699) (4 1 40.0) simpleGrading (1 1 1)
	hex (3900 2692 886 802 3901 2693 887 803) (4 4 40.0) simpleGrading (1 2 1)
	hex (3902 3900 802 804 3903 3901 803 805) (4 4 40.0) simpleGrading (1 2 1)
	hex (2698 3902 804 888 2699 3903 805 889) (4 4 40.0) simpleGrading (1 2 1)
	hex (804 806 890 888 805 807 891 889) (4 4 40.0) simpleGrading (1 1 1)
	hex (806 808 892 890 807 809 893 891) (4 4 40.0) simpleGrading (1 1 1)
	hex (808 810 894 892 809 811 895 893) (4 4 40.0) simpleGrading (1 1 1)
	hex (3914 3912 2800 2798 3915 3913 2801 2799) (4 4 40.0) simpleGrading (1 1 1)
	hex (3914 2798 2796 3908 3915 2799 2797 3909) (4 1 40.0) simpleGrading (1 1 1)
	hex (3912 3914 3908 3910 3913 3915 3909 3911) (4 1 40.0) simpleGrading (1 1 1)
	hex (2800 3912 3910 2802 2801 3913 3911 2803) (4 1 40.0) simpleGrading (1 1 1)
	hex (3908 2796 894 810 3909 2797 895 811) (4 4 40.0) simpleGrading (1 2 1)
	hex (3910 3908 810 812 3911 3909 811 813) (4 4 40.0) simpleGrading (1 2 1)
	hex (2802 3910 812 896 2803 3911 813 897) (4 4 40.0) simpleGrading (1 2 1)
	hex (812 814 898 896 813 815 899 897) (4 4 40.0) simpleGrading (1 1 1)
	hex (814 816 900 898 815 817 901 899) (4 4 40.0) simpleGrading (1 1 1)
	hex (816 818 902 900 817 819 903 901) (4 4 40.0) simpleGrading (1 1 1)
	hex (3922 3920 2904 2902 3923 3921 2905 2903) (4 4 40.0) simpleGrading (1 1 1)
	hex (3922 2902 2900 3916 3923 2903 2901 3917) (4 1 40.0) simpleGrading (1 1 1)
	hex (3920 3922 3916 3918 3921 3923 3917 3919) (4 1 40.0) simpleGrading (1 1 1)
	hex (2904 3920 3918 2906 2905 3921 3919 2907) (4 1 40.0) simpleGrading (1 1 1)
	hex (3916 2900 902 818 3917 2901 903 819) (4 4 40.0) simpleGrading (1 2 1)
	hex (3918 3916 818 820 3919 3917 819 821) (4 4 40.0) simpleGrading (1 2 1)
	hex (2906 3918 820 904 2907 3919 821 905) (4 4 40.0) simpleGrading (1 2 1)
	hex (820 822 906 904 821 823 907 905) (4 4 40.0) simpleGrading (1 1 1)
	hex (822 824 908 906 823 825 909 907) (4 4 40.0) simpleGrading (1 1 1)
	hex (824 826 910 908 825 827 911 909) (4 4 40.0) simpleGrading (1 1 1)
	hex (3930 3928 3008 3006 3931 3929 3009 3007) (4 4 40.0) simpleGrading (1 1 1)
	hex (3930 3006 3004 3924 3931 3007 3005 3925) (4 1 40.0) simpleGrading (1 1 1)
	hex (3928 3930 3924 3926 3929 3931 3925 3927) (4 1 40.0) simpleGrading (1 1 1)
	hex (3008 3928 3926 3010 3009 3929 3927 3011) (4 1 40.0) simpleGrading (1 1 1)
	hex (3924 3004 910 826 3925 3005 911 827) (4 4 40.0) simpleGrading (1 2 1)
	hex (3926 3924 826 828 3927 3925 827 829) (4 4 40.0) simpleGrading (1 2 1)
	hex (3010 3926 828 912 3011 3927 829 913) (4 4 40.0) simpleGrading (1 2 1)
	hex (828 830 914 912 829 831 915 913) (4 4 40.0) simpleGrading (1 1 1)
	hex (830 832 916 914 831 833 917 915) (4 4 40.0) simpleGrading (1 1 1)
	hex (832 834 918 916 833 835 919 917) (4 4 40.0) simpleGrading (1 1 1)
	hex (3938 3936 3112 3110 3939 3937 3113 3111) (4 4 40.0) simpleGrading (1 1 1)
	hex (3938 3110 3108 3932 3939 3111 3109 3933) (4 1 40.0) simpleGrading (1 1 1)
	hex (3936 3938 3932 3934 3937 3939 3933 3935) (4 1 40.0) simpleGrading (1 1 1)
	hex (3112 3936 3934 3114 3113 3937 3935 3115) (4 1 40.0) simpleGrading (1 1 1)
	hex (3932 3108 918 834 3933 3109 919 835) (4 4 40.0) simpleGrading (1 2 1)
	hex (3934 3932 834 836 3935 3933 835 837) (4 4 40.0) simpleGrading (1 2 1)
	hex (3114 3934 836 920 3115 3935 837 921) (4 4 40.0) simpleGrading (1 2 1)
	hex (836 838 922 920 837 839 923 921) (4 4 40.0) simpleGrading (1 1 1)
	hex (840 842 926 924 841 843 927 925) (4 4 40.0) simpleGrading (1 1 1)
	hex (842 844 928 926 843 845 929 927) (4 4 40.0) simpleGrading (1 1 1)
	hex (844 846 930 928 845 847 931 929) (4 4 40.0) simpleGrading (1 1 1)
	hex (2174 2176 3942 3940 2175 2177 3943 3941) (4 4 40.0) simpleGrading (1 1 1)
	hex (3942 2176 2178 3944 3943 2177 2179 3945) (4 1 40.0) simpleGrading (1 1 1)
	hex (3940 3942 3944 3946 3941 3943 3945 3947) (4 1 40.0) simpleGrading (1 1 1)
	hex (2174 3940 3946 2172 2175 3941 3947 2173) (4 1 40.0) simpleGrading (1 1 1)
	hex (3944 2178 848 932 3945 2179 849 933) (4 4 40.0) simpleGrading (1 2 1)
	hex (3946 3944 932 930 3947 3945 933 931) (4 4 40.0) simpleGrading (1 2 1)
	hex (2172 3946 930 846 2173 3947 931 847) (4 4 40.0) simpleGrading (1 2 1)
	hex (848 850 934 932 849 851 935 933) (4 4 40.0) simpleGrading (1 1 1)
	hex (850 852 936 934 851 853 937 935) (4 4 40.0) simpleGrading (1 1 1)
	hex (852 854 938 936 853 855 939 937) (4 4 40.0) simpleGrading (1 1 1)
	hex (2278 2280 3950 3948 2279 2281 3951 3949) (4 4 40.0) simpleGrading (1 1 1)
	hex (3950 2280 2282 3952 3951 2281 2283 3953) (4 1 40.0) simpleGrading (1 1 1)
	hex (3948 3950 3952 3954 3949 3951 3953 3955) (4 1 40.0) simpleGrading (1 1 1)
	hex (2278 3948 3954 2276 2279 3949 3955 2277) (4 1 40.0) simpleGrading (1 1 1)
	hex (3952 2282 856 940 3953 2283 857 941) (4 4 40.0) simpleGrading (1 2 1)
	hex (3954 3952 940 938 3955 3953 941 939) (4 4 40.0) simpleGrading (1 2 1)
	hex (2276 3954 938 854 2277 3955 939 855) (4 4 40.0) simpleGrading (1 2 1)
	hex (856 858 942 940 857 859 943 941) (4 4 40.0) simpleGrading (1 1 1)
	hex (858 860 944 942 859 861 945 943) (4 4 40.0) simpleGrading (1 1 1)
	hex (860 862 946 944 861 863 947 945) (4 4 40.0) simpleGrading (1 1 1)
	hex (2382 2384 3958 3956 2383 2385 3959 3957) (4 4 40.0) simpleGrading (1 1 1)
	hex (3958 2384 2386 3960 3959 2385 2387 3961) (4 1 40.0) simpleGrading (1 1 1)
	hex (3956 3958 3960 3962 3957 3959 3961 3963) (4 1 40.0) simpleGrading (1 1 1)
	hex (2382 3956 3962 2380 2383 3957 3963 2381) (4 1 40.0) simpleGrading (1 1 1)
	hex (3960 2386 864 948 3961 2387 865 949) (4 4 40.0) simpleGrading (1 2 1)
	hex (3962 3960 948 946 3963 3961 949 947) (4 4 40.0) simpleGrading (1 2 1)
	hex (2380 3962 946 862 2381 3963 947 863) (4 4 40.0) simpleGrading (1 2 1)
	hex (864 866 950 948 865 867 951 949) (4 4 40.0) simpleGrading (1 1 1)
	hex (866 868 952 950 867 869 953 951) (4 4 40.0) simpleGrading (1 1 1)
	hex (868 870 954 952 869 871 955 953) (4 4 40.0) simpleGrading (1 1 1)
	hex (2486 2488 3966 3964 2487 2489 3967 3965) (4 4 40.0) simpleGrading (1 1 1)
	hex (3966 2488 2490 3968 3967 2489 2491 3969) (4 1 40.0) simpleGrading (1 1 1)
	hex (3964 3966 3968 3970 3965 3967 3969 3971) (4 1 40.0) simpleGrading (1 1 1)
	hex (2486 3964 3970 2484 2487 3965 3971 2485) (4 1 40.0) simpleGrading (1 1 1)
	hex (3968 2490 872 956 3969 2491 873 957) (4 4 40.0) simpleGrading (1 2 1)
	hex (3970 3968 956 954 3971 3969 957 955) (4 4 40.0) simpleGrading (1 2 1)
	hex (2484 3970 954 870 2485 3971 955 871) (4 4 40.0) simpleGrading (1 2 1)
	hex (872 874 958 956 873 875 959 957) (4 4 40.0) simpleGrading (1 1 1)
	hex (874 876 960 958 875 877 961 959) (4 4 40.0) simpleGrading (1 1 1)
	hex (876 878 962 960 877 879 963 961) (4 4 40.0) simpleGrading (1 1 1)
	hex (2590 2592 3974 3972 2591 2593 3975 3973) (4 4 40.0) simpleGrading (1 1 1)
	hex (3974 2592 2594 3976 3975 2593 2595 3977) (4 1 40.0) simpleGrading (1 1 1)
	hex (3972 3974 3976 3978 3973 3975 3977 3979) (4 1 40.0) simpleGrading (1 1 1)
	hex (2590 3972 3978 2588 2591 3973 3979 2589) (4 1 40.0) simpleGrading (1 1 1)
	hex (3976 2594 880 964 3977 2595 881 965) (4 4 40.0) simpleGrading (1 2 1)
	hex (3978 3976 964 962 3979 3977 965 963) (4 4 40.0) simpleGrading (1 2 1)
	hex (2588 3978 962 878 2589 3979 963 879) (4 4 40.0) simpleGrading (1 2 1)
	hex (880 882 966 964 881 883 967 965) (4 4 40.0) simpleGrading (1 1 1)
	hex (882 884 968 966 883 885 969 967) (4 4 40.0) simpleGrading (1 1 1)
	hex (884 886 970 968 885 887 971 969) (4 4 40.0) simpleGrading (1 1 1)
	hex (2694 2696 3982 3980 2695 2697 3983 3981) (4 4 40.0) simpleGrading (1 1 1)
	hex (3982 2696 2698 3984 3983 2697 2699 3985) (4 1 40.0) simpleGrading (1 1 1)
	hex (3980 3982 3984 3986 3981 3983 3985 3987) (4 1 40.0) simpleGrading (1 1 1)
	hex (2694 3980 3986 2692 2695 3981 3987 2693) (4 1 40.0) simpleGrading (1 1 1)
	hex (3984 2698 888 972 3985 2699 889 973) (4 4 40.0) simpleGrading (1 2 1)
	hex (3986 3984 972 970 3987 3985 973 971) (4 4 40.0) simpleGrading (1 2 1)
	hex (2692 3986 970 886 2693 3987 971 887) (4 4 40.0) simpleGrading (1 2 1)
	hex (888 890 974 972 889 891 975 973) (4 4 40.0) simpleGrading (1 1 1)
	hex (890 892 976 974 891 893 977 975) (4 4 40.0) simpleGrading (1 1 1)
	hex (892 894 978 976 893 895 979 977) (4 4 40.0) simpleGrading (1 1 1)
	hex (2798 2800 3990 3988 2799 2801 3991 3989) (4 4 40.0) simpleGrading (1 1 1)
	hex (3990 2800 2802 3992 3991 2801 2803 3993) (4 1 40.0) simpleGrading (1 1 1)
	hex (3988 3990 3992 3994 3989 3991 3993 3995) (4 1 40.0) simpleGrading (1 1 1)
	hex (2798 3988 3994 2796 2799 3989 3995 2797) (4 1 40.0) simpleGrading (1 1 1)
	hex (3992 2802 896 980 3993 2803 897 981) (4 4 40.0) simpleGrading (1 2 1)
	hex (3994 3992 980 978 3995 3993 981 979) (4 4 40.0) simpleGrading (1 2 1)
	hex (2796 3994 978 894 2797 3995 979 895) (4 4 40.0) simpleGrading (1 2 1)
	hex (896 898 982 980 897 899 983 981) (4 4 40.0) simpleGrading (1 1 1)
	hex (898 900 984 982 899 901 985 983) (4 4 40.0) simpleGrading (1 1 1)
	hex (900 902 986 984 901 903 987 985) (4 4 40.0) simpleGrading (1 1 1)
	hex (2902 2904 3998 3996 2903 2905 3999 3997) (4 4 40.0) simpleGrading (1 1 1)
	hex (3998 2904 2906 4000 3999 2905 2907 4001) (4 1 40.0) simpleGrading (1 1 1)
	hex (3996 3998 4000 4002 3997 3999 4001 4003) (4 1 40.0) simpleGrading (1 1 1)
	hex (2902 3996 4002 2900 2903 3997 4003 2901) (4 1 40.0) simpleGrading (1 1 1)
	hex (4000 2906 904 988 4001 2907 905 989) (4 4 40.0) simpleGrading (1 2 1)
	hex (4002 4000 988 986 4003 4001 989 987) (4 4 40.0) simpleGrading (1 2 1)
	hex (2900 4002 986 902 2901 4003 987 903) (4 4 40.0) simpleGrading (1 2 1)
	hex (904 906 990 988 905 907 991 989) (4 4 40.0) simpleGrading (1 1 1)
	hex (906 908 992 990 907 909 993 991) (4 4 40.0) simpleGrading (1 1 1)
	hex (908 910 994 992 909 911 995 993) (4 4 40.0) simpleGrading (1 1 1)
	hex (3006 3008 4006 4004 3007 3009 4007 4005) (4 4 40.0) simpleGrading (1 1 1)
	hex (4006 3008 3010 4008 4007 3009 3011 4009) (4 1 40.0) simpleGrading (1 1 1)
	hex (4004 4006 4008 4010 4005 4007 4009 4011) (4 1 40.0) simpleGrading (1 1 1)
	hex (3006 4004 4010 3004 3007 4005 4011 3005) (4 1 40.0) simpleGrading (1 1 1)
	hex (4008 3010 912 996 4009 3011 913 997) (4 4 40.0) simpleGrading (1 2 1)
	hex (4010 4008 996 994 4011 4009 997 995) (4 4 40.0) simpleGrading (1 2 1)
	hex (3004 4010 994 910 3005 4011 995 911) (4 4 40.0) simpleGrading (1 2 1)
	hex (912 914 998 996 913 915 999 997) (4 4 40.0) simpleGrading (1 1 1)
	hex (914 916 1000 998 915 917 1001 999) (4 4 40.0) simpleGrading (1 1 1)
	hex (916 918 1002 1000 917 919 1003 1001) (4 4 40.0) simpleGrading (1 1 1)
	hex (3110 3112 4014 4012 3111 3113 4015 4013) (4 4 40.0) simpleGrading (1 1 1)
	hex (4014 3112 3114 4016 4015 3113 3115 4017) (4 1 40.0) simpleGrading (1 1 1)
	hex (4012 4014 4016 4018 4013 4015 4017 4019) (4 1 40.0) simpleGrading (1 1 1)
	hex (3110 4012 4018 3108 3111 4013 4019 3109) (4 1 40.0) simpleGrading (1 1 1)
	hex (4016 3114 920 1004 4017 3115 921 1005) (4 4 40.0) simpleGrading (1 2 1)
	hex (4018 4016 1004 1002 4019 4017 1005 1003) (4 4 40.0) simpleGrading (1 2 1)
	hex (3108 4018 1002 918 3109 4019 1003 919) (4 4 40.0) simpleGrading (1 2 1)
	hex (920 922 1006 1004 921 923 1007 1005) (4 4 40.0) simpleGrading (1 1 1)
	hex (924 926 1010 1008 925 927 1011 1009) (4 4 40.0) simpleGrading (1 1 1)
	hex (4026 4024 2128 2126 4027 4025 2129 2127) (4 4 40.0) simpleGrading (1 1 1)
	hex (4026 2126 2124 4020 4027 2127 2125 4021) (4 1 40.0) simpleGrading (1 1 1)
	hex (4024 4026 4020 4022 4025 4027 4021 4023) (4 1 40.0) simpleGrading (1 1 1)
	hex (2128 4024 4022 2130 2129 4025 4023 2131) (4 1 40.0) simpleGrading (1 1 1)
	hex (4020 2124 1010 926 4021 2125 1011 927) (4 4 40.0) simpleGrading (1 2 1)
	hex (4022 4020 926 928 4023 4021 927 929) (4 4 40.0) simpleGrading (1 2 1)
	hex (2130 4022 928 1012 2131 4023 929 1013) (4 4 40.0) simpleGrading (1 2 1)
	hex (928 930 1014 1012 929 931 1015 1013) (4 4 40.0) simpleGrading (1 1 1)
	hex (930 932 1016 1014 931 933 1017 1015) (4 4 40.0) simpleGrading (1 1 1)
	hex (932 934 1018 1016 933 935 1019 1017) (4 4 40.0) simpleGrading (1 1 1)
	hex (4034 4032 2232 2230 4035 4033 2233 2231) (4 4 40.0) simpleGrading (1 1 1)
	hex (4034 2230 2228 4028 4035 2231 2229 4029) (4 1 40.0) simpleGrading (1 1 1)
	hex (4032 4034 4028 4030 4033 4035 4029 4031) (4 1 40.0) simpleGrading (1 1 1)
	hex (2232 4032 4030 2234 2233 4033 4031 2235) (4 1 40.0) simpleGrading (1 1 1)
	hex (4028 2228 1018 934 4029 2229 1019 935) (4 4 40.0) simpleGrading (1 2 1)
	hex (4030 4028 934 936 4031 4029 935 937) (4 4 40.0) simpleGrading (1 2 1)
	hex (2234 4030 936 1020 2235 4031 937 1021) (4 4 40.0) simpleGrading (1 2 1)
	hex (936 938 1022 1020 937 939 1023 1021) (4 4 40.0) simpleGrading (1 1 1)
	hex (938 940 1024 1022 939 941 1025 1023) (4 4 40.0) simpleGrading (1 1 1)
	hex (940 942 1026 1024 941 943 1027 1025) (4 4 40.0) simpleGrading (1 1 1)
	hex (4042 4040 2336 2334 4043 4041 2337 2335) (4 4 40.0) simpleGrading (1 1 1)
	hex (4042 2334 2332 4036 4043 2335 2333 4037) (4 1 40.0) simpleGrading (1 1 1)
	hex (4040 4042 4036 4038 4041 4043 4037 4039) (4 1 40.0) simpleGrading (1 1 1)
	hex (2336 4040 4038 2338 2337 4041 4039 2339) (4 1 40.0) simpleGrading (1 1 1)
	hex (4036 2332 1026 942 4037 2333 1027 943) (4 4 40.0) simpleGrading (1 2 1)
	hex (4038 4036 942 944 4039 4037 943 945) (4 4 40.0) simpleGrading (1 2 1)
	hex (2338 4038 944 1028 2339 4039 945 1029) (4 4 40.0) simpleGrading (1 2 1)
	hex (944 946 1030 1028 945 947 1031 1029) (4 4 40.0) simpleGrading (1 1 1)
	hex (946 948 1032 1030 947 949 1033 1031) (4 4 40.0) simpleGrading (1 1 1)
	hex (948 950 1034 1032 949 951 1035 1033) (4 4 40.0) simpleGrading (1 1 1)
	hex (4050 4048 2440 2438 4051 4049 2441 2439) (4 4 40.0) simpleGrading (1 1 1)
	hex (4050 2438 2436 4044 4051 2439 2437 4045) (4 1 40.0) simpleGrading (1 1 1)
	hex (4048 4050 4044 4046 4049 4051 4045 4047) (4 1 40.0) simpleGrading (1 1 1)
	hex (2440 4048 4046 2442 2441 4049 4047 2443) (4 1 40.0) simpleGrading (1 1 1)
	hex (4044 2436 1034 950 4045 2437 1035 951) (4 4 40.0) simpleGrading (1 2 1)
	hex (4046 4044 950 952 4047 4045 951 953) (4 4 40.0) simpleGrading (1 2 1)
	hex (2442 4046 952 1036 2443 4047 953 1037) (4 4 40.0) simpleGrading (1 2 1)
	hex (952 954 1038 1036 953 955 1039 1037) (4 4 40.0) simpleGrading (1 1 1)
	hex (954 956 1040 1038 955 957 1041 1039) (4 4 40.0) simpleGrading (1 1 1)
	hex (956 958 1042 1040 957 959 1043 1041) (4 4 40.0) simpleGrading (1 1 1)
	hex (4058 4056 2544 2542 4059 4057 2545 2543) (4 4 40.0) simpleGrading (1 1 1)
	hex (4058 2542 2540 4052 4059 2543 2541 4053) (4 1 40.0) simpleGrading (1 1 1)
	hex (4056 4058 4052 4054 4057 4059 4053 4055) (4 1 40.0) simpleGrading (1 1 1)
	hex (2544 4056 4054 2546 2545 4057 4055 2547) (4 1 40.0) simpleGrading (1 1 1)
	hex (4052 2540 1042 958 4053 2541 1043 959) (4 4 40.0) simpleGrading (1 2 1)
	hex (4054 4052 958 960 4055 4053 959 961) (4 4 40.0) simpleGrading (1 2 1)
	hex (2546 4054 960 1044 2547 4055 961 1045) (4 4 40.0) simpleGrading (1 2 1)
	hex (960 962 1046 1044 961 963 1047 1045) (4 4 40.0) simpleGrading (1 1 1)
	hex (962 964 1048 1046 963 965 1049 1047) (4 4 40.0) simpleGrading (1 1 1)
	hex (964 966 1050 1048 965 967 1051 1049) (4 4 40.0) simpleGrading (1 1 1)
	hex (4066 4064 2648 2646 4067 4065 2649 2647) (4 4 40.0) simpleGrading (1 1 1)
	hex (4066 2646 2644 4060 4067 2647 2645 4061) (4 1 40.0) simpleGrading (1 1 1)
	hex (4064 4066 4060 4062 4065 4067 4061 4063) (4 1 40.0) simpleGrading (1 1 1)
	hex (2648 4064 4062 2650 2649 4065 4063 2651) (4 1 40.0) simpleGrading (1 1 1)
	hex (4060 2644 1050 966 4061 2645 1051 967) (4 4 40.0) simpleGrading (1 2 1)
	hex (4062 4060 966 968 4063 4061 967 969) (4 4 40.0) simpleGrading (1 2 1)
	hex (2650 4062 968 1052 2651 4063 969 1053) (4 4 40.0) simpleGrading (1 2 1)
	hex (968 970 1054 1052 969 971 1055 1053) (4 4 40.0) simpleGrading (1 1 1)
	hex (970 972 1056 1054 971 973 1057 1055) (4 4 40.0) simpleGrading (1 1 1)
	hex (972 974 1058 1056 973 975 1059 1057) (4 4 40.0) simpleGrading (1 1 1)
	hex (4074 4072 2752 2750 4075 4073 2753 2751) (4 4 40.0) simpleGrading (1 1 1)
	hex (4074 2750 2748 4068 4075 2751 2749 4069) (4 1 40.0) simpleGrading (1 1 1)
	hex (4072 4074 4068 4070 4073 4075 4069 4071) (4 1 40.0) simpleGrading (1 1 1)
	hex (2752 4072 4070 2754 2753 4073 4071 2755) (4 1 40.0) simpleGrading (1 1 1)
	hex (4068 2748 1058 974 4069 2749 1059 975) (4 4 40.0) simpleGrading (1 2 1)
	hex (4070 4068 974 976 4071 4069 975 977) (4 4 40.0) simpleGrading (1 2 1)
	hex (2754 4070 976 1060 2755 4071 977 1061) (4 4 40.0) simpleGrading (1 2 1)
	hex (976 978 1062 1060 977 979 1063 1061) (4 4 40.0) simpleGrading (1 1 1)
	hex (978 980 1064 1062 979 981 1065 1063) (4 4 40.0) simpleGrading (1 1 1)
	hex (980 982 1066 1064 981 983 1067 1065) (4 4 40.0) simpleGrading (1 1 1)
	hex (4082 4080 2856 2854 4083 4081 2857 2855) (4 4 40.0) simpleGrading (1 1 1)
	hex (4082 2854 2852 4076 4083 2855 2853 4077) (4 1 40.0) simpleGrading (1 1 1)
	hex (4080 4082 4076 4078 4081 4083 4077 4079) (4 1 40.0) simpleGrading (1 1 1)
	hex (2856 4080 4078 2858 2857 4081 4079 2859) (4 1 40.0) simpleGrading (1 1 1)
	hex (4076 2852 1066 982 4077 2853 1067 983) (4 4 40.0) simpleGrading (1 2 1)
	hex (4078 4076 982 984 4079 4077 983 985) (4 4 40.0) simpleGrading (1 2 1)
	hex (2858 4078 984 1068 2859 4079 985 1069) (4 4 40.0) simpleGrading (1 2 1)
	hex (984 986 1070 1068 985 987 1071 1069) (4 4 40.0) simpleGrading (1 1 1)
	hex (986 988 1072 1070 987 989 1073 1071) (4 4 40.0) simpleGrading (1 1 1)
	hex (988 990 1074 1072 989 991 1075 1073) (4 4 40.0) simpleGrading (1 1 1)
	hex (4090 4088 2960 2958 4091 4089 2961 2959) (4 4 40.0) simpleGrading (1 1 1)
	hex (4090 2958 2956 4084 4091 2959 2957 4085) (4 1 40.0) simpleGrading (1 1 1)
	hex (4088 4090 4084 4086 4089 4091 4085 4087) (4 1 40.0) simpleGrading (1 1 1)
	hex (2960 4088 4086 2962 2961 4089 4087 2963) (4 1 40.0) simpleGrading (1 1 1)
	hex (4084 2956 1074 990 4085 2957 1075 991) (4 4 40.0) simpleGrading (1 2 1)
	hex (4086 4084 990 992 4087 4085 991 993) (4 4 40.0) simpleGrading (1 2 1)
	hex (2962 4086 992 1076 2963 4087 993 1077) (4 4 40.0) simpleGrading (1 2 1)
	hex (992 994 1078 1076 993 995 1079 1077) (4 4 40.0) simpleGrading (1 1 1)
	hex (994 996 1080 1078 995 997 1081 1079) (4 4 40.0) simpleGrading (1 1 1)
	hex (996 998 1082 1080 997 999 1083 1081) (4 4 40.0) simpleGrading (1 1 1)
	hex (4098 4096 3064 3062 4099 4097 3065 3063) (4 4 40.0) simpleGrading (1 1 1)
	hex (4098 3062 3060 4092 4099 3063 3061 4093) (4 1 40.0) simpleGrading (1 1 1)
	hex (4096 4098 4092 4094 4097 4099 4093 4095) (4 1 40.0) simpleGrading (1 1 1)
	hex (3064 4096 4094 3066 3065 4097 4095 3067) (4 1 40.0) simpleGrading (1 1 1)
	hex (4092 3060 1082 998 4093 3061 1083 999) (4 4 40.0) simpleGrading (1 2 1)
	hex (4094 4092 998 1000 4095 4093 999 1001) (4 4 40.0) simpleGrading (1 2 1)
	hex (3066 4094 1000 1084 3067 4095 1001 1085) (4 4 40.0) simpleGrading (1 2 1)
	hex (1000 1002 1086 1084 1001 1003 1087 1085) (4 4 40.0) simpleGrading (1 1 1)
	hex (1002 1004 1088 1086 1003 1005 1089 1087) (4 4 40.0) simpleGrading (1 1 1)
	hex (1004 1006 1090 1088 1005 1007 1091 1089) (4 4 40.0) simpleGrading (1 1 1)
	hex (1008 1010 1094 1092 1009 1011 1095 1093) (4 4 40.0) simpleGrading (1 1 1)
	hex (2126 2128 4102 4100 2127 2129 4103 4101) (4 4 40.0) simpleGrading (1 1 1)
	hex (4102 2128 2130 4104 4103 2129 2131 4105) (4 1 40.0) simpleGrading (1 1 1)
	hex (4100 4102 4104 4106 4101 4103 4105 4107) (4 1 40.0) simpleGrading (1 1 1)
	hex (2126 4100 4106 2124 2127 4101 4107 2125) (4 1 40.0) simpleGrading (1 1 1)
	hex (4104 2130 1012 1096 4105 2131 1013 1097) (4 4 40.0) simpleGrading (1 2 1)
	hex (4106 4104 1096 1094 4107 4105 1097 1095) (4 4 40.0) simpleGrading (1 2 1)
	hex (2124 4106 1094 1010 2125 4107 1095 1011) (4 4 40.0) simpleGrading (1 2 1)
	hex (1012 1014 1098 1096 1013 1015 1099 1097) (4 4 40.0) simpleGrading (1 1 1)
	hex (1014 1016 1100 1098 1015 1017 1101 1099) (4 4 40.0) simpleGrading (1 1 1)
	hex (1016 1018 1102 1100 1017 1019 1103 1101) (4 4 40.0) simpleGrading (1 1 1)
	hex (2230 2232 4110 4108 2231 2233 4111 4109) (4 4 40.0) simpleGrading (1 1 1)
	hex (4110 2232 2234 4112 4111 2233 2235 4113) (4 1 40.0) simpleGrading (1 1 1)
	hex (4108 4110 4112 4114 4109 4111 4113 4115) (4 1 40.0) simpleGrading (1 1 1)
	hex (2230 4108 4114 2228 2231 4109 4115 2229) (4 1 40.0) simpleGrading (1 1 1)
	hex (4112 2234 1020 1104 4113 2235 1021 1105) (4 4 40.0) simpleGrading (1 2 1)
	hex (4114 4112 1104 1102 4115 4113 1105 1103) (4 4 40.0) simpleGrading (1 2 1)
	hex (2228 4114 1102 1018 2229 4115 1103 1019) (4 4 40.0) simpleGrading (1 2 1)
	hex (1020 1022 1106 1104 1021 1023 1107 1105) (4 4 40.0) simpleGrading (1 1 1)
	hex (1022 1024 1108 1106 1023 1025 1109 1107) (4 4 40.0) simpleGrading (1 1 1)
	hex (1024 1026 1110 1108 1025 1027 1111 1109) (4 4 40.0) simpleGrading (1 1 1)
	hex (2334 2336 4118 4116 2335 2337 4119 4117) (4 4 40.0) simpleGrading (1 1 1)
	hex (4118 2336 2338 4120 4119 2337 2339 4121) (4 1 40.0) simpleGrading (1 1 1)
	hex (4116 4118 4120 4122 4117 4119 4121 4123) (4 1 40.0) simpleGrading (1 1 1)
	hex (2334 4116 4122 2332 2335 4117 4123 2333) (4 1 40.0) simpleGrading (1 1 1)
	hex (4120 2338 1028 1112 4121 2339 1029 1113) (4 4 40.0) simpleGrading (1 2 1)
	hex (4122 4120 1112 1110 4123 4121 1113 1111) (4 4 40.0) simpleGrading (1 2 1)
	hex (2332 4122 1110 1026 2333 4123 1111 1027) (4 4 40.0) simpleGrading (1 2 1)
	hex (1028 1030 1114 1112 1029 1031 1115 1113) (4 4 40.0) simpleGrading (1 1 1)
	hex (1030 1032 1116 1114 1031 1033 1117 1115) (4 4 40.0) simpleGrading (1 1 1)
	hex (1032 1034 1118 1116 1033 1035 1119 1117) (4 4 40.0) simpleGrading (1 1 1)
	hex (2438 2440 4126 4124 2439 2441 4127 4125) (4 4 40.0) simpleGrading (1 1 1)
	hex (4126 2440 2442 4128 4127 2441 2443 4129) (4 1 40.0) simpleGrading (1 1 1)
	hex (4124 4126 4128 4130 4125 4127 4129 4131) (4 1 40.0) simpleGrading (1 1 1)
	hex (2438 4124 4130 2436 2439 4125 4131 2437) (4 1 40.0) simpleGrading (1 1 1)
	hex (4128 2442 1036 1120 4129 2443 1037 1121) (4 4 40.0) simpleGrading (1 2 1)
	hex (4130 4128 1120 1118 4131 4129 1121 1119) (4 4 40.0) simpleGrading (1 2 1)
	hex (2436 4130 1118 1034 2437 4131 1119 1035) (4 4 40.0) simpleGrading (1 2 1)
	hex (1036 1038 1122 1120 1037 1039 1123 1121) (4 4 40.0) simpleGrading (1 1 1)
	hex (1038 1040 1124 1122 1039 1041 1125 1123) (4 4 40.0) simpleGrading (1 1 1)
	hex (1040 1042 1126 1124 1041 1043 1127 1125) (4 4 40.0) simpleGrading (1 1 1)
	hex (2542 2544 4134 4132 2543 2545 4135 4133) (4 4 40.0) simpleGrading (1 1 1)
	hex (4134 2544 2546 4136 4135 2545 2547 4137) (4 1 40.0) simpleGrading (1 1 1)
	hex (4132 4134 4136 4138 4133 4135 4137 4139) (4 1 40.0) simpleGrading (1 1 1)
	hex (2542 4132 4138 2540 2543 4133 4139 2541) (4 1 40.0) simpleGrading (1 1 1)
	hex (4136 2546 1044 1128 4137 2547 1045 1129) (4 4 40.0) simpleGrading (1 2 1)
	hex (4138 4136 1128 1126 4139 4137 1129 1127) (4 4 40.0) simpleGrading (1 2 1)
	hex (2540 4138 1126 1042 2541 4139 1127 1043) (4 4 40.0) simpleGrading (1 2 1)
	hex (1044 1046 1130 1128 1045 1047 1131 1129) (4 4 40.0) simpleGrading (1 1 1)
	hex (1046 1048 1132 1130 1047 1049 1133 1131) (4 4 40.0) simpleGrading (1 1 1)
	hex (1048 1050 1134 1132 1049 1051 1135 1133) (4 4 40.0) simpleGrading (1 1 1)
	hex (2646 2648 4142 4140 2647 2649 4143 4141) (4 4 40.0) simpleGrading (1 1 1)
	hex (4142 2648 2650 4144 4143 2649 2651 4145) (4 1 40.0) simpleGrading (1 1 1)
	hex (4140 4142 4144 4146 4141 4143 4145 4147) (4 1 40.0) simpleGrading (1 1 1)
	hex (2646 4140 4146 2644 2647 4141 4147 2645) (4 1 40.0) simpleGrading (1 1 1)
	hex (4144 2650 1052 1136 4145 2651 1053 1137) (4 4 40.0) simpleGrading (1 2 1)
	hex (4146 4144 1136 1134 4147 4145 1137 1135) (4 4 40.0) simpleGrading (1 2 1)
	hex (2644 4146 1134 1050 2645 4147 1135 1051) (4 4 40.0) simpleGrading (1 2 1)
	hex (1052 1054 1138 1136 1053 1055 1139 1137) (4 4 40.0) simpleGrading (1 1 1)
	hex (1054 1056 1140 1138 1055 1057 1141 1139) (4 4 40.0) simpleGrading (1 1 1)
	hex (1056 1058 1142 1140 1057 1059 1143 1141) (4 4 40.0) simpleGrading (1 1 1)
	hex (2750 2752 4150 4148 2751 2753 4151 4149) (4 4 40.0) simpleGrading (1 1 1)
	hex (4150 2752 2754 4152 4151 2753 2755 4153) (4 1 40.0) simpleGrading (1 1 1)
	hex (4148 4150 4152 4154 4149 4151 4153 4155) (4 1 40.0) simpleGrading (1 1 1)
	hex (2750 4148 4154 2748 2751 4149 4155 2749) (4 1 40.0) simpleGrading (1 1 1)
	hex (4152 2754 1060 1144 4153 2755 1061 1145) (4 4 40.0) simpleGrading (1 2 1)
	hex (4154 4152 1144 1142 4155 4153 1145 1143) (4 4 40.0) simpleGrading (1 2 1)
	hex (2748 4154 1142 1058 2749 4155 1143 1059) (4 4 40.0) simpleGrading (1 2 1)
	hex (1060 1062 1146 1144 1061 1063 1147 1145) (4 4 40.0) simpleGrading (1 1 1)
	hex (1062 1064 1148 1146 1063 1065 1149 1147) (4 4 40.0) simpleGrading (1 1 1)
	hex (1064 1066 1150 1148 1065 1067 1151 1149) (4 4 40.0) simpleGrading (1 1 1)
	hex (2854 2856 4158 4156 2855 2857 4159 4157) (4 4 40.0) simpleGrading (1 1 1)
	hex (4158 2856 2858 4160 4159 2857 2859 4161) (4 1 40.0) simpleGrading (1 1 1)
	hex (4156 4158 4160 4162 4157 4159 4161 4163) (4 1 40.0) simpleGrading (1 1 1)
	hex (2854 4156 4162 2852 2855 4157 4163 2853) (4 1 40.0) simpleGrading (1 1 1)
	hex (4160 2858 1068 1152 4161 2859 1069 1153) (4 4 40.0) simpleGrading (1 2 1)
	hex (4162 4160 1152 1150 4163 4161 1153 1151) (4 4 40.0) simpleGrading (1 2 1)
	hex (2852 4162 1150 1066 2853 4163 1151 1067) (4 4 40.0) simpleGrading (1 2 1)
	hex (1068 1070 1154 1152 1069 1071 1155 1153) (4 4 40.0) simpleGrading (1 1 1)
	hex (1070 1072 1156 1154 1071 1073 1157 1155) (4 4 40.0) simpleGrading (1 1 1)
	hex (1072 1074 1158 1156 1073 1075 1159 1157) (4 4 40.0) simpleGrading (1 1 1)
	hex (2958 2960 4166 4164 2959 2961 4167 4165) (4 4 40.0) simpleGrading (1 1 1)
	hex (4166 2960 2962 4168 4167 2961 2963 4169) (4 1 40.0) simpleGrading (1 1 1)
	hex (4164 4166 4168 4170 4165 4167 4169 4171) (4 1 40.0) simpleGrading (1 1 1)
	hex (2958 4164 4170 2956 2959 4165 4171 2957) (4 1 40.0) simpleGrading (1 1 1)
	hex (4168 2962 1076 1160 4169 2963 1077 1161) (4 4 40.0) simpleGrading (1 2 1)
	hex (4170 4168 1160 1158 4171 4169 1161 1159) (4 4 40.0) simpleGrading (1 2 1)
	hex (2956 4170 1158 1074 2957 4171 1159 1075) (4 4 40.0) simpleGrading (1 2 1)
	hex (1076 1078 1162 1160 1077 1079 1163 1161) (4 4 40.0) simpleGrading (1 1 1)
	hex (1078 1080 1164 1162 1079 1081 1165 1163) (4 4 40.0) simpleGrading (1 1 1)
	hex (1080 1082 1166 1164 1081 1083 1167 1165) (4 4 40.0) simpleGrading (1 1 1)
	hex (3062 3064 4174 4172 3063 3065 4175 4173) (4 4 40.0) simpleGrading (1 1 1)
	hex (4174 3064 3066 4176 4175 3065 3067 4177) (4 1 40.0) simpleGrading (1 1 1)
	hex (4172 4174 4176 4178 4173 4175 4177 4179) (4 1 40.0) simpleGrading (1 1 1)
	hex (3062 4172 4178 3060 3063 4173 4179 3061) (4 1 40.0) simpleGrading (1 1 1)
	hex (4176 3066 1084 1168 4177 3067 1085 1169) (4 4 40.0) simpleGrading (1 2 1)
	hex (4178 4176 1168 1166 4179 4177 1169 1167) (4 4 40.0) simpleGrading (1 2 1)
	hex (3060 4178 1166 1082 3061 4179 1167 1083) (4 4 40.0) simpleGrading (1 2 1)
	hex (1084 1086 1170 1168 1085 1087 1171 1169) (4 4 40.0) simpleGrading (1 1 1)
	hex (1086 1088 1172 1170 1087 1089 1173 1171) (4 4 40.0) simpleGrading (1 1 1)
	hex (1088 1090 1174 1172 1089 1091 1175 1173) (4 4 40.0) simpleGrading (1 1 1)
	hex (1092 1094 1178 1176 1093 1095 1179 1177) (4 4 40.0) simpleGrading (1 1 1)
	hex (1094 1096 1180 1178 1095 1097 1181 1179) (4 4 40.0) simpleGrading (1 1 1)
	hex (1096 1098 1182 1180 1097 1099 1183 1181) (4 4 40.0) simpleGrading (1 1 1)
	hex (4186 4184 2184 2182 4187 4185 2185 2183) (4 4 40.0) simpleGrading (1 1 1)
	hex (4186 2182 2180 4180 4187 2183 2181 4181) (4 1 40.0) simpleGrading (1 1 1)
	hex (4184 4186 4180 4182 4185 4187 4181 4183) (4 1 40.0) simpleGrading (1 1 1)
	hex (2184 4184 4182 2186 2185 4185 4183 2187) (4 1 40.0) simpleGrading (1 1 1)
	hex (4180 2180 1182 1098 4181 2181 1183 1099) (4 4 40.0) simpleGrading (1 2 1)
	hex (4182 4180 1098 1100 4183 4181 1099 1101) (4 4 40.0) simpleGrading (1 2 1)
	hex (2186 4182 1100 1184 2187 4183 1101 1185) (4 4 40.0) simpleGrading (1 2 1)
	hex (1100 1102 1186 1184 1101 1103 1187 1185) (4 4 40.0) simpleGrading (1 1 1)
	hex (1102 1104 1188 1186 1103 1105 1189 1187) (4 4 40.0) simpleGrading (1 1 1)
	hex (1104 1106 1190 1188 1105 1107 1191 1189) (4 4 40.0) simpleGrading (1 1 1)
	hex (4194 4192 2288 2286 4195 4193 2289 2287) (4 4 40.0) simpleGrading (1 1 1)
	hex (4194 2286 2284 4188 4195 2287 2285 4189) (4 1 40.0) simpleGrading (1 1 1)
	hex (4192 4194 4188 4190 4193 4195 4189 4191) (4 1 40.0) simpleGrading (1 1 1)
	hex (2288 4192 4190 2290 2289 4193 4191 2291) (4 1 40.0) simpleGrading (1 1 1)
	hex (4188 2284 1190 1106 4189 2285 1191 1107) (4 4 40.0) simpleGrading (1 2 1)
	hex (4190 4188 1106 1108 4191 4189 1107 1109) (4 4 40.0) simpleGrading (1 2 1)
	hex (2290 4190 1108 1192 2291 4191 1109 1193) (4 4 40.0) simpleGrading (1 2 1)
	hex (1108 1110 1194 1192 1109 1111 1195 1193) (4 4 40.0) simpleGrading (1 1 1)
	hex (1110 1112 1196 1194 1111 1113 1197 1195) (4 4 40.0) simpleGrading (1 1 1)
	hex (1112 1114 1198 1196 1113 1115 1199 1197) (4 4 40.0) simpleGrading (1 1 1)
	hex (4202 4200 2392 2390 4203 4201 2393 2391) (4 4 40.0) simpleGrading (1 1 1)
	hex (4202 2390 2388 4196 4203 2391 2389 4197) (4 1 40.0) simpleGrading (1 1 1)
	hex (4200 4202 4196 4198 4201 4203 4197 4199) (4 1 40.0) simpleGrading (1 1 1)
	hex (2392 4200 4198 2394 2393 4201 4199 2395) (4 1 40.0) simpleGrading (1 1 1)
	hex (4196 2388 1198 1114 4197 2389 1199 1115) (4 4 40.0) simpleGrading (1 2 1)
	hex (4198 4196 1114 1116 4199 4197 1115 1117) (4 4 40.0) simpleGrading (1 2 1)
	hex (2394 4198 1116 1200 2395 4199 1117 1201) (4 4 40.0) simpleGrading (1 2 1)
	hex (1116 1118 1202 1200 1117 1119 1203 1201) (4 4 40.0) simpleGrading (1 1 1)
	hex (1118 1120 1204 1202 1119 1121 1205 1203) (4 4 40.0) simpleGrading (1 1 1)
	hex (1120 1122 1206 1204 1121 1123 1207 1205) (4 4 40.0) simpleGrading (1 1 1)
	hex (4210 4208 2496 2494 4211 4209 2497 2495) (4 4 40.0) simpleGrading (1 1 1)
	hex (4210 2494 2492 4204 4211 2495 2493 4205) (4 1 40.0) simpleGrading (1 1 1)
	hex (4208 4210 4204 4206 4209 4211 4205 4207) (4 1 40.0) simpleGrading (1 1 1)
	hex (2496 4208 4206 2498 2497 4209 4207 2499) (4 1 40.0) simpleGrading (1 1 1)
	hex (4204 2492 1206 1122 4205 2493 1207 1123) (4 4 40.0) simpleGrading (1 2 1)
	hex (4206 4204 1122 1124 4207 4205 1123 1125) (4 4 40.0) simpleGrading (1 2 1)
	hex (2498 4206 1124 1208 2499 4207 1125 1209) (4 4 40.0) simpleGrading (1 2 1)
	hex (1124 1126 1210 1208 1125 1127 1211 1209) (4 4 40.0) simpleGrading (1 1 1)
	hex (1126 1128 1212 1210 1127 1129 1213 1211) (4 4 40.0) simpleGrading (1 1 1)
	hex (1128 1130 1214 1212 1129 1131 1215 1213) (4 4 40.0) simpleGrading (1 1 1)
	hex (4218 4216 2600 2598 4219 4217 2601 2599) (4 4 40.0) simpleGrading (1 1 1)
	hex (4218 2598 2596 4212 4219 2599 2597 4213) (4 1 40.0) simpleGrading (1 1 1)
	hex (4216 4218 4212 4214 4217 4219 4213 4215) (4 1 40.0) simpleGrading (1 1 1)
	hex (2600 4216 4214 2602 2601 4217 4215 2603) (4 1 40.0) simpleGrading (1 1 1)
	hex (4212 2596 1214 1130 4213 2597 1215 1131) (4 4 40.0) simpleGrading (1 2 1)
	hex (4214 4212 1130 1132 4215 4213 1131 1133) (4 4 40.0) simpleGrading (1 2 1)
	hex (2602 4214 1132 1216 2603 4215 1133 1217) (4 4 40.0) simpleGrading (1 2 1)
	hex (1132 1134 1218 1216 1133 1135 1219 1217) (4 4 40.0) simpleGrading (1 1 1)
	hex (1134 1136 1220 1218 1135 1137 1221 1219) (4 4 40.0) simpleGrading (1 1 1)
	hex (1136 1138 1222 1220 1137 1139 1223 1221) (4 4 40.0) simpleGrading (1 1 1)
	hex (4226 4224 2704 2702 4227 4225 2705 2703) (4 4 40.0) simpleGrading (1 1 1)
	hex (4226 2702 2700 4220 4227 2703 2701 4221) (4 1 40.0) simpleGrading (1 1 1)
	hex (4224 4226 4220 4222 4225 4227 4221 4223) (4 1 40.0) simpleGrading (1 1 1)
	hex (2704 4224 4222 2706 2705 4225 4223 2707) (4 1 40.0) simpleGrading (1 1 1)
	hex (4220 2700 1222 1138 4221 2701 1223 1139) (4 4 40.0) simpleGrading (1 2 1)
	hex (4222 4220 1138 1140 4223 4221 1139 1141) (4 4 40.0) simpleGrading (1 2 1)
	hex (2706 4222 1140 1224 2707 4223 1141 1225) (4 4 40.0) simpleGrading (1 2 1)
	hex (1140 1142 1226 1224 1141 1143 1227 1225) (4 4 40.0) simpleGrading (1 1 1)
	hex (1142 1144 1228 1226 1143 1145 1229 1227) (4 4 40.0) simpleGrading (1 1 1)
	hex (1144 1146 1230 1228 1145 1147 1231 1229) (4 4 40.0) simpleGrading (1 1 1)
	hex (4234 4232 2808 2806 4235 4233 2809 2807) (4 4 40.0) simpleGrading (1 1 1)
	hex (4234 2806 2804 4228 4235 2807 2805 4229) (4 1 40.0) simpleGrading (1 1 1)
	hex (4232 4234 4228 4230 4233 4235 4229 4231) (4 1 40.0) simpleGrading (1 1 1)
	hex (2808 4232 4230 2810 2809 4233 4231 2811) (4 1 40.0) simpleGrading (1 1 1)
	hex (4228 2804 1230 1146 4229 2805 1231 1147) (4 4 40.0) simpleGrading (1 2 1)
	hex (4230 4228 1146 1148 4231 4229 1147 1149) (4 4 40.0) simpleGrading (1 2 1)
	hex (2810 4230 1148 1232 2811 4231 1149 1233) (4 4 40.0) simpleGrading (1 2 1)
	hex (1148 1150 1234 1232 1149 1151 1235 1233) (4 4 40.0) simpleGrading (1 1 1)
	hex (1150 1152 1236 1234 1151 1153 1237 1235) (4 4 40.0) simpleGrading (1 1 1)
	hex (1152 1154 1238 1236 1153 1155 1239 1237) (4 4 40.0) simpleGrading (1 1 1)
	hex (4242 4240 2912 2910 4243 4241 2913 2911) (4 4 40.0) simpleGrading (1 1 1)
	hex (4242 2910 2908 4236 4243 2911 2909 4237) (4 1 40.0) simpleGrading (1 1 1)
	hex (4240 4242 4236 4238 4241 4243 4237 4239) (4 1 40.0) simpleGrading (1 1 1)
	hex (2912 4240 4238 2914 2913 4241 4239 2915) (4 1 40.0) simpleGrading (1 1 1)
	hex (4236 2908 1238 1154 4237 2909 1239 1155) (4 4 40.0) simpleGrading (1 2 1)
	hex (4238 4236 1154 1156 4239 4237 1155 1157) (4 4 40.0) simpleGrading (1 2 1)
	hex (2914 4238 1156 1240 2915 4239 1157 1241) (4 4 40.0) simpleGrading (1 2 1)
	hex (1156 1158 1242 1240 1157 1159 1243 1241) (4 4 40.0) simpleGrading (1 1 1)
	hex (1158 1160 1244 1242 1159 1161 1245 1243) (4 4 40.0) simpleGrading (1 1 1)
	hex (1160 1162 1246 1244 1161 1163 1247 1245) (4 4 40.0) simpleGrading (1 1 1)
	hex (4250 4248 3016 3014 4251 4249 3017 3015) (4 4 40.0) simpleGrading (1 1 1)
	hex (4250 3014 3012 4244 4251 3015 3013 4245) (4 1 40.0) simpleGrading (1 1 1)
	hex (4248 4250 4244 4246 4249 4251 4245 4247) (4 1 40.0) simpleGrading (1 1 1)
	hex (3016 4248 4246 3018 3017 4249 4247 3019) (4 1 40.0) simpleGrading (1 1 1)
	hex (4244 3012 1246 1162 4245 3013 1247 1163) (4 4 40.0) simpleGrading (1 2 1)
	hex (4246 4244 1162 1164 4247 4245 1163 1165) (4 4 40.0) simpleGrading (1 2 1)
	hex (3018 4246 1164 1248 3019 4247 1165 1249) (4 4 40.0) simpleGrading (1 2 1)
	hex (1164 1166 1250 1248 1165 1167 1251 1249) (4 4 40.0) simpleGrading (1 1 1)
	hex (1166 1168 1252 1250 1167 1169 1253 1251) (4 4 40.0) simpleGrading (1 1 1)
	hex (1168 1170 1254 1252 1169 1171 1255 1253) (4 4 40.0) simpleGrading (1 1 1)
	hex (4258 4256 3120 3118 4259 4257 3121 3119) (4 4 40.0) simpleGrading (1 1 1)
	hex (4258 3118 3116 4252 4259 3119 3117 4253) (4 1 40.0) simpleGrading (1 1 1)
	hex (4256 4258 4252 4254 4257 4259 4253 4255) (4 1 40.0) simpleGrading (1 1 1)
	hex (3120 4256 4254 3122 3121 4257 4255 3123) (4 1 40.0) simpleGrading (1 1 1)
	hex (4252 3116 1254 1170 4253 3117 1255 1171) (4 4 40.0) simpleGrading (1 2 1)
	hex (4254 4252 1170 1172 4255 4253 1171 1173) (4 4 40.0) simpleGrading (1 2 1)
	hex (3122 4254 1172 1256 3123 4255 1173 1257) (4 4 40.0) simpleGrading (1 2 1)
	hex (1172 1174 1258 1256 1173 1175 1259 1257) (4 4 40.0) simpleGrading (1 1 1)
	hex (1176 1178 1262 1260 1177 1179 1263 1261) (4 4 40.0) simpleGrading (1 1 1)
	hex (1178 1180 1264 1262 1179 1181 1265 1263) (4 4 40.0) simpleGrading (1 1 1)
	hex (1180 1182 1266 1264 1181 1183 1267 1265) (4 4 40.0) simpleGrading (1 1 1)
	hex (2182 2184 4262 4260 2183 2185 4263 4261) (4 4 40.0) simpleGrading (1 1 1)
	hex (4262 2184 2186 4264 4263 2185 2187 4265) (4 1 40.0) simpleGrading (1 1 1)
	hex (4260 4262 4264 4266 4261 4263 4265 4267) (4 1 40.0) simpleGrading (1 1 1)
	hex (2182 4260 4266 2180 2183 4261 4267 2181) (4 1 40.0) simpleGrading (1 1 1)
	hex (4264 2186 1184 1268 4265 2187 1185 1269) (4 4 40.0) simpleGrading (1 2 1)
	hex (4266 4264 1268 1266 4267 4265 1269 1267) (4 4 40.0) simpleGrading (1 2 1)
	hex (2180 4266 1266 1182 2181 4267 1267 1183) (4 4 40.0) simpleGrading (1 2 1)
	hex (1184 1186 1270 1268 1185 1187 1271 1269) (4 4 40.0) simpleGrading (1 1 1)
	hex (1186 1188 1272 1270 1187 1189 1273 1271) (4 4 40.0) simpleGrading (1 1 1)
	hex (1188 1190 1274 1272 1189 1191 1275 1273) (4 4 40.0) simpleGrading (1 1 1)
	hex (2286 2288 4270 4268 2287 2289 4271 4269) (4 4 40.0) simpleGrading (1 1 1)
	hex (4270 2288 2290 4272 4271 2289 2291 4273) (4 1 40.0) simpleGrading (1 1 1)
	hex (4268 4270 4272 4274 4269 4271 4273 4275) (4 1 40.0) simpleGrading (1 1 1)
	hex (2286 4268 4274 2284 2287 4269 4275 2285) (4 1 40.0) simpleGrading (1 1 1)
	hex (4272 2290 1192 1276 4273 2291 1193 1277) (4 4 40.0) simpleGrading (1 2 1)
	hex (4274 4272 1276 1274 4275 4273 1277 1275) (4 4 40.0) simpleGrading (1 2 1)
	hex (2284 4274 1274 1190 2285 4275 1275 1191) (4 4 40.0) simpleGrading (1 2 1)
	hex (1192 1194 1278 1276 1193 1195 1279 1277) (4 4 40.0) simpleGrading (1 1 1)
	hex (1194 1196 1280 1278 1195 1197 1281 1279) (4 4 40.0) simpleGrading (1 1 1)
	hex (1196 1198 1282 1280 1197 1199 1283 1281) (4 4 40.0) simpleGrading (1 1 1)
	hex (2390 2392 4278 4276 2391 2393 4279 4277) (4 4 40.0) simpleGrading (1 1 1)
	hex (4278 2392 2394 4280 4279 2393 2395 4281) (4 1 40.0) simpleGrading (1 1 1)
	hex (4276 4278 4280 4282 4277 4279 4281 4283) (4 1 40.0) simpleGrading (1 1 1)
	hex (2390 4276 4282 2388 2391 4277 4283 2389) (4 1 40.0) simpleGrading (1 1 1)
	hex (4280 2394 1200 1284 4281 2395 1201 1285) (4 4 40.0) simpleGrading (1 2 1)
	hex (4282 4280 1284 1282 4283 4281 1285 1283) (4 4 40.0) simpleGrading (1 2 1)
	hex (2388 4282 1282 1198 2389 4283 1283 1199) (4 4 40.0) simpleGrading (1 2 1)
	hex (1200 1202 1286 1284 1201 1203 1287 1285) (4 4 40.0) simpleGrading (1 1 1)
	hex (1202 1204 1288 1286 1203 1205 1289 1287) (4 4 40.0) simpleGrading (1 1 1)
	hex (1204 1206 1290 1288 1205 1207 1291 1289) (4 4 40.0) simpleGrading (1 1 1)
	hex (2494 2496 4286 4284 2495 2497 4287 4285) (4 4 40.0) simpleGrading (1 1 1)
	hex (4286 2496 2498 4288 4287 2497 2499 4289) (4 1 40.0) simpleGrading (1 1 1)
	hex (4284 4286 4288 4290 4285 4287 4289 4291) (4 1 40.0) simpleGrading (1 1 1)
	hex (2494 4284 4290 2492 2495 4285 4291 2493) (4 1 40.0) simpleGrading (1 1 1)
	hex (4288 2498 1208 1292 4289 2499 1209 1293) (4 4 40.0) simpleGrading (1 2 1)
	hex (4290 4288 1292 1290 4291 4289 1293 1291) (4 4 40.0) simpleGrading (1 2 1)
	hex (2492 4290 1290 1206 2493 4291 1291 1207) (4 4 40.0) simpleGrading (1 2 1)
	hex (1208 1210 1294 1292 1209 1211 1295 1293) (4 4 40.0) simpleGrading (1 1 1)
	hex (1210 1212 1296 1294 1211 1213 1297 1295) (4 4 40.0) simpleGrading (1 1 1)
	hex (1212 1214 1298 1296 1213 1215 1299 1297) (4 4 40.0) simpleGrading (1 1 1)
	hex (2598 2600 4294 4292 2599 2601 4295 4293) (4 4 40.0) simpleGrading (1 1 1)
	hex (4294 2600 2602 4296 4295 2601 2603 4297) (4 1 40.0) simpleGrading (1 1 1)
	hex (4292 4294 4296 4298 4293 4295 4297 4299) (4 1 40.0) simpleGrading (1 1 1)
	hex (2598 4292 4298 2596 2599 4293 4299 2597) (4 1 40.0) simpleGrading (1 1 1)
	hex (4296 2602 1216 1300 4297 2603 1217 1301) (4 4 40.0) simpleGrading (1 2 1)
	hex (4298 4296 1300 1298 4299 4297 1301 1299) (4 4 40.0) simpleGrading (1 2 1)
	hex (2596 4298 1298 1214 2597 4299 1299 1215) (4 4 40.0) simpleGrading (1 2 1)
	hex (1216 1218 1302 1300 1217 1219 1303 1301) (4 4 40.0) simpleGrading (1 1 1)
	hex (1218 1220 1304 1302 1219 1221 1305 1303) (4 4 40.0) simpleGrading (1 1 1)
	hex (1220 1222 1306 1304 1221 1223 1307 1305) (4 4 40.0) simpleGrading (1 1 1)
	hex (2702 2704 4302 4300 2703 2705 4303 4301) (4 4 40.0) simpleGrading (1 1 1)
	hex (4302 2704 2706 4304 4303 2705 2707 4305) (4 1 40.0) simpleGrading (1 1 1)
	hex (4300 4302 4304 4306 4301 4303 4305 4307) (4 1 40.0) simpleGrading (1 1 1)
	hex (2702 4300 4306 2700 2703 4301 4307 2701) (4 1 40.0) simpleGrading (1 1 1)
	hex (4304 2706 1224 1308 4305 2707 1225 1309) (4 4 40.0) simpleGrading (1 2 1)
	hex (4306 4304 1308 1306 4307 4305 1309 1307) (4 4 40.0) simpleGrading (1 2 1)
	hex (2700 4306 1306 1222 2701 4307 1307 1223) (4 4 40.0) simpleGrading (1 2 1)
	hex (1224 1226 1310 1308 1225 1227 1311 1309) (4 4 40.0) simpleGrading (1 1 1)
	hex (1226 1228 1312 1310 1227 1229 1313 1311) (4 4 40.0) simpleGrading (1 1 1)
	hex (1228 1230 1314 1312 1229 1231 1315 1313) (4 4 40.0) simpleGrading (1 1 1)
	hex (2806 2808 4310 4308 2807 2809 4311 4309) (4 4 40.0) simpleGrading (1 1 1)
	hex (4310 2808 2810 4312 4311 2809 2811 4313) (4 1 40.0) simpleGrading (1 1 1)
	hex (4308 4310 4312 4314 4309 4311 4313 4315) (4 1 40.0) simpleGrading (1 1 1)
	hex (2806 4308 4314 2804 2807 4309 4315 2805) (4 1 40.0) simpleGrading (1 1 1)
	hex (4312 2810 1232 1316 4313 2811 1233 1317) (4 4 40.0) simpleGrading (1 2 1)
	hex (4314 4312 1316 1314 4315 4313 1317 1315) (4 4 40.0) simpleGrading (1 2 1)
	hex (2804 4314 1314 1230 2805 4315 1315 1231) (4 4 40.0) simpleGrading (1 2 1)
	hex (1232 1234 1318 1316 1233 1235 1319 1317) (4 4 40.0) simpleGrading (1 1 1)
	hex (1234 1236 1320 1318 1235 1237 1321 1319) (4 4 40.0) simpleGrading (1 1 1)
	hex (1236 1238 1322 1320 1237 1239 1323 1321) (4 4 40.0) simpleGrading (1 1 1)
	hex (2910 2912 4318 4316 2911 2913 4319 4317) (4 4 40.0) simpleGrading (1 1 1)
	hex (4318 2912 2914 4320 4319 2913 2915 4321) (4 1 40.0) simpleGrading (1 1 1)
	hex (4316 4318 4320 4322 4317 4319 4321 4323) (4 1 40.0) simpleGrading (1 1 1)
	hex (2910 4316 4322 2908 2911 4317 4323 2909) (4 1 40.0) simpleGrading (1 1 1)
	hex (4320 2914 1240 1324 4321 2915 1241 1325) (4 4 40.0) simpleGrading (1 2 1)
	hex (4322 4320 1324 1322 4323 4321 1325 1323) (4 4 40.0) simpleGrading (1 2 1)
	hex (2908 4322 1322 1238 2909 4323 1323 1239) (4 4 40.0) simpleGrading (1 2 1)
	hex (1240 1242 1326 1324 1241 1243 1327 1325) (4 4 40.0) simpleGrading (1 1 1)
	hex (1242 1244 1328 1326 1243 1245 1329 1327) (4 4 40.0) simpleGrading (1 1 1)
	hex (1244 1246 1330 1328 1245 1247 1331 1329) (4 4 40.0) simpleGrading (1 1 1)
	hex (3014 3016 4326 4324 3015 3017 4327 4325) (4 4 40.0) simpleGrading (1 1 1)
	hex (4326 3016 3018 4328 4327 3017 3019 4329) (4 1 40.0) simpleGrading (1 1 1)
	hex (4324 4326 4328 4330 4325 4327 4329 4331) (4 1 40.0) simpleGrading (1 1 1)
	hex (3014 4324 4330 3012 3015 4325 4331 3013) (4 1 40.0) simpleGrading (1 1 1)
	hex (4328 3018 1248 1332 4329 3019 1249 1333) (4 4 40.0) simpleGrading (1 2 1)
	hex (4330 4328 1332 1330 4331 4329 1333 1331) (4 4 40.0) simpleGrading (1 2 1)
	hex (3012 4330 1330 1246 3013 4331 1331 1247) (4 4 40.0) simpleGrading (1 2 1)
	hex (1248 1250 1334 1332 1249 1251 1335 1333) (4 4 40.0) simpleGrading (1 1 1)
	hex (1250 1252 1336 1334 1251 1253 1337 1335) (4 4 40.0) simpleGrading (1 1 1)
	hex (1252 1254 1338 1336 1253 1255 1339 1337) (4 4 40.0) simpleGrading (1 1 1)
	hex (3118 3120 4334 4332 3119 3121 4335 4333) (4 4 40.0) simpleGrading (1 1 1)
	hex (4334 3120 3122 4336 4335 3121 3123 4337) (4 1 40.0) simpleGrading (1 1 1)
	hex (4332 4334 4336 4338 4333 4335 4337 4339) (4 1 40.0) simpleGrading (1 1 1)
	hex (3118 4332 4338 3116 3119 4333 4339 3117) (4 1 40.0) simpleGrading (1 1 1)
	hex (4336 3122 1256 1340 4337 3123 1257 1341) (4 4 40.0) simpleGrading (1 2 1)
	hex (4338 4336 1340 1338 4339 4337 1341 1339) (4 4 40.0) simpleGrading (1 2 1)
	hex (3116 4338 1338 1254 3117 4339 1339 1255) (4 4 40.0) simpleGrading (1 2 1)
	hex (1256 1258 1342 1340 1257 1259 1343 1341) (4 4 40.0) simpleGrading (1 1 1)
	hex (1260 1262 1346 1344 1261 1263 1347 1345) (4 4 40.0) simpleGrading (1 1 1)
	hex (4346 4344 2136 2134 4347 4345 2137 2135) (4 4 40.0) simpleGrading (1 1 1)
	hex (4346 2134 2132 4340 4347 2135 2133 4341) (4 1 40.0) simpleGrading (1 1 1)
	hex (4344 4346 4340 4342 4345 4347 4341 4343) (4 1 40.0) simpleGrading (1 1 1)
	hex (2136 4344 4342 2138 2137 4345 4343 2139) (4 1 40.0) simpleGrading (1 1 1)
	hex (4340 2132 1346 1262 4341 2133 1347 1263) (4 4 40.0) simpleGrading (1 2 1)
	hex (4342 4340 1262 1264 4343 4341 1263 1265) (4 4 40.0) simpleGrading (1 2 1)
	hex (2138 4342 1264 1348 2139 4343 1265 1349) (4 4 40.0) simpleGrading (1 2 1)
	hex (1264 1266 1350 1348 1265 1267 1351 1349) (4 4 40.0) simpleGrading (1 1 1)
	hex (1266 1268 1352 1350 1267 1269 1353 1351) (4 4 40.0) simpleGrading (1 1 1)
	hex (1268 1270 1354 1352 1269 1271 1355 1353) (4 4 40.0) simpleGrading (1 1 1)
	hex (4354 4352 2240 2238 4355 4353 2241 2239) (4 4 40.0) simpleGrading (1 1 1)
	hex (4354 2238 2236 4348 4355 2239 2237 4349) (4 1 40.0) simpleGrading (1 1 1)
	hex (4352 4354 4348 4350 4353 4355 4349 4351) (4 1 40.0) simpleGrading (1 1 1)
	hex (2240 4352 4350 2242 2241 4353 4351 2243) (4 1 40.0) simpleGrading (1 1 1)
	hex (4348 2236 1354 1270 4349 2237 1355 1271) (4 4 40.0) simpleGrading (1 2 1)
	hex (4350 4348 1270 1272 4351 4349 1271 1273) (4 4 40.0) simpleGrading (1 2 1)
	hex (2242 4350 1272 1356 2243 4351 1273 1357) (4 4 40.0) simpleGrading (1 2 1)
	hex (1272 1274 1358 1356 1273 1275 1359 1357) (4 4 40.0) simpleGrading (1 1 1)
	hex (1274 1276 1360 1358 1275 1277 1361 1359) (4 4 40.0) simpleGrading (1 1 1)
	hex (1276 1278 1362 1360 1277 1279 1363 1361) (4 4 40.0) simpleGrading (1 1 1)
	hex (4362 4360 2344 2342 4363 4361 2345 2343) (4 4 40.0) simpleGrading (1 1 1)
	hex (4362 2342 2340 4356 4363 2343 2341 4357) (4 1 40.0) simpleGrading (1 1 1)
	hex (4360 4362 4356 4358 4361 4363 4357 4359) (4 1 40.0) simpleGrading (1 1 1)
	hex (2344 4360 4358 2346 2345 4361 4359 2347) (4 1 40.0) simpleGrading (1 1 1)
	hex (4356 2340 1362 1278 4357 2341 1363 1279) (4 4 40.0) simpleGrading (1 2 1)
	hex (4358 4356 1278 1280 4359 4357 1279 1281) (4 4 40.0) simpleGrading (1 2 1)
	hex (2346 4358 1280 1364 2347 4359 1281 1365) (4 4 40.0) simpleGrading (1 2 1)
	hex (1280 1282 1366 1364 1281 1283 1367 1365) (4 4 40.0) simpleGrading (1 1 1)
	hex (1282 1284 1368 1366 1283 1285 1369 1367) (4 4 40.0) simpleGrading (1 1 1)
	hex (1284 1286 1370 1368 1285 1287 1371 1369) (4 4 40.0) simpleGrading (1 1 1)
	hex (4370 4368 2448 2446 4371 4369 2449 2447) (4 4 40.0) simpleGrading (1 1 1)
	hex (4370 2446 2444 4364 4371 2447 2445 4365) (4 1 40.0) simpleGrading (1 1 1)
	hex (4368 4370 4364 4366 4369 4371 4365 4367) (4 1 40.0) simpleGrading (1 1 1)
	hex (2448 4368 4366 2450 2449 4369 4367 2451) (4 1 40.0) simpleGrading (1 1 1)
	hex (4364 2444 1370 1286 4365 2445 1371 1287) (4 4 40.0) simpleGrading (1 2 1)
	hex (4366 4364 1286 1288 4367 4365 1287 1289) (4 4 40.0) simpleGrading (1 2 1)
	hex (2450 4366 1288 1372 2451 4367 1289 1373) (4 4 40.0) simpleGrading (1 2 1)
	hex (1288 1290 1374 1372 1289 1291 1375 1373) (4 4 40.0) simpleGrading (1 1 1)
	hex (1290 1292 1376 1374 1291 1293 1377 1375) (4 4 40.0) simpleGrading (1 1 1)
	hex (1292 1294 1378 1376 1293 1295 1379 1377) (4 4 40.0) simpleGrading (1 1 1)
	hex (4378 4376 2552 2550 4379 4377 2553 2551) (4 4 40.0) simpleGrading (1 1 1)
	hex (4378 2550 2548 4372 4379 2551 2549 4373) (4 1 40.0) simpleGrading (1 1 1)
	hex (4376 4378 4372 4374 4377 4379 4373 4375) (4 1 40.0) simpleGrading (1 1 1)
	hex (2552 4376 4374 2554 2553 4377 4375 2555) (4 1 40.0) simpleGrading (1 1 1)
	hex (4372 2548 1378 1294 4373 2549 1379 1295) (4 4 40.0) simpleGrading (1 2 1)
	hex (4374 4372 1294 1296 4375 4373 1295 1297) (4 4 40.0) simpleGrading (1 2 1)
	hex (2554 4374 1296 1380 2555 4375 1297 1381) (4 4 40.0) simpleGrading (1 2 1)
	hex (1296 1298 1382 1380 1297 1299 1383 1381) (4 4 40.0) simpleGrading (1 1 1)
	hex (1298 1300 1384 1382 1299 1301 1385 1383) (4 4 40.0) simpleGrading (1 1 1)
	hex (1300 1302 1386 1384 1301 1303 1387 1385) (4 4 40.0) simpleGrading (1 1 1)
	hex (4386 4384 2656 2654 4387 4385 2657 2655) (4 4 40.0) simpleGrading (1 1 1)
	hex (4386 2654 2652 4380 4387 2655 2653 4381) (4 1 40.0) simpleGrading (1 1 1)
	hex (4384 4386 4380 4382 4385 4387 4381 4383) (4 1 40.0) simpleGrading (1 1 1)
	hex (2656 4384 4382 2658 2657 4385 4383 2659) (4 1 40.0) simpleGrading (1 1 1)
	hex (4380 2652 1386 1302 4381 2653 1387 1303) (4 4 40.0) simpleGrading (1 2 1)
	hex (4382 4380 1302 1304 4383 4381 1303 1305) (4 4 40.0) simpleGrading (1 2 1)
	hex (2658 4382 1304 1388 2659 4383 1305 1389) (4 4 40.0) simpleGrading (1 2 1)
	hex (1304 1306 1390 1388 1305 1307 1391 1389) (4 4 40.0) simpleGrading (1 1 1)
	hex (1306 1308 1392 1390 1307 1309 1393 1391) (4 4 40.0) simpleGrading (1 1 1)
	hex (1308 1310 1394 1392 1309 1311 1395 1393) (4 4 40.0) simpleGrading (1 1 1)
	hex (4394 4392 2760 2758 4395 4393 2761 2759) (4 4 40.0) simpleGrading (1 1 1)
	hex (4394 2758 2756 4388 4395 2759 2757 4389) (4 1 40.0) simpleGrading (1 1 1)
	hex (4392 4394 4388 4390 4393 4395 4389 4391) (4 1 40.0) simpleGrading (1 1 1)
	hex (2760 4392 4390 2762 2761 4393 4391 2763) (4 1 40.0) simpleGrading (1 1 1)
	hex (4388 2756 1394 1310 4389 2757 1395 1311) (4 4 40.0) simpleGrading (1 2 1)
	hex (4390 4388 1310 1312 4391 4389 1311 1313) (4 4 40.0) simpleGrading (1 2 1)
	hex (2762 4390 1312 1396 2763 4391 1313 1397) (4 4 40.0) simpleGrading (1 2 1)
	hex (1312 1314 1398 1396 1313 1315 1399 1397) (4 4 40.0) simpleGrading (1 1 1)
	hex (1314 1316 1400 1398 1315 1317 1401 1399) (4 4 40.0) simpleGrading (1 1 1)
	hex (1316 1318 1402 1400 1317 1319 1403 1401) (4 4 40.0) simpleGrading (1 1 1)
	hex (4402 4400 2864 2862 4403 4401 2865 2863) (4 4 40.0) simpleGrading (1 1 1)
	hex (4402 2862 2860 4396 4403 2863 2861 4397) (4 1 40.0) simpleGrading (1 1 1)
	hex (4400 4402 4396 4398 4401 4403 4397 4399) (4 1 40.0) simpleGrading (1 1 1)
	hex (2864 4400 4398 2866 2865 4401 4399 2867) (4 1 40.0) simpleGrading (1 1 1)
	hex (4396 2860 1402 1318 4397 2861 1403 1319) (4 4 40.0) simpleGrading (1 2 1)
	hex (4398 4396 1318 1320 4399 4397 1319 1321) (4 4 40.0) simpleGrading (1 2 1)
	hex (2866 4398 1320 1404 2867 4399 1321 1405) (4 4 40.0) simpleGrading (1 2 1)
	hex (1320 1322 1406 1404 1321 1323 1407 1405) (4 4 40.0) simpleGrading (1 1 1)
	hex (1322 1324 1408 1406 1323 1325 1409 1407) (4 4 40.0) simpleGrading (1 1 1)
	hex (1324 1326 1410 1408 1325 1327 1411 1409) (4 4 40.0) simpleGrading (1 1 1)
	hex (4410 4408 2968 2966 4411 4409 2969 2967) (4 4 40.0) simpleGrading (1 1 1)
	hex (4410 2966 2964 4404 4411 2967 2965 4405) (4 1 40.0) simpleGrading (1 1 1)
	hex (4408 4410 4404 4406 4409 4411 4405 4407) (4 1 40.0) simpleGrading (1 1 1)
	hex (2968 4408 4406 2970 2969 4409 4407 2971) (4 1 40.0) simpleGrading (1 1 1)
	hex (4404 2964 1410 1326 4405 2965 1411 1327) (4 4 40.0) simpleGrading (1 2 1)
	hex (4406 4404 1326 1328 4407 4405 1327 1329) (4 4 40.0) simpleGrading (1 2 1)
	hex (2970 4406 1328 1412 2971 4407 1329 1413) (4 4 40.0) simpleGrading (1 2 1)
	hex (1328 1330 1414 1412 1329 1331 1415 1413) (4 4 40.0) simpleGrading (1 1 1)
	hex (1330 1332 1416 1414 1331 1333 1417 1415) (4 4 40.0) simpleGrading (1 1 1)
	hex (1332 1334 1418 1416 1333 1335 1419 1417) (4 4 40.0) simpleGrading (1 1 1)
	hex (4418 4416 3072 3070 4419 4417 3073 3071) (4 4 40.0) simpleGrading (1 1 1)
	hex (4418 3070 3068 4412 4419 3071 3069 4413) (4 1 40.0) simpleGrading (1 1 1)
	hex (4416 4418 4412 4414 4417 4419 4413 4415) (4 1 40.0) simpleGrading (1 1 1)
	hex (3072 4416 4414 3074 3073 4417 4415 3075) (4 1 40.0) simpleGrading (1 1 1)
	hex (4412 3068 1418 1334 4413 3069 1419 1335) (4 4 40.0) simpleGrading (1 2 1)
	hex (4414 4412 1334 1336 4415 4413 1335 1337) (4 4 40.0) simpleGrading (1 2 1)
	hex (3074 4414 1336 1420 3075 4415 1337 1421) (4 4 40.0) simpleGrading (1 2 1)
	hex (1336 1338 1422 1420 1337 1339 1423 1421) (4 4 40.0) simpleGrading (1 1 1)
	hex (1338 1340 1424 1422 1339 1341 1425 1423) (4 4 40.0) simpleGrading (1 1 1)
	hex (1340 1342 1426 1424 1341 1343 1427 1425) (4 4 40.0) simpleGrading (1 1 1)
	hex (1344 1346 1430 1428 1345 1347 1431 1429) (4 4 40.0) simpleGrading (1 1 1)
	hex (2134 2136 4422 4420 2135 2137 4423 4421) (4 4 40.0) simpleGrading (1 1 1)
	hex (4422 2136 2138 4424 4423 2137 2139 4425) (4 1 40.0) simpleGrading (1 1 1)
	hex (4420 4422 4424 4426 4421 4423 4425 4427) (4 1 40.0) simpleGrading (1 1 1)
	hex (2134 4420 4426 2132 2135 4421 4427 2133) (4 1 40.0) simpleGrading (1 1 1)
	hex (4424 2138 1348 1432 4425 2139 1349 1433) (4 4 40.0) simpleGrading (1 2 1)
	hex (4426 4424 1432 1430 4427 4425 1433 1431) (4 4 40.0) simpleGrading (1 2 1)
	hex (2132 4426 1430 1346 2133 4427 1431 1347) (4 4 40.0) simpleGrading (1 2 1)
	hex (1348 1350 1434 1432 1349 1351 1435 1433) (4 4 40.0) simpleGrading (1 1 1)
	hex (1350 1352 1436 1434 1351 1353 1437 1435) (4 4 40.0) simpleGrading (1 1 1)
	hex (1352 1354 1438 1436 1353 1355 1439 1437) (4 4 40.0) simpleGrading (1 1 1)
	hex (2238 2240 4430 4428 2239 2241 4431 4429) (4 4 40.0) simpleGrading (1 1 1)
	hex (4430 2240 2242 4432 4431 2241 2243 4433) (4 1 40.0) simpleGrading (1 1 1)
	hex (4428 4430 4432 4434 4429 4431 4433 4435) (4 1 40.0) simpleGrading (1 1 1)
	hex (2238 4428 4434 2236 2239 4429 4435 2237) (4 1 40.0) simpleGrading (1 1 1)
	hex (4432 2242 1356 1440 4433 2243 1357 1441) (4 4 40.0) simpleGrading (1 2 1)
	hex (4434 4432 1440 1438 4435 4433 1441 1439) (4 4 40.0) simpleGrading (1 2 1)
	hex (2236 4434 1438 1354 2237 4435 1439 1355) (4 4 40.0) simpleGrading (1 2 1)
	hex (1356 1358 1442 1440 1357 1359 1443 1441) (4 4 40.0) simpleGrading (1 1 1)
	hex (1358 1360 1444 1442 1359 1361 1445 1443) (4 4 40.0) simpleGrading (1 1 1)
	hex (1360 1362 1446 1444 1361 1363 1447 1445) (4 4 40.0) simpleGrading (1 1 1)
	hex (2342 2344 4438 4436 2343 2345 4439 4437) (4 4 40.0) simpleGrading (1 1 1)
	hex (4438 2344 2346 4440 4439 2345 2347 4441) (4 1 40.0) simpleGrading (1 1 1)
	hex (4436 4438 4440 4442 4437 4439 4441 4443) (4 1 40.0) simpleGrading (1 1 1)
	hex (2342 4436 4442 2340 2343 4437 4443 2341) (4 1 40.0) simpleGrading (1 1 1)
	hex (4440 2346 1364 1448 4441 2347 1365 1449) (4 4 40.0) simpleGrading (1 2 1)
	hex (4442 4440 1448 1446 4443 4441 1449 1447) (4 4 40.0) simpleGrading (1 2 1)
	hex (2340 4442 1446 1362 2341 4443 1447 1363) (4 4 40.0) simpleGrading (1 2 1)
	hex (1364 1366 1450 1448 1365 1367 1451 1449) (4 4 40.0) simpleGrading (1 1 1)
	hex (1366 1368 1452 1450 1367 1369 1453 1451) (4 4 40.0) simpleGrading (1 1 1)
	hex (1368 1370 1454 1452 1369 1371 1455 1453) (4 4 40.0) simpleGrading (1 1 1)
	hex (2446 2448 4446 4444 2447 2449 4447 4445) (4 4 40.0) simpleGrading (1 1 1)
	hex (4446 2448 2450 4448 4447 2449 2451 4449) (4 1 40.0) simpleGrading (1 1 1)
	hex (4444 4446 4448 4450 4445 4447 4449 4451) (4 1 40.0) simpleGrading (1 1 1)
	hex (2446 4444 4450 2444 2447 4445 4451 2445) (4 1 40.0) simpleGrading (1 1 1)
	hex (4448 2450 1372 1456 4449 2451 1373 1457) (4 4 40.0) simpleGrading (1 2 1)
	hex (4450 4448 1456 1454 4451 4449 1457 1455) (4 4 40.0) simpleGrading (1 2 1)
	hex (2444 4450 1454 1370 2445 4451 1455 1371) (4 4 40.0) simpleGrading (1 2 1)
	hex (1372 1374 1458 1456 1373 1375 1459 1457) (4 4 40.0) simpleGrading (1 1 1)
	hex (1374 1376 1460 1458 1375 1377 1461 1459) (4 4 40.0) simpleGrading (1 1 1)
	hex (1376 1378 1462 1460 1377 1379 1463 1461) (4 4 40.0) simpleGrading (1 1 1)
	hex (2550 2552 4454 4452 2551 2553 4455 4453) (4 4 40.0) simpleGrading (1 1 1)
	hex (4454 2552 2554 4456 4455 2553 2555 4457) (4 1 40.0) simpleGrading (1 1 1)
	hex (4452 4454 4456 4458 4453 4455 4457 4459) (4 1 40.0) simpleGrading (1 1 1)
	hex (2550 4452 4458 2548 2551 4453 4459 2549) (4 1 40.0) simpleGrading (1 1 1)
	hex (4456 2554 1380 1464 4457 2555 1381 1465) (4 4 40.0) simpleGrading (1 2 1)
	hex (4458 4456 1464 1462 4459 4457 1465 1463) (4 4 40.0) simpleGrading (1 2 1)
	hex (2548 4458 1462 1378 2549 4459 1463 1379) (4 4 40.0) simpleGrading (1 2 1)
	hex (1380 1382 1466 1464 1381 1383 1467 1465) (4 4 40.0) simpleGrading (1 1 1)
	hex (1382 1384 1468 1466 1383 1385 1469 1467) (4 4 40.0) simpleGrading (1 1 1)
	hex (1384 1386 1470 1468 1385 1387 1471 1469) (4 4 40.0) simpleGrading (1 1 1)
	hex (2654 2656 4462 4460 2655 2657 4463 4461) (4 4 40.0) simpleGrading (1 1 1)
	hex (4462 2656 2658 4464 4463 2657 2659 4465) (4 1 40.0) simpleGrading (1 1 1)
	hex (4460 4462 4464 4466 4461 4463 4465 4467) (4 1 40.0) simpleGrading (1 1 1)
	hex (2654 4460 4466 2652 2655 4461 4467 2653) (4 1 40.0) simpleGrading (1 1 1)
	hex (4464 2658 1388 1472 4465 2659 1389 1473) (4 4 40.0) simpleGrading (1 2 1)
	hex (4466 4464 1472 1470 4467 4465 1473 1471) (4 4 40.0) simpleGrading (1 2 1)
	hex (2652 4466 1470 1386 2653 4467 1471 1387) (4 4 40.0) simpleGrading (1 2 1)
	hex (1388 1390 1474 1472 1389 1391 1475 1473) (4 4 40.0) simpleGrading (1 1 1)
	hex (1390 1392 1476 1474 1391 1393 1477 1475) (4 4 40.0) simpleGrading (1 1 1)
	hex (1392 1394 1478 1476 1393 1395 1479 1477) (4 4 40.0) simpleGrading (1 1 1)
	hex (2758 2760 4470 4468 2759 2761 4471 4469) (4 4 40.0) simpleGrading (1 1 1)
	hex (4470 2760 2762 4472 4471 2761 2763 4473) (4 1 40.0) simpleGrading (1 1 1)
	hex (4468 4470 4472 4474 4469 4471 4473 4475) (4 1 40.0) simpleGrading (1 1 1)
	hex (2758 4468 4474 2756 2759 4469 4475 2757) (4 1 40.0) simpleGrading (1 1 1)
	hex (4472 2762 1396 1480 4473 2763 1397 1481) (4 4 40.0) simpleGrading (1 2 1)
	hex (4474 4472 1480 1478 4475 4473 1481 1479) (4 4 40.0) simpleGrading (1 2 1)
	hex (2756 4474 1478 1394 2757 4475 1479 1395) (4 4 40.0) simpleGrading (1 2 1)
	hex (1396 1398 1482 1480 1397 1399 1483 1481) (4 4 40.0) simpleGrading (1 1 1)
	hex (1398 1400 1484 1482 1399 1401 1485 1483) (4 4 40.0) simpleGrading (1 1 1)
	hex (1400 1402 1486 1484 1401 1403 1487 1485) (4 4 40.0) simpleGrading (1 1 1)
	hex (2862 2864 4478 4476 2863 2865 4479 4477) (4 4 40.0) simpleGrading (1 1 1)
	hex (4478 2864 2866 4480 4479 2865 2867 4481) (4 1 40.0) simpleGrading (1 1 1)
	hex (4476 4478 4480 4482 4477 4479 4481 4483) (4 1 40.0) simpleGrading (1 1 1)
	hex (2862 4476 4482 2860 2863 4477 4483 2861) (4 1 40.0) simpleGrading (1 1 1)
	hex (4480 2866 1404 1488 4481 2867 1405 1489) (4 4 40.0) simpleGrading (1 2 1)
	hex (4482 4480 1488 1486 4483 4481 1489 1487) (4 4 40.0) simpleGrading (1 2 1)
	hex (2860 4482 1486 1402 2861 4483 1487 1403) (4 4 40.0) simpleGrading (1 2 1)
	hex (1404 1406 1490 1488 1405 1407 1491 1489) (4 4 40.0) simpleGrading (1 1 1)
	hex (1406 1408 1492 1490 1407 1409 1493 1491) (4 4 40.0) simpleGrading (1 1 1)
	hex (1408 1410 1494 1492 1409 1411 1495 1493) (4 4 40.0) simpleGrading (1 1 1)
	hex (2966 2968 4486 4484 2967 2969 4487 4485) (4 4 40.0) simpleGrading (1 1 1)
	hex (4486 2968 2970 4488 4487 2969 2971 4489) (4 1 40.0) simpleGrading (1 1 1)
	hex (4484 4486 4488 4490 4485 4487 4489 4491) (4 1 40.0) simpleGrading (1 1 1)
	hex (2966 4484 4490 2964 2967 4485 4491 2965) (4 1 40.0) simpleGrading (1 1 1)
	hex (4488 2970 1412 1496 4489 2971 1413 1497) (4 4 40.0) simpleGrading (1 2 1)
	hex (4490 4488 1496 1494 4491 4489 1497 1495) (4 4 40.0) simpleGrading (1 2 1)
	hex (2964 4490 1494 1410 2965 4491 1495 1411) (4 4 40.0) simpleGrading (1 2 1)
	hex (1412 1414 1498 1496 1413 1415 1499 1497) (4 4 40.0) simpleGrading (1 1 1)
	hex (1414 1416 1500 1498 1415 1417 1501 1499) (4 4 40.0) simpleGrading (1 1 1)
	hex (1416 1418 1502 1500 1417 1419 1503 1501) (4 4 40.0) simpleGrading (1 1 1)
	hex (3070 3072 4494 4492 3071 3073 4495 4493) (4 4 40.0) simpleGrading (1 1 1)
	hex (4494 3072 3074 4496 4495 3073 3075 4497) (4 1 40.0) simpleGrading (1 1 1)
	hex (4492 4494 4496 4498 4493 4495 4497 4499) (4 1 40.0) simpleGrading (1 1 1)
	hex (3070 4492 4498 3068 3071 4493 4499 3069) (4 1 40.0) simpleGrading (1 1 1)
	hex (4496 3074 1420 1504 4497 3075 1421 1505) (4 4 40.0) simpleGrading (1 2 1)
	hex (4498 4496 1504 1502 4499 4497 1505 1503) (4 4 40.0) simpleGrading (1 2 1)
	hex (3068 4498 1502 1418 3069 4499 1503 1419) (4 4 40.0) simpleGrading (1 2 1)
	hex (1420 1422 1506 1504 1421 1423 1507 1505) (4 4 40.0) simpleGrading (1 1 1)
	hex (1422 1424 1508 1506 1423 1425 1509 1507) (4 4 40.0) simpleGrading (1 1 1)
	hex (1424 1426 1510 1508 1425 1427 1511 1509) (4 4 40.0) simpleGrading (1 1 1)
	hex (1428 1430 1514 1512 1429 1431 1515 1513) (4 4 40.0) simpleGrading (1 1 1)
	hex (1430 1432 1516 1514 1431 1433 1517 1515) (4 4 40.0) simpleGrading (1 1 1)
	hex (1432 1434 1518 1516 1433 1435 1519 1517) (4 4 40.0) simpleGrading (1 1 1)
	hex (4506 4504 2192 2190 4507 4505 2193 2191) (4 4 40.0) simpleGrading (1 1 1)
	hex (4506 2190 2188 4500 4507 2191 2189 4501) (4 1 40.0) simpleGrading (1 1 1)
	hex (4504 4506 4500 4502 4505 4507 4501 4503) (4 1 40.0) simpleGrading (1 1 1)
	hex (2192 4504 4502 2194 2193 4505 4503 2195) (4 1 40.0) simpleGrading (1 1 1)
	hex (4500 2188 1518 1434 4501 2189 1519 1435) (4 4 40.0) simpleGrading (1 2 1)
	hex (4502 4500 1434 1436 4503 4501 1435 1437) (4 4 40.0) simpleGrading (1 2 1)
	hex (2194 4502 1436 1520 2195 4503 1437 1521) (4 4 40.0) simpleGrading (1 2 1)
	hex (1436 1438 1522 1520 1437 1439 1523 1521) (4 4 40.0) simpleGrading (1 1 1)
	hex (1438 1440 1524 1522 1439 1441 1525 1523) (4 4 40.0) simpleGrading (1 1 1)
	hex (1440 1442 1526 1524 1441 1443 1527 1525) (4 4 40.0) simpleGrading (1 1 1)
	hex (4514 4512 2296 2294 4515 4513 2297 2295) (4 4 40.0) simpleGrading (1 1 1)
	hex (4514 2294 2292 4508 4515 2295 2293 4509) (4 1 40.0) simpleGrading (1 1 1)
	hex (4512 4514 4508 4510 4513 4515 4509 4511) (4 1 40.0) simpleGrading (1 1 1)
	hex (2296 4512 4510 2298 2297 4513 4511 2299) (4 1 40.0) simpleGrading (1 1 1)
	hex (4508 2292 1526 1442 4509 2293 1527 1443) (4 4 40.0) simpleGrading (1 2 1)
	hex (4510 4508 1442 1444 4511 4509 1443 1445) (4 4 40.0) simpleGrading (1 2 1)
	hex (2298 4510 1444 1528 2299 4511 1445 1529) (4 4 40.0) simpleGrading (1 2 1)
	hex (1444 1446 1530 1528 1445 1447 1531 1529) (4 4 40.0) simpleGrading (1 1 1)
	hex (1446 1448 1532 1530 1447 1449 1533 1531) (4 4 40.0) simpleGrading (1 1 1)
	hex (1448 1450 1534 1532 1449 1451 1535 1533) (4 4 40.0) simpleGrading (1 1 1)
	hex (4522 4520 2400 2398 4523 4521 2401 2399) (4 4 40.0) simpleGrading (1 1 1)
	hex (4522 2398 2396 4516 4523 2399 2397 4517) (4 1 40.0) simpleGrading (1 1 1)
	hex (4520 4522 4516 4518 4521 4523 4517 4519) (4 1 40.0) simpleGrading (1 1 1)
	hex (2400 4520 4518 2402 2401 4521 4519 2403) (4 1 40.0) simpleGrading (1 1 1)
	hex (4516 2396 1534 1450 4517 2397 1535 1451) (4 4 40.0) simpleGrading (1 2 1)
	hex (4518 4516 1450 1452 4519 4517 1451 1453) (4 4 40.0) simpleGrading (1 2 1)
	hex (2402 4518 1452 1536 2403 4519 1453 1537) (4 4 40.0) simpleGrading (1 2 1)
	hex (1452 1454 1538 1536 1453 1455 1539 1537) (4 4 40.0) simpleGrading (1 1 1)
	hex (1454 1456 1540 1538 1455 1457 1541 1539) (4 4 40.0) simpleGrading (1 1 1)
	hex (1456 1458 1542 1540 1457 1459 1543 1541) (4 4 40.0) simpleGrading (1 1 1)
	hex (4530 4528 2504 2502 4531 4529 2505 2503) (4 4 40.0) simpleGrading (1 1 1)
	hex (4530 2502 2500 4524 4531 2503 2501 4525) (4 1 40.0) simpleGrading (1 1 1)
	hex (4528 4530 4524 4526 4529 4531 4525 4527) (4 1 40.0) simpleGrading (1 1 1)
	hex (2504 4528 4526 2506 2505 4529 4527 2507) (4 1 40.0) simpleGrading (1 1 1)
	hex (4524 2500 1542 1458 4525 2501 1543 1459) (4 4 40.0) simpleGrading (1 2 1)
	hex (4526 4524 1458 1460 4527 4525 1459 1461) (4 4 40.0) simpleGrading (1 2 1)
	hex (2506 4526 1460 1544 2507 4527 1461 1545) (4 4 40.0) simpleGrading (1 2 1)
	hex (1460 1462 1546 1544 1461 1463 1547 1545) (4 4 40.0) simpleGrading (1 1 1)
	hex (1462 1464 1548 1546 1463 1465 1549 1547) (4 4 40.0) simpleGrading (1 1 1)
	hex (1464 1466 1550 1548 1465 1467 1551 1549) (4 4 40.0) simpleGrading (1 1 1)
	hex (4538 4536 2608 2606 4539 4537 2609 2607) (4 4 40.0) simpleGrading (1 1 1)
	hex (4538 2606 2604 4532 4539 2607 2605 4533) (4 1 40.0) simpleGrading (1 1 1)
	hex (4536 4538 4532 4534 4537 4539 4533 4535) (4 1 40.0) simpleGrading (1 1 1)
	hex (2608 4536 4534 2610 2609 4537 4535 2611) (4 1 40.0) simpleGrading (1 1 1)
	hex (4532 2604 1550 1466 4533 2605 1551 1467) (4 4 40.0) simpleGrading (1 2 1)
	hex (4534 4532 1466 1468 4535 4533 1467 1469) (4 4 40.0) simpleGrading (1 2 1)
	hex (2610 4534 1468 1552 2611 4535 1469 1553) (4 4 40.0) simpleGrading (1 2 1)
	hex (1468 1470 1554 1552 1469 1471 1555 1553) (4 4 40.0) simpleGrading (1 1 1)
	hex (1470 1472 1556 1554 1471 1473 1557 1555) (4 4 40.0) simpleGrading (1 1 1)
	hex (1472 1474 1558 1556 1473 1475 1559 1557) (4 4 40.0) simpleGrading (1 1 1)
	hex (4546 4544 2712 2710 4547 4545 2713 2711) (4 4 40.0) simpleGrading (1 1 1)
	hex (4546 2710 2708 4540 4547 2711 2709 4541) (4 1 40.0) simpleGrading (1 1 1)
	hex (4544 4546 4540 4542 4545 4547 4541 4543) (4 1 40.0) simpleGrading (1 1 1)
	hex (2712 4544 4542 2714 2713 4545 4543 2715) (4 1 40.0) simpleGrading (1 1 1)
	hex (4540 2708 1558 1474 4541 2709 1559 1475) (4 4 40.0) simpleGrading (1 2 1)
	hex (4542 4540 1474 1476 4543 4541 1475 1477) (4 4 40.0) simpleGrading (1 2 1)
	hex (2714 4542 1476 1560 2715 4543 1477 1561) (4 4 40.0) simpleGrading (1 2 1)
	hex (1476 1478 1562 1560 1477 1479 1563 1561) (4 4 40.0) simpleGrading (1 1 1)
	hex (1478 1480 1564 1562 1479 1481 1565 1563) (4 4 40.0) simpleGrading (1 1 1)
	hex (1480 1482 1566 1564 1481 1483 1567 1565) (4 4 40.0) simpleGrading (1 1 1)
	hex (4554 4552 2816 2814 4555 4553 2817 2815) (4 4 40.0) simpleGrading (1 1 1)
	hex (4554 2814 2812 4548 4555 2815 2813 4549) (4 1 40.0) simpleGrading (1 1 1)
	hex (4552 4554 4548 4550 4553 4555 4549 4551) (4 1 40.0) simpleGrading (1 1 1)
	hex (2816 4552 4550 2818 2817 4553 4551 2819) (4 1 40.0) simpleGrading (1 1 1)
	hex (4548 2812 1566 1482 4549 2813 1567 1483) (4 4 40.0) simpleGrading (1 2 1)
	hex (4550 4548 1482 1484 4551 4549 1483 1485) (4 4 40.0) simpleGrading (1 2 1)
	hex (2818 4550 1484 1568 2819 4551 1485 1569) (4 4 40.0) simpleGrading (1 2 1)
	hex (1484 1486 1570 1568 1485 1487 1571 1569) (4 4 40.0) simpleGrading (1 1 1)
	hex (1486 1488 1572 1570 1487 1489 1573 1571) (4 4 40.0) simpleGrading (1 1 1)
	hex (1488 1490 1574 1572 1489 1491 1575 1573) (4 4 40.0) simpleGrading (1 1 1)
	hex (4562 4560 2920 2918 4563 4561 2921 2919) (4 4 40.0) simpleGrading (1 1 1)
	hex (4562 2918 2916 4556 4563 2919 2917 4557) (4 1 40.0) simpleGrading (1 1 1)
	hex (4560 4562 4556 4558 4561 4563 4557 4559) (4 1 40.0) simpleGrading (1 1 1)
	hex (2920 4560 4558 2922 2921 4561 4559 2923) (4 1 40.0) simpleGrading (1 1 1)
	hex (4556 2916 1574 1490 4557 2917 1575 1491) (4 4 40.0) simpleGrading (1 2 1)
	hex (4558 4556 1490 1492 4559 4557 1491 1493) (4 4 40.0) simpleGrading (1 2 1)
	hex (2922 4558 1492 1576 2923 4559 1493 1577) (4 4 40.0) simpleGrading (1 2 1)
	hex (1492 1494 1578 1576 1493 1495 1579 1577) (4 4 40.0) simpleGrading (1 1 1)
	hex (1494 1496 1580 1578 1495 1497 1581 1579) (4 4 40.0) simpleGrading (1 1 1)
	hex (1496 1498 1582 1580 1497 1499 1583 1581) (4 4 40.0) simpleGrading (1 1 1)
	hex (4570 4568 3024 3022 4571 4569 3025 3023) (4 4 40.0) simpleGrading (1 1 1)
	hex (4570 3022 3020 4564 4571 3023 3021 4565) (4 1 40.0) simpleGrading (1 1 1)
	hex (4568 4570 4564 4566 4569 4571 4565 4567) (4 1 40.0) simpleGrading (1 1 1)
	hex (3024 4568 4566 3026 3025 4569 4567 3027) (4 1 40.0) simpleGrading (1 1 1)
	hex (4564 3020 1582 1498 4565 3021 1583 1499) (4 4 40.0) simpleGrading (1 2 1)
	hex (4566 4564 1498 1500 4567 4565 1499 1501) (4 4 40.0) simpleGrading (1 2 1)
	hex (3026 4566 1500 1584 3027 4567 1501 1585) (4 4 40.0) simpleGrading (1 2 1)
	hex (1500 1502 1586 1584 1501 1503 1587 1585) (4 4 40.0) simpleGrading (1 1 1)
	hex (1502 1504 1588 1586 1503 1505 1589 1587) (4 4 40.0) simpleGrading (1 1 1)
	hex (1504 1506 1590 1588 1505 1507 1591 1589) (4 4 40.0) simpleGrading (1 1 1)
	hex (4578 4576 3128 3126 4579 4577 3129 3127) (4 4 40.0) simpleGrading (1 1 1)
	hex (4578 3126 3124 4572 4579 3127 3125 4573) (4 1 40.0) simpleGrading (1 1 1)
	hex (4576 4578 4572 4574 4577 4579 4573 4575) (4 1 40.0) simpleGrading (1 1 1)
	hex (3128 4576 4574 3130 3129 4577 4575 3131) (4 1 40.0) simpleGrading (1 1 1)
	hex (4572 3124 1590 1506 4573 3125 1591 1507) (4 4 40.0) simpleGrading (1 2 1)
	hex (4574 4572 1506 1508 4575 4573 1507 1509) (4 4 40.0) simpleGrading (1 2 1)
	hex (3130 4574 1508 1592 3131 4575 1509 1593) (4 4 40.0) simpleGrading (1 2 1)
	hex (1508 1510 1594 1592 1509 1511 1595 1593) (4 4 40.0) simpleGrading (1 1 1)
	hex (1512 1514 1598 1596 1513 1515 1599 1597) (4 4 40.0) simpleGrading (1 1 1)
	hex (1514 1516 1600 1598 1515 1517 1601 1599) (4 4 40.0) simpleGrading (1 1 1)
	hex (1516 1518 1602 1600 1517 1519 1603 1601) (4 4 40.0) simpleGrading (1 1 1)
	hex (2190 2192 4582 4580 2191 2193 4583 4581) (4 4 40.0) simpleGrading (1 1 1)
	hex (4582 2192 2194 4584 4583 2193 2195 4585) (4 1 40.0) simpleGrading (1 1 1)
	hex (4580 4582 4584 4586 4581 4583 4585 4587) (4 1 40.0) simpleGrading (1 1 1)
	hex (2190 4580 4586 2188 2191 4581 4587 2189) (4 1 40.0) simpleGrading (1 1 1)
	hex (4584 2194 1520 1604 4585 2195 1521 1605) (4 4 40.0) simpleGrading (1 2 1)
	hex (4586 4584 1604 1602 4587 4585 1605 1603) (4 4 40.0) simpleGrading (1 2 1)
	hex (2188 4586 1602 1518 2189 4587 1603 1519) (4 4 40.0) simpleGrading (1 2 1)
	hex (1520 1522 1606 1604 1521 1523 1607 1605) (4 4 40.0) simpleGrading (1 1 1)
	hex (1522 1524 1608 1606 1523 1525 1609 1607) (4 4 40.0) simpleGrading (1 1 1)
	hex (1524 1526 1610 1608 1525 1527 1611 1609) (4 4 40.0) simpleGrading (1 1 1)
	hex (2294 2296 4590 4588 2295 2297 4591 4589) (4 4 40.0) simpleGrading (1 1 1)
	hex (4590 2296 2298 4592 4591 2297 2299 4593) (4 1 40.0) simpleGrading (1 1 1)
	hex (4588 4590 4592 4594 4589 4591 4593 4595) (4 1 40.0) simpleGrading (1 1 1)
	hex (2294 4588 4594 2292 2295 4589 4595 2293) (4 1 40.0) simpleGrading (1 1 1)
	hex (4592 2298 1528 1612 4593 2299 1529 1613) (4 4 40.0) simpleGrading (1 2 1)
	hex (4594 4592 1612 1610 4595 4593 1613 1611) (4 4 40.0) simpleGrading (1 2 1)
	hex (2292 4594 1610 1526 2293 4595 1611 1527) (4 4 40.0) simpleGrading (1 2 1)
	hex (1528 1530 1614 1612 1529 1531 1615 1613) (4 4 40.0) simpleGrading (1 1 1)
	hex (1530 1532 1616 1614 1531 1533 1617 1615) (4 4 40.0) simpleGrading (1 1 1)
	hex (1532 1534 1618 1616 1533 1535 1619 1617) (4 4 40.0) simpleGrading (1 1 1)
	hex (2398 2400 4598 4596 2399 2401 4599 4597) (4 4 40.0) simpleGrading (1 1 1)
	hex (4598 2400 2402 4600 4599 2401 2403 4601) (4 1 40.0) simpleGrading (1 1 1)
	hex (4596 4598 4600 4602 4597 4599 4601 4603) (4 1 40.0) simpleGrading (1 1 1)
	hex (2398 4596 4602 2396 2399 4597 4603 2397) (4 1 40.0) simpleGrading (1 1 1)
	hex (4600 2402 1536 1620 4601 2403 1537 1621) (4 4 40.0) simpleGrading (1 2 1)
	hex (4602 4600 1620 1618 4603 4601 1621 1619) (4 4 40.0) simpleGrading (1 2 1)
	hex (2396 4602 1618 1534 2397 4603 1619 1535) (4 4 40.0) simpleGrading (1 2 1)
	hex (1536 1538 1622 1620 1537 1539 1623 1621) (4 4 40.0) simpleGrading (1 1 1)
	hex (1538 1540 1624 1622 1539 1541 1625 1623) (4 4 40.0) simpleGrading (1 1 1)
	hex (1540 1542 1626 1624 1541 1543 1627 1625) (4 4 40.0) simpleGrading (1 1 1)
	hex (2502 2504 4606 4604 2503 2505 4607 4605) (4 4 40.0) simpleGrading (1 1 1)
	hex (4606 2504 2506 4608 4607 2505 2507 4609) (4 1 40.0) simpleGrading (1 1 1)
	hex (4604 4606 4608 4610 4605 4607 4609 4611) (4 1 40.0) simpleGrading (1 1 1)
	hex (2502 4604 4610 2500 2503 4605 4611 2501) (4 1 40.0) simpleGrading (1 1 1)
	hex (4608 2506 1544 1628 4609 2507 1545 1629) (4 4 40.0) simpleGrading (1 2 1)
	hex (4610 4608 1628 1626 4611 4609 1629 1627) (4 4 40.0) simpleGrading (1 2 1)
	hex (2500 4610 1626 1542 2501 4611 1627 1543) (4 4 40.0) simpleGrading (1 2 1)
	hex (1544 1546 1630 1628 1545 1547 1631 1629) (4 4 40.0) simpleGrading (1 1 1)
	hex (1546 1548 1632 1630 1547 1549 1633 1631) (4 4 40.0) simpleGrading (1 1 1)
	hex (1548 1550 1634 1632 1549 1551 1635 1633) (4 4 40.0) simpleGrading (1 1 1)
	hex (2606 2608 4614 4612 2607 2609 4615 4613) (4 4 40.0) simpleGrading (1 1 1)
	hex (4614 2608 2610 4616 4615 2609 2611 4617) (4 1 40.0) simpleGrading (1 1 1)
	hex (4612 4614 4616 4618 4613 4615 4617 4619) (4 1 40.0) simpleGrading (1 1 1)
	hex (2606 4612 4618 2604 2607 4613 4619 2605) (4 1 40.0) simpleGrading (1 1 1)
	hex (4616 2610 1552 1636 4617 2611 1553 1637) (4 4 40.0) simpleGrading (1 2 1)
	hex (4618 4616 1636 1634 4619 4617 1637 1635) (4 4 40.0) simpleGrading (1 2 1)
	hex (2604 4618 1634 1550 2605 4619 1635 1551) (4 4 40.0) simpleGrading (1 2 1)
	hex (1552 1554 1638 1636 1553 1555 1639 1637) (4 4 40.0) simpleGrading (1 1 1)
	hex (1554 1556 1640 1638 1555 1557 1641 1639) (4 4 40.0) simpleGrading (1 1 1)
	hex (1556 1558 1642 1640 1557 1559 1643 1641) (4 4 40.0) simpleGrading (1 1 1)
	hex (2710 2712 4622 4620 2711 2713 4623 4621) (4 4 40.0) simpleGrading (1 1 1)
	hex (4622 2712 2714 4624 4623 2713 2715 4625) (4 1 40.0) simpleGrading (1 1 1)
	hex (4620 4622 4624 4626 4621 4623 4625 4627) (4 1 40.0) simpleGrading (1 1 1)
	hex (2710 4620 4626 2708 2711 4621 4627 2709) (4 1 40.0) simpleGrading (1 1 1)
	hex (4624 2714 1560 1644 4625 2715 1561 1645) (4 4 40.0) simpleGrading (1 2 1)
	hex (4626 4624 1644 1642 4627 4625 1645 1643) (4 4 40.0) simpleGrading (1 2 1)
	hex (2708 4626 1642 1558 2709 4627 1643 1559) (4 4 40.0) simpleGrading (1 2 1)
	hex (1560 1562 1646 1644 1561 1563 1647 1645) (4 4 40.0) simpleGrading (1 1 1)
	hex (1562 1564 1648 1646 1563 1565 1649 1647) (4 4 40.0) simpleGrading (1 1 1)
	hex (1564 1566 1650 1648 1565 1567 1651 1649) (4 4 40.0) simpleGrading (1 1 1)
	hex (2814 2816 4630 4628 2815 2817 4631 4629) (4 4 40.0) simpleGrading (1 1 1)
	hex (4630 2816 2818 4632 4631 2817 2819 4633) (4 1 40.0) simpleGrading (1 1 1)
	hex (4628 4630 4632 4634 4629 4631 4633 4635) (4 1 40.0) simpleGrading (1 1 1)
	hex (2814 4628 4634 2812 2815 4629 4635 2813) (4 1 40.0) simpleGrading (1 1 1)
	hex (4632 2818 1568 1652 4633 2819 1569 1653) (4 4 40.0) simpleGrading (1 2 1)
	hex (4634 4632 1652 1650 4635 4633 1653 1651) (4 4 40.0) simpleGrading (1 2 1)
	hex (2812 4634 1650 1566 2813 4635 1651 1567) (4 4 40.0) simpleGrading (1 2 1)
	hex (1568 1570 1654 1652 1569 1571 1655 1653) (4 4 40.0) simpleGrading (1 1 1)
	hex (1570 1572 1656 1654 1571 1573 1657 1655) (4 4 40.0) simpleGrading (1 1 1)
	hex (1572 1574 1658 1656 1573 1575 1659 1657) (4 4 40.0) simpleGrading (1 1 1)
	hex (2918 2920 4638 4636 2919 2921 4639 4637) (4 4 40.0) simpleGrading (1 1 1)
	hex (4638 2920 2922 4640 4639 2921 2923 4641) (4 1 40.0) simpleGrading (1 1 1)
	hex (4636 4638 4640 4642 4637 4639 4641 4643) (4 1 40.0) simpleGrading (1 1 1)
	hex (2918 4636 4642 2916 2919 4637 4643 2917) (4 1 40.0) simpleGrading (1 1 1)
	hex (4640 2922 1576 1660 4641 2923 1577 1661) (4 4 40.0) simpleGrading (1 2 1)
	hex (4642 4640 1660 1658 4643 4641 1661 1659) (4 4 40.0) simpleGrading (1 2 1)
	hex (2916 4642 1658 1574 2917 4643 1659 1575) (4 4 40.0) simpleGrading (1 2 1)
	hex (1576 1578 1662 1660 1577 1579 1663 1661) (4 4 40.0) simpleGrading (1 1 1)
	hex (1578 1580 1664 1662 1579 1581 1665 1663) (4 4 40.0) simpleGrading (1 1 1)
	hex (1580 1582 1666 1664 1581 1583 1667 1665) (4 4 40.0) simpleGrading (1 1 1)
	hex (3022 3024 4646 4644 3023 3025 4647 4645) (4 4 40.0) simpleGrading (1 1 1)
	hex (4646 3024 3026 4648 4647 3025 3027 4649) (4 1 40.0) simpleGrading (1 1 1)
	hex (4644 4646 4648 4650 4645 4647 4649 4651) (4 1 40.0) simpleGrading (1 1 1)
	hex (3022 4644 4650 3020 3023 4645 4651 3021) (4 1 40.0) simpleGrading (1 1 1)
	hex (4648 3026 1584 1668 4649 3027 1585 1669) (4 4 40.0) simpleGrading (1 2 1)
	hex (4650 4648 1668 1666 4651 4649 1669 1667) (4 4 40.0) simpleGrading (1 2 1)
	hex (3020 4650 1666 1582 3021 4651 1667 1583) (4 4 40.0) simpleGrading (1 2 1)
	hex (1584 1586 1670 1668 1585 1587 1671 1669) (4 4 40.0) simpleGrading (1 1 1)
	hex (1586 1588 1672 1670 1587 1589 1673 1671) (4 4 40.0) simpleGrading (1 1 1)
	hex (1588 1590 1674 1672 1589 1591 1675 1673) (4 4 40.0) simpleGrading (1 1 1)
	hex (3126 3128 4654 4652 3127 3129 4655 4653) (4 4 40.0) simpleGrading (1 1 1)
	hex (4654 3128 3130 4656 4655 3129 3131 4657) (4 1 40.0) simpleGrading (1 1 1)
	hex (4652 4654 4656 4658 4653 4655 4657 4659) (4 1 40.0) simpleGrading (1 1 1)
	hex (3126 4652 4658 3124 3127 4653 4659 3125) (4 1 40.0) simpleGrading (1 1 1)
	hex (4656 3130 1592 1676 4657 3131 1593 1677) (4 4 40.0) simpleGrading (1 2 1)
	hex (4658 4656 1676 1674 4659 4657 1677 1675) (4 4 40.0) simpleGrading (1 2 1)
	hex (3124 4658 1674 1590 3125 4659 1675 1591) (4 4 40.0) simpleGrading (1 2 1)
	hex (1592 1594 1678 1676 1593 1595 1679 1677) (4 4 40.0) simpleGrading (1 1 1)
	hex (1596 1598 1682 1680 1597 1599 1683 1681) (4 4 40.0) simpleGrading (1 1 1)
	hex (4666 4664 2144 2142 4667 4665 2145 2143) (4 4 40.0) simpleGrading (1 1 1)
	hex (4666 2142 2140 4660 4667 2143 2141 4661) (4 1 40.0) simpleGrading (1 1 1)
	hex (4664 4666 4660 4662 4665 4667 4661 4663) (4 1 40.0) simpleGrading (1 1 1)
	hex (2144 4664 4662 2146 2145 4665 4663 2147) (4 1 40.0) simpleGrading (1 1 1)
	hex (4660 2140 1682 1598 4661 2141 1683 1599) (4 4 40.0) simpleGrading (1 2 1)
	hex (4662 4660 1598 1600 4663 4661 1599 1601) (4 4 40.0) simpleGrading (1 2 1)
	hex (2146 4662 1600 1684 2147 4663 1601 1685) (4 4 40.0) simpleGrading (1 2 1)
	hex (1600 1602 1686 1684 1601 1603 1687 1685) (4 4 40.0) simpleGrading (1 1 1)
	hex (1602 1604 1688 1686 1603 1605 1689 1687) (4 4 40.0) simpleGrading (1 1 1)
	hex (1604 1606 1690 1688 1605 1607 1691 1689) (4 4 40.0) simpleGrading (1 1 1)
	hex (4674 4672 2248 2246 4675 4673 2249 2247) (4 4 40.0) simpleGrading (1 1 1)
	hex (4674 2246 2244 4668 4675 2247 2245 4669) (4 1 40.0) simpleGrading (1 1 1)
	hex (4672 4674 4668 4670 4673 4675 4669 4671) (4 1 40.0) simpleGrading (1 1 1)
	hex (2248 4672 4670 2250 2249 4673 4671 2251) (4 1 40.0) simpleGrading (1 1 1)
	hex (4668 2244 1690 1606 4669 2245 1691 1607) (4 4 40.0) simpleGrading (1 2 1)
	hex (4670 4668 1606 1608 4671 4669 1607 1609) (4 4 40.0) simpleGrading (1 2 1)
	hex (2250 4670 1608 1692 2251 4671 1609 1693) (4 4 40.0) simpleGrading (1 2 1)
	hex (1608 1610 1694 1692 1609 1611 1695 1693) (4 4 40.0) simpleGrading (1 1 1)
	hex (1610 1612 1696 1694 1611 1613 1697 1695) (4 4 40.0) simpleGrading (1 1 1)
	hex (1612 1614 1698 1696 1613 1615 1699 1697) (4 4 40.0) simpleGrading (1 1 1)
	hex (4682 4680 2352 2350 4683 4681 2353 2351) (4 4 40.0) simpleGrading (1 1 1)
	hex (4682 2350 2348 4676 4683 2351 2349 4677) (4 1 40.0) simpleGrading (1 1 1)
	hex (4680 4682 4676 4678 4681 4683 4677 4679) (4 1 40.0) simpleGrading (1 1 1)
	hex (2352 4680 4678 2354 2353 4681 4679 2355) (4 1 40.0) simpleGrading (1 1 1)
	hex (4676 2348 1698 1614 4677 2349 1699 1615) (4 4 40.0) simpleGrading (1 2 1)
	hex (4678 4676 1614 1616 4679 4677 1615 1617) (4 4 40.0) simpleGrading (1 2 1)
	hex (2354 4678 1616 1700 2355 4679 1617 1701) (4 4 40.0) simpleGrading (1 2 1)
	hex (1616 1618 1702 1700 1617 1619 1703 1701) (4 4 40.0) simpleGrading (1 1 1)
	hex (1618 1620 1704 1702 1619 1621 1705 1703) (4 4 40.0) simpleGrading (1 1 1)
	hex (1620 1622 1706 1704 1621 1623 1707 1705) (4 4 40.0) simpleGrading (1 1 1)
	hex (4690 4688 2456 2454 4691 4689 2457 2455) (4 4 40.0) simpleGrading (1 1 1)
	hex (4690 2454 2452 4684 4691 2455 2453 4685) (4 1 40.0) simpleGrading (1 1 1)
	hex (4688 4690 4684 4686 4689 4691 4685 4687) (4 1 40.0) simpleGrading (1 1 1)
	hex (2456 4688 4686 2458 2457 4689 4687 2459) (4 1 40.0) simpleGrading (1 1 1)
	hex (4684 2452 1706 1622 4685 2453 1707 1623) (4 4 40.0) simpleGrading (1 2 1)
	hex (4686 4684 1622 1624 4687 4685 1623 1625) (4 4 40.0) simpleGrading (1 2 1)
	hex (2458 4686 1624 1708 2459 4687 1625 1709) (4 4 40.0) simpleGrading (1 2 1)
	hex (1624 1626 1710 1708 1625 1627 1711 1709) (4 4 40.0) simpleGrading (1 1 1)
	hex (1626 1628 1712 1710 1627 1629 1713 1711) (4 4 40.0) simpleGrading (1 1 1)
	hex (1628 1630 1714 1712 1629 1631 1715 1713) (4 4 40.0) simpleGrading (1 1 1)
	hex (4698 4696 2560 2558 4699 4697 2561 2559) (4 4 40.0) simpleGrading (1 1 1)
	hex (4698 2558 2556 4692 4699 2559 2557 4693) (4 1 40.0) simpleGrading (1 1 1)
	hex (4696 4698 4692 4694 4697 4699 4693 4695) (4 1 40.0) simpleGrading (1 1 1)
	hex (2560 4696 4694 2562 2561 4697 4695 2563) (4 1 40.0) simpleGrading (1 1 1)
	hex (4692 2556 1714 1630 4693 2557 1715 1631) (4 4 40.0) simpleGrading (1 2 1)
	hex (4694 4692 1630 1632 4695 4693 1631 1633) (4 4 40.0) simpleGrading (1 2 1)
	hex (2562 4694 1632 1716 2563 4695 1633 1717) (4 4 40.0) simpleGrading (1 2 1)
	hex (1632 1634 1718 1716 1633 1635 1719 1717) (4 4 40.0) simpleGrading (1 1 1)
	hex (1634 1636 1720 1718 1635 1637 1721 1719) (4 4 40.0) simpleGrading (1 1 1)
	hex (1636 1638 1722 1720 1637 1639 1723 1721) (4 4 40.0) simpleGrading (1 1 1)
	hex (4706 4704 2664 2662 4707 4705 2665 2663) (4 4 40.0) simpleGrading (1 1 1)
	hex (4706 2662 2660 4700 4707 2663 2661 4701) (4 1 40.0) simpleGrading (1 1 1)
	hex (4704 4706 4700 4702 4705 4707 4701 4703) (4 1 40.0) simpleGrading (1 1 1)
	hex (2664 4704 4702 2666 2665 4705 4703 2667) (4 1 40.0) simpleGrading (1 1 1)
	hex (4700 2660 1722 1638 4701 2661 1723 1639) (4 4 40.0) simpleGrading (1 2 1)
	hex (4702 4700 1638 1640 4703 4701 1639 1641) (4 4 40.0) simpleGrading (1 2 1)
	hex (2666 4702 1640 1724 2667 4703 1641 1725) (4 4 40.0) simpleGrading (1 2 1)
	hex (1640 1642 1726 1724 1641 1643 1727 1725) (4 4 40.0) simpleGrading (1 1 1)
	hex (1642 1644 1728 1726 1643 1645 1729 1727) (4 4 40.0) simpleGrading (1 1 1)
	hex (1644 1646 1730 1728 1645 1647 1731 1729) (4 4 40.0) simpleGrading (1 1 1)
	hex (4714 4712 2768 2766 4715 4713 2769 2767) (4 4 40.0) simpleGrading (1 1 1)
	hex (4714 2766 2764 4708 4715 2767 2765 4709) (4 1 40.0) simpleGrading (1 1 1)
	hex (4712 4714 4708 4710 4713 4715 4709 4711) (4 1 40.0) simpleGrading (1 1 1)
	hex (2768 4712 4710 2770 2769 4713 4711 2771) (4 1 40.0) simpleGrading (1 1 1)
	hex (4708 2764 1730 1646 4709 2765 1731 1647) (4 4 40.0) simpleGrading (1 2 1)
	hex (4710 4708 1646 1648 4711 4709 1647 1649) (4 4 40.0) simpleGrading (1 2 1)
	hex (2770 4710 1648 1732 2771 4711 1649 1733) (4 4 40.0) simpleGrading (1 2 1)
	hex (1648 1650 1734 1732 1649 1651 1735 1733) (4 4 40.0) simpleGrading (1 1 1)
	hex (1650 1652 1736 1734 1651 1653 1737 1735) (4 4 40.0) simpleGrading (1 1 1)
	hex (1652 1654 1738 1736 1653 1655 1739 1737) (4 4 40.0) simpleGrading (1 1 1)
	hex (4722 4720 2872 2870 4723 4721 2873 2871) (4 4 40.0) simpleGrading (1 1 1)
	hex (4722 2870 2868 4716 4723 2871 2869 4717) (4 1 40.0) simpleGrading (1 1 1)
	hex (4720 4722 4716 4718 4721 4723 4717 4719) (4 1 40.0) simpleGrading (1 1 1)
	hex (2872 4720 4718 2874 2873 4721 4719 2875) (4 1 40.0) simpleGrading (1 1 1)
	hex (4716 2868 1738 1654 4717 2869 1739 1655) (4 4 40.0) simpleGrading (1 2 1)
	hex (4718 4716 1654 1656 4719 4717 1655 1657) (4 4 40.0) simpleGrading (1 2 1)
	hex (2874 4718 1656 1740 2875 4719 1657 1741) (4 4 40.0) simpleGrading (1 2 1)
	hex (1656 1658 1742 1740 1657 1659 1743 1741) (4 4 40.0) simpleGrading (1 1 1)
	hex (1658 1660 1744 1742 1659 1661 1745 1743) (4 4 40.0) simpleGrading (1 1 1)
	hex (1660 1662 1746 1744 1661 1663 1747 1745) (4 4 40.0) simpleGrading (1 1 1)
	hex (4730 4728 2976 2974 4731 4729 2977 2975) (4 4 40.0) simpleGrading (1 1 1)
	hex (4730 2974 2972 4724 4731 2975 2973 4725) (4 1 40.0) simpleGrading (1 1 1)
	hex (4728 4730 4724 4726 4729 4731 4725 4727) (4 1 40.0) simpleGrading (1 1 1)
	hex (2976 4728 4726 2978 2977 4729 4727 2979) (4 1 40.0) simpleGrading (1 1 1)
	hex (4724 2972 1746 1662 4725 2973 1747 1663) (4 4 40.0) simpleGrading (1 2 1)
	hex (4726 4724 1662 1664 4727 4725 1663 1665) (4 4 40.0) simpleGrading (1 2 1)
	hex (2978 4726 1664 1748 2979 4727 1665 1749) (4 4 40.0) simpleGrading (1 2 1)
	hex (1664 1666 1750 1748 1665 1667 1751 1749) (4 4 40.0) simpleGrading (1 1 1)
	hex (1666 1668 1752 1750 1667 1669 1753 1751) (4 4 40.0) simpleGrading (1 1 1)
	hex (1668 1670 1754 1752 1669 1671 1755 1753) (4 4 40.0) simpleGrading (1 1 1)
	hex (4738 4736 3080 3078 4739 4737 3081 3079) (4 4 40.0) simpleGrading (1 1 1)
	hex (4738 3078 3076 4732 4739 3079 3077 4733) (4 1 40.0) simpleGrading (1 1 1)
	hex (4736 4738 4732 4734 4737 4739 4733 4735) (4 1 40.0) simpleGrading (1 1 1)
	hex (3080 4736 4734 3082 3081 4737 4735 3083) (4 1 40.0) simpleGrading (1 1 1)
	hex (4732 3076 1754 1670 4733 3077 1755 1671) (4 4 40.0) simpleGrading (1 2 1)
	hex (4734 4732 1670 1672 4735 4733 1671 1673) (4 4 40.0) simpleGrading (1 2 1)
	hex (3082 4734 1672 1756 3083 4735 1673 1757) (4 4 40.0) simpleGrading (1 2 1)
	hex (1672 1674 1758 1756 1673 1675 1759 1757) (4 4 40.0) simpleGrading (1 1 1)
	hex (1674 1676 1760 1758 1675 1677 1761 1759) (4 4 40.0) simpleGrading (1 1 1)
	hex (1676 1678 1762 1760 1677 1679 1763 1761) (4 4 40.0) simpleGrading (1 1 1)
	hex (1680 1682 1766 1764 1681 1683 1767 1765) (4 4 40.0) simpleGrading (1 1 1)
	hex (2142 2144 4742 4740 2143 2145 4743 4741) (4 4 40.0) simpleGrading (1 1 1)
	hex (4742 2144 2146 4744 4743 2145 2147 4745) (4 1 40.0) simpleGrading (1 1 1)
	hex (4740 4742 4744 4746 4741 4743 4745 4747) (4 1 40.0) simpleGrading (1 1 1)
	hex (2142 4740 4746 2140 2143 4741 4747 2141) (4 1 40.0) simpleGrading (1 1 1)
	hex (4744 2146 1684 1768 4745 2147 1685 1769) (4 4 40.0) simpleGrading (1 2 1)
	hex (4746 4744 1768 1766 4747 4745 1769 1767) (4 4 40.0) simpleGrading (1 2 1)
	hex (2140 4746 1766 1682 2141 4747 1767 1683) (4 4 40.0) simpleGrading (1 2 1)
	hex (1684 1686 1770 1768 1685 1687 1771 1769) (4 4 40.0) simpleGrading (1 1 1)
	hex (1686 1688 1772 1770 1687 1689 1773 1771) (4 4 40.0) simpleGrading (1 1 1)
	hex (1688 1690 1774 1772 1689 1691 1775 1773) (4 4 40.0) simpleGrading (1 1 1)
	hex (2246 2248 4750 4748 2247 2249 4751 4749) (4 4 40.0) simpleGrading (1 1 1)
	hex (4750 2248 2250 4752 4751 2249 2251 4753) (4 1 40.0) simpleGrading (1 1 1)
	hex (4748 4750 4752 4754 4749 4751 4753 4755) (4 1 40.0) simpleGrading (1 1 1)
	hex (2246 4748 4754 2244 2247 4749 4755 2245) (4 1 40.0) simpleGrading (1 1 1)
	hex (4752 2250 1692 1776 4753 2251 1693 1777) (4 4 40.0) simpleGrading (1 2 1)
	hex (4754 4752 1776 1774 4755 4753 1777 1775) (4 4 40.0) simpleGrading (1 2 1)
	hex (2244 4754 1774 1690 2245 4755 1775 1691) (4 4 40.0) simpleGrading (1 2 1)
	hex (1692 1694 1778 1776 1693 1695 1779 1777) (4 4 40.0) simpleGrading (1 1 1)
	hex (1694 1696 1780 1778 1695 1697 1781 1779) (4 4 40.0) simpleGrading (1 1 1)
	hex (1696 1698 1782 1780 1697 1699 1783 1781) (4 4 40.0) simpleGrading (1 1 1)
	hex (2350 2352 4758 4756 2351 2353 4759 4757) (4 4 40.0) simpleGrading (1 1 1)
	hex (4758 2352 2354 4760 4759 2353 2355 4761) (4 1 40.0) simpleGrading (1 1 1)
	hex (4756 4758 4760 4762 4757 4759 4761 4763) (4 1 40.0) simpleGrading (1 1 1)
	hex (2350 4756 4762 2348 2351 4757 4763 2349) (4 1 40.0) simpleGrading (1 1 1)
	hex (4760 2354 1700 1784 4761 2355 1701 1785) (4 4 40.0) simpleGrading (1 2 1)
	hex (4762 4760 1784 1782 4763 4761 1785 1783) (4 4 40.0) simpleGrading (1 2 1)
	hex (2348 4762 1782 1698 2349 4763 1783 1699) (4 4 40.0) simpleGrading (1 2 1)
	hex (1700 1702 1786 1784 1701 1703 1787 1785) (4 4 40.0) simpleGrading (1 1 1)
	hex (1702 1704 1788 1786 1703 1705 1789 1787) (4 4 40.0) simpleGrading (1 1 1)
	hex (1704 1706 1790 1788 1705 1707 1791 1789) (4 4 40.0) simpleGrading (1 1 1)
	hex (2454 2456 4766 4764 2455 2457 4767 4765) (4 4 40.0) simpleGrading (1 1 1)
	hex (4766 2456 2458 4768 4767 2457 2459 4769) (4 1 40.0) simpleGrading (1 1 1)
	hex (4764 4766 4768 4770 4765 4767 4769 4771) (4 1 40.0) simpleGrading (1 1 1)
	hex (2454 4764 4770 2452 2455 4765 4771 2453) (4 1 40.0) simpleGrading (1 1 1)
	hex (4768 2458 1708 1792 4769 2459 1709 1793) (4 4 40.0) simpleGrading (1 2 1)
	hex (4770 4768 1792 1790 4771 4769 1793 1791) (4 4 40.0) simpleGrading (1 2 1)
	hex (2452 4770 1790 1706 2453 4771 1791 1707) (4 4 40.0) simpleGrading (1 2 1)
	hex (1708 1710 1794 1792 1709 1711 1795 1793) (4 4 40.0) simpleGrading (1 1 1)
	hex (1710 1712 1796 1794 1711 1713 1797 1795) (4 4 40.0) simpleGrading (1 1 1)
	hex (1712 1714 1798 1796 1713 1715 1799 1797) (4 4 40.0) simpleGrading (1 1 1)
	hex (2558 2560 4774 4772 2559 2561 4775 4773) (4 4 40.0) simpleGrading (1 1 1)
	hex (4774 2560 2562 4776 4775 2561 2563 4777) (4 1 40.0) simpleGrading (1 1 1)
	hex (4772 4774 4776 4778 4773 4775 4777 4779) (4 1 40.0) simpleGrading (1 1 1)
	hex (2558 4772 4778 2556 2559 4773 4779 2557) (4 1 40.0) simpleGrading (1 1 1)
	hex (4776 2562 1716 1800 4777 2563 1717 1801) (4 4 40.0) simpleGrading (1 2 1)
	hex (4778 4776 1800 1798 4779 4777 1801 1799) (4 4 40.0) simpleGrading (1 2 1)
	hex (2556 4778 1798 1714 2557 4779 1799 1715) (4 4 40.0) simpleGrading (1 2 1)
	hex (1716 1718 1802 1800 1717 1719 1803 1801) (4 4 40.0) simpleGrading (1 1 1)
	hex (1718 1720 1804 1802 1719 1721 1805 1803) (4 4 40.0) simpleGrading (1 1 1)
	hex (1720 1722 1806 1804 1721 1723 1807 1805) (4 4 40.0) simpleGrading (1 1 1)
	hex (2662 2664 4782 4780 2663 2665 4783 4781) (4 4 40.0) simpleGrading (1 1 1)
	hex (4782 2664 2666 4784 4783 2665 2667 4785) (4 1 40.0) simpleGrading (1 1 1)
	hex (4780 4782 4784 4786 4781 4783 4785 4787) (4 1 40.0) simpleGrading (1 1 1)
	hex (2662 4780 4786 2660 2663 4781 4787 2661) (4 1 40.0) simpleGrading (1 1 1)
	hex (4784 2666 1724 1808 4785 2667 1725 1809) (4 4 40.0) simpleGrading (1 2 1)
	hex (4786 4784 1808 1806 4787 4785 1809 1807) (4 4 40.0) simpleGrading (1 2 1)
	hex (2660 4786 1806 1722 2661 4787 1807 1723) (4 4 40.0) simpleGrading (1 2 1)
	hex (1724 1726 1810 1808 1725 1727 1811 1809) (4 4 40.0) simpleGrading (1 1 1)
	hex (1726 1728 1812 1810 1727 1729 1813 1811) (4 4 40.0) simpleGrading (1 1 1)
	hex (1728 1730 1814 1812 1729 1731 1815 1813) (4 4 40.0) simpleGrading (1 1 1)
	hex (2766 2768 4790 4788 2767 2769 4791 4789) (4 4 40.0) simpleGrading (1 1 1)
	hex (4790 2768 2770 4792 4791 2769 2771 4793) (4 1 40.0) simpleGrading (1 1 1)
	hex (4788 4790 4792 4794 4789 4791 4793 4795) (4 1 40.0) simpleGrading (1 1 1)
	hex (2766 4788 4794 2764 2767 4789 4795 2765) (4 1 40.0) simpleGrading (1 1 1)
	hex (4792 2770 1732 1816 4793 2771 1733 1817) (4 4 40.0) simpleGrading (1 2 1)
	hex (4794 4792 1816 1814 4795 4793 1817 1815) (4 4 40.0) simpleGrading (1 2 1)
	hex (2764 4794 1814 1730 2765 4795 1815 1731) (4 4 40.0) simpleGrading (1 2 1)
	hex (1732 1734 1818 1816 1733 1735 1819 1817) (4 4 40.0) simpleGrading (1 1 1)
	hex (1734 1736 1820 1818 1735 1737 1821 1819) (4 4 40.0) simpleGrading (1 1 1)
	hex (1736 1738 1822 1820 1737 1739 1823 1821) (4 4 40.0) simpleGrading (1 1 1)
	hex (2870 2872 4798 4796 2871 2873 4799 4797) (4 4 40.0) simpleGrading (1 1 1)
	hex (4798 2872 2874 4800 4799 2873 2875 4801) (4 1 40.0) simpleGrading (1 1 1)
	hex (4796 4798 4800 4802 4797 4799 4801 4803) (4 1 40.0) simpleGrading (1 1 1)
	hex (2870 4796 4802 2868 2871 4797 4803 2869) (4 1 40.0) simpleGrading (1 1 1)
	hex (4800 2874 1740 1824 4801 2875 1741 1825) (4 4 40.0) simpleGrading (1 2 1)
	hex (4802 4800 1824 1822 4803 4801 1825 1823) (4 4 40.0) simpleGrading (1 2 1)
	hex (2868 4802 1822 1738 2869 4803 1823 1739) (4 4 40.0) simpleGrading (1 2 1)
	hex (1740 1742 1826 1824 1741 1743 1827 1825) (4 4 40.0) simpleGrading (1 1 1)
	hex (1742 1744 1828 1826 1743 1745 1829 1827) (4 4 40.0) simpleGrading (1 1 1)
	hex (1744 1746 1830 1828 1745 1747 1831 1829) (4 4 40.0) simpleGrading (1 1 1)
	hex (2974 2976 4806 4804 2975 2977 4807 4805) (4 4 40.0) simpleGrading (1 1 1)
	hex (4806 2976 2978 4808 4807 2977 2979 4809) (4 1 40.0) simpleGrading (1 1 1)
	hex (4804 4806 4808 4810 4805 4807 4809 4811) (4 1 40.0) simpleGrading (1 1 1)
	hex (2974 4804 4810 2972 2975 4805 4811 2973) (4 1 40.0) simpleGrading (1 1 1)
	hex (4808 2978 1748 1832 4809 2979 1749 1833) (4 4 40.0) simpleGrading (1 2 1)
	hex (4810 4808 1832 1830 4811 4809 1833 1831) (4 4 40.0) simpleGrading (1 2 1)
	hex (2972 4810 1830 1746 2973 4811 1831 1747) (4 4 40.0) simpleGrading (1 2 1)
	hex (1748 1750 1834 1832 1749 1751 1835 1833) (4 4 40.0) simpleGrading (1 1 1)
	hex (1750 1752 1836 1834 1751 1753 1837 1835) (4 4 40.0) simpleGrading (1 1 1)
	hex (1752 1754 1838 1836 1753 1755 1839 1837) (4 4 40.0) simpleGrading (1 1 1)
	hex (3078 3080 4814 4812 3079 3081 4815 4813) (4 4 40.0) simpleGrading (1 1 1)
	hex (4814 3080 3082 4816 4815 3081 3083 4817) (4 1 40.0) simpleGrading (1 1 1)
	hex (4812 4814 4816 4818 4813 4815 4817 4819) (4 1 40.0) simpleGrading (1 1 1)
	hex (3078 4812 4818 3076 3079 4813 4819 3077) (4 1 40.0) simpleGrading (1 1 1)
	hex (4816 3082 1756 1840 4817 3083 1757 1841) (4 4 40.0) simpleGrading (1 2 1)
	hex (4818 4816 1840 1838 4819 4817 1841 1839) (4 4 40.0) simpleGrading (1 2 1)
	hex (3076 4818 1838 1754 3077 4819 1839 1755) (4 4 40.0) simpleGrading (1 2 1)
	hex (1756 1758 1842 1840 1757 1759 1843 1841) (4 4 40.0) simpleGrading (1 1 1)
	hex (1758 1760 1844 1842 1759 1761 1845 1843) (4 4 40.0) simpleGrading (1 1 1)
	hex (1760 1762 1846 1844 1761 1763 1847 1845) (4 4 40.0) simpleGrading (1 1 1)
	hex (1764 1766 1850 1848 1765 1767 1851 1849) (4 4 40.0) simpleGrading (1 1 1)
	hex (1766 1768 1852 1850 1767 1769 1853 1851) (4 4 40.0) simpleGrading (1 1 1)
	hex (1768 1770 1854 1852 1769 1771 1855 1853) (4 4 40.0) simpleGrading (1 1 1)
	hex (4826 4824 2200 2198 4827 4825 2201 2199) (4 4 40.0) simpleGrading (1 1 1)
	hex (4826 2198 2196 4820 4827 2199 2197 4821) (4 1 40.0) simpleGrading (1 1 1)
	hex (4824 4826 4820 4822 4825 4827 4821 4823) (4 1 40.0) simpleGrading (1 1 1)
	hex (2200 4824 4822 2202 2201 4825 4823 2203) (4 1 40.0) simpleGrading (1 1 1)
	hex (4820 2196 1854 1770 4821 2197 1855 1771) (4 4 40.0) simpleGrading (1 2 1)
	hex (4822 4820 1770 1772 4823 4821 1771 1773) (4 4 40.0) simpleGrading (1 2 1)
	hex (2202 4822 1772 1856 2203 4823 1773 1857) (4 4 40.0) simpleGrading (1 2 1)
	hex (1772 1774 1858 1856 1773 1775 1859 1857) (4 4 40.0) simpleGrading (1 1 1)
	hex (1774 1776 1860 1858 1775 1777 1861 1859) (4 4 40.0) simpleGrading (1 1 1)
	hex (1776 1778 1862 1860 1777 1779 1863 1861) (4 4 40.0) simpleGrading (1 1 1)
	hex (4834 4832 2304 2302 4835 4833 2305 2303) (4 4 40.0) simpleGrading (1 1 1)
	hex (4834 2302 2300 4828 4835 2303 2301 4829) (4 1 40.0) simpleGrading (1 1 1)
	hex (4832 4834 4828 4830 4833 4835 4829 4831) (4 1 40.0) simpleGrading (1 1 1)
	hex (2304 4832 4830 2306 2305 4833 4831 2307) (4 1 40.0) simpleGrading (1 1 1)
	hex (4828 2300 1862 1778 4829 2301 1863 1779) (4 4 40.0) simpleGrading (1 2 1)
	hex (4830 4828 1778 1780 4831 4829 1779 1781) (4 4 40.0) simpleGrading (1 2 1)
	hex (2306 4830 1780 1864 2307 4831 1781 1865) (4 4 40.0) simpleGrading (1 2 1)
	hex (1780 1782 1866 1864 1781 1783 1867 1865) (4 4 40.0) simpleGrading (1 1 1)
	hex (1782 1784 1868 1866 1783 1785 1869 1867) (4 4 40.0) simpleGrading (1 1 1)
	hex (1784 1786 1870 1868 1785 1787 1871 1869) (4 4 40.0) simpleGrading (1 1 1)
	hex (4842 4840 2408 2406 4843 4841 2409 2407) (4 4 40.0) simpleGrading (1 1 1)
	hex (4842 2406 2404 4836 4843 2407 2405 4837) (4 1 40.0) simpleGrading (1 1 1)
	hex (4840 4842 4836 4838 4841 4843 4837 4839) (4 1 40.0) simpleGrading (1 1 1)
	hex (2408 4840 4838 2410 2409 4841 4839 2411) (4 1 40.0) simpleGrading (1 1 1)
	hex (4836 2404 1870 1786 4837 2405 1871 1787) (4 4 40.0) simpleGrading (1 2 1)
	hex (4838 4836 1786 1788 4839 4837 1787 1789) (4 4 40.0) simpleGrading (1 2 1)
	hex (2410 4838 1788 1872 2411 4839 1789 1873) (4 4 40.0) simpleGrading (1 2 1)
	hex (1788 1790 1874 1872 1789 1791 1875 1873) (4 4 40.0) simpleGrading (1 1 1)
	hex (1790 1792 1876 1874 1791 1793 1877 1875) (4 4 40.0) simpleGrading (1 1 1)
	hex (1792 1794 1878 1876 1793 1795 1879 1877) (4 4 40.0) simpleGrading (1 1 1)
	hex (4850 4848 2512 2510 4851 4849 2513 2511) (4 4 40.0) simpleGrading (1 1 1)
	hex (4850 2510 2508 4844 4851 2511 2509 4845) (4 1 40.0) simpleGrading (1 1 1)
	hex (4848 4850 4844 4846 4849 4851 4845 4847) (4 1 40.0) simpleGrading (1 1 1)
	hex (2512 4848 4846 2514 2513 4849 4847 2515) (4 1 40.0) simpleGrading (1 1 1)
	hex (4844 2508 1878 1794 4845 2509 1879 1795) (4 4 40.0) simpleGrading (1 2 1)
	hex (4846 4844 1794 1796 4847 4845 1795 1797) (4 4 40.0) simpleGrading (1 2 1)
	hex (2514 4846 1796 1880 2515 4847 1797 1881) (4 4 40.0) simpleGrading (1 2 1)
	hex (1796 1798 1882 1880 1797 1799 1883 1881) (4 4 40.0) simpleGrading (1 1 1)
	hex (1798 1800 1884 1882 1799 1801 1885 1883) (4 4 40.0) simpleGrading (1 1 1)
	hex (1800 1802 1886 1884 1801 1803 1887 1885) (4 4 40.0) simpleGrading (1 1 1)
	hex (4858 4856 2616 2614 4859 4857 2617 2615) (4 4 40.0) simpleGrading (1 1 1)
	hex (4858 2614 2612 4852 4859 2615 2613 4853) (4 1 40.0) simpleGrading (1 1 1)
	hex (4856 4858 4852 4854 4857 4859 4853 4855) (4 1 40.0) simpleGrading (1 1 1)
	hex (2616 4856 4854 2618 2617 4857 4855 2619) (4 1 40.0) simpleGrading (1 1 1)
	hex (4852 2612 1886 1802 4853 2613 1887 1803) (4 4 40.0) simpleGrading (1 2 1)
	hex (4854 4852 1802 1804 4855 4853 1803 1805) (4 4 40.0) simpleGrading (1 2 1)
	hex (2618 4854 1804 1888 2619 4855 1805 1889) (4 4 40.0) simpleGrading (1 2 1)
	hex (1804 1806 1890 1888 1805 1807 1891 1889) (4 4 40.0) simpleGrading (1 1 1)
	hex (1806 1808 1892 1890 1807 1809 1893 1891) (4 4 40.0) simpleGrading (1 1 1)
	hex (1808 1810 1894 1892 1809 1811 1895 1893) (4 4 40.0) simpleGrading (1 1 1)
	hex (4866 4864 2720 2718 4867 4865 2721 2719) (4 4 40.0) simpleGrading (1 1 1)
	hex (4866 2718 2716 4860 4867 2719 2717 4861) (4 1 40.0) simpleGrading (1 1 1)
	hex (4864 4866 4860 4862 4865 4867 4861 4863) (4 1 40.0) simpleGrading (1 1 1)
	hex (2720 4864 4862 2722 2721 4865 4863 2723) (4 1 40.0) simpleGrading (1 1 1)
	hex (4860 2716 1894 1810 4861 2717 1895 1811) (4 4 40.0) simpleGrading (1 2 1)
	hex (4862 4860 1810 1812 4863 4861 1811 1813) (4 4 40.0) simpleGrading (1 2 1)
	hex (2722 4862 1812 1896 2723 4863 1813 1897) (4 4 40.0) simpleGrading (1 2 1)
	hex (1812 1814 1898 1896 1813 1815 1899 1897) (4 4 40.0) simpleGrading (1 1 1)
	hex (1814 1816 1900 1898 1815 1817 1901 1899) (4 4 40.0) simpleGrading (1 1 1)
	hex (1816 1818 1902 1900 1817 1819 1903 1901) (4 4 40.0) simpleGrading (1 1 1)
	hex (4874 4872 2824 2822 4875 4873 2825 2823) (4 4 40.0) simpleGrading (1 1 1)
	hex (4874 2822 2820 4868 4875 2823 2821 4869) (4 1 40.0) simpleGrading (1 1 1)
	hex (4872 4874 4868 4870 4873 4875 4869 4871) (4 1 40.0) simpleGrading (1 1 1)
	hex (2824 4872 4870 2826 2825 4873 4871 2827) (4 1 40.0) simpleGrading (1 1 1)
	hex (4868 2820 1902 1818 4869 2821 1903 1819) (4 4 40.0) simpleGrading (1 2 1)
	hex (4870 4868 1818 1820 4871 4869 1819 1821) (4 4 40.0) simpleGrading (1 2 1)
	hex (2826 4870 1820 1904 2827 4871 1821 1905) (4 4 40.0) simpleGrading (1 2 1)
	hex (1820 1822 1906 1904 1821 1823 1907 1905) (4 4 40.0) simpleGrading (1 1 1)
	hex (1822 1824 1908 1906 1823 1825 1909 1907) (4 4 40.0) simpleGrading (1 1 1)
	hex (1824 1826 1910 1908 1825 1827 1911 1909) (4 4 40.0) simpleGrading (1 1 1)
	hex (4882 4880 2928 2926 4883 4881 2929 2927) (4 4 40.0) simpleGrading (1 1 1)
	hex (4882 2926 2924 4876 4883 2927 2925 4877) (4 1 40.0) simpleGrading (1 1 1)
	hex (4880 4882 4876 4878 4881 4883 4877 4879) (4 1 40.0) simpleGrading (1 1 1)
	hex (2928 4880 4878 2930 2929 4881 4879 2931) (4 1 40.0) simpleGrading (1 1 1)
	hex (4876 2924 1910 1826 4877 2925 1911 1827) (4 4 40.0) simpleGrading (1 2 1)
	hex (4878 4876 1826 1828 4879 4877 1827 1829) (4 4 40.0) simpleGrading (1 2 1)
	hex (2930 4878 1828 1912 2931 4879 1829 1913) (4 4 40.0) simpleGrading (1 2 1)
	hex (1828 1830 1914 1912 1829 1831 1915 1913) (4 4 40.0) simpleGrading (1 1 1)
	hex (1830 1832 1916 1914 1831 1833 1917 1915) (4 4 40.0) simpleGrading (1 1 1)
	hex (1832 1834 1918 1916 1833 1835 1919 1917) (4 4 40.0) simpleGrading (1 1 1)
	hex (4890 4888 3032 3030 4891 4889 3033 3031) (4 4 40.0) simpleGrading (1 1 1)
	hex (4890 3030 3028 4884 4891 3031 3029 4885) (4 1 40.0) simpleGrading (1 1 1)
	hex (4888 4890 4884 4886 4889 4891 4885 4887) (4 1 40.0) simpleGrading (1 1 1)
	hex (3032 4888 4886 3034 3033 4889 4887 3035) (4 1 40.0) simpleGrading (1 1 1)
	hex (4884 3028 1918 1834 4885 3029 1919 1835) (4 4 40.0) simpleGrading (1 2 1)
	hex (4886 4884 1834 1836 4887 4885 1835 1837) (4 4 40.0) simpleGrading (1 2 1)
	hex (3034 4886 1836 1920 3035 4887 1837 1921) (4 4 40.0) simpleGrading (1 2 1)
	hex (1836 1838 1922 1920 1837 1839 1923 1921) (4 4 40.0) simpleGrading (1 1 1)
	hex (1838 1840 1924 1922 1839 1841 1925 1923) (4 4 40.0) simpleGrading (1 1 1)
	hex (1840 1842 1926 1924 1841 1843 1927 1925) (4 4 40.0) simpleGrading (1 1 1)
	hex (4898 4896 3136 3134 4899 4897 3137 3135) (4 4 40.0) simpleGrading (1 1 1)
	hex (4898 3134 3132 4892 4899 3135 3133 4893) (4 1 40.0) simpleGrading (1 1 1)
	hex (4896 4898 4892 4894 4897 4899 4893 4895) (4 1 40.0) simpleGrading (1 1 1)
	hex (3136 4896 4894 3138 3137 4897 4895 3139) (4 1 40.0) simpleGrading (1 1 1)
	hex (4892 3132 1926 1842 4893 3133 1927 1843) (4 4 40.0) simpleGrading (1 2 1)
	hex (4894 4892 1842 1844 4895 4893 1843 1845) (4 4 40.0) simpleGrading (1 2 1)
	hex (3138 4894 1844 1928 3139 4895 1845 1929) (4 4 40.0) simpleGrading (1 2 1)
	hex (1844 1846 1930 1928 1845 1847 1931 1929) (4 4 40.0) simpleGrading (1 1 1)
	hex (1848 1850 1934 1932 1849 1851 1935 1933) (4 4 40.0) simpleGrading (1 1 1)
	hex (1850 1852 1936 1934 1851 1853 1937 1935) (4 4 40.0) simpleGrading (1 1 1)
	hex (1852 1854 1938 1936 1853 1855 1939 1937) (4 4 40.0) simpleGrading (1 1 1)
	hex (2198 2200 4902 4900 2199 2201 4903 4901) (4 4 40.0) simpleGrading (1 1 1)
	hex (4902 2200 2202 4904 4903 2201 2203 4905) (4 1 40.0) simpleGrading (1 1 1)
	hex (4900 4902 4904 4906 4901 4903 4905 4907) (4 1 40.0) simpleGrading (1 1 1)
	hex (2198 4900 4906 2196 2199 4901 4907 2197) (4 1 40.0) simpleGrading (1 1 1)
	hex (4904 2202 1856 1940 4905 2203 1857 1941) (4 4 40.0) simpleGrading (1 2 1)
	hex (4906 4904 1940 1938 4907 4905 1941 1939) (4 4 40.0) simpleGrading (1 2 1)
	hex (2196 4906 1938 1854 2197 4907 1939 1855) (4 4 40.0) simpleGrading (1 2 1)
	hex (1856 1858 1942 1940 1857 1859 1943 1941) (4 4 40.0) simpleGrading (1 1 1)
	hex (1858 1860 1944 1942 1859 1861 1945 1943) (4 4 40.0) simpleGrading (1 1 1)
	hex (1860 1862 1946 1944 1861 1863 1947 1945) (4 4 40.0) simpleGrading (1 1 1)
	hex (2302 2304 4910 4908 2303 2305 4911 4909) (4 4 40.0) simpleGrading (1 1 1)
	hex (4910 2304 2306 4912 4911 2305 2307 4913) (4 1 40.0) simpleGrading (1 1 1)
	hex (4908 4910 4912 4914 4909 4911 4913 4915) (4 1 40.0) simpleGrading (1 1 1)
	hex (2302 4908 4914 2300 2303 4909 4915 2301) (4 1 40.0) simpleGrading (1 1 1)
	hex (4912 2306 1864 1948 4913 2307 1865 1949) (4 4 40.0) simpleGrading (1 2 1)
	hex (4914 4912 1948 1946 4915 4913 1949 1947) (4 4 40.0) simpleGrading (1 2 1)
	hex (2300 4914 1946 1862 2301 4915 1947 1863) (4 4 40.0) simpleGrading (1 2 1)
	hex (1864 1866 1950 1948 1865 1867 1951 1949) (4 4 40.0) simpleGrading (1 1 1)
	hex (1866 1868 1952 1950 1867 1869 1953 1951) (4 4 40.0) simpleGrading (1 1 1)
	hex (1868 1870 1954 1952 1869 1871 1955 1953) (4 4 40.0) simpleGrading (1 1 1)
	hex (2406 2408 4918 4916 2407 2409 4919 4917) (4 4 40.0) simpleGrading (1 1 1)
	hex (4918 2408 2410 4920 4919 2409 2411 4921) (4 1 40.0) simpleGrading (1 1 1)
	hex (4916 4918 4920 4922 4917 4919 4921 4923) (4 1 40.0) simpleGrading (1 1 1)
	hex (2406 4916 4922 2404 2407 4917 4923 2405) (4 1 40.0) simpleGrading (1 1 1)
	hex (4920 2410 1872 1956 4921 2411 1873 1957) (4 4 40.0) simpleGrading (1 2 1)
	hex (4922 4920 1956 1954 4923 4921 1957 1955) (4 4 40.0) simpleGrading (1 2 1)
	hex (2404 4922 1954 1870 2405 4923 1955 1871) (4 4 40.0) simpleGrading (1 2 1)
	hex (1872 1874 1958 1956 1873 1875 1959 1957) (4 4 40.0) simpleGrading (1 1 1)
	hex (1874 1876 1960 1958 1875 1877 1961 1959) (4 4 40.0) simpleGrading (1 1 1)
	hex (1876 1878 1962 1960 1877 1879 1963 1961) (4 4 40.0) simpleGrading (1 1 1)
	hex (2510 2512 4926 4924 2511 2513 4927 4925) (4 4 40.0) simpleGrading (1 1 1)
	hex (4926 2512 2514 4928 4927 2513 2515 4929) (4 1 40.0) simpleGrading (1 1 1)
	hex (4924 4926 4928 4930 4925 4927 4929 4931) (4 1 40.0) simpleGrading (1 1 1)
	hex (2510 4924 4930 2508 2511 4925 4931 2509) (4 1 40.0) simpleGrading (1 1 1)
	hex (4928 2514 1880 1964 4929 2515 1881 1965) (4 4 40.0) simpleGrading (1 2 1)
	hex (4930 4928 1964 1962 4931 4929 1965 1963) (4 4 40.0) simpleGrading (1 2 1)
	hex (2508 4930 1962 1878 2509 4931 1963 1879) (4 4 40.0) simpleGrading (1 2 1)
	hex (1880 1882 1966 1964 1881 1883 1967 1965) (4 4 40.0) simpleGrading (1 1 1)
	hex (1882 1884 1968 1966 1883 1885 1969 1967) (4 4 40.0) simpleGrading (1 1 1)
	hex (1884 1886 1970 1968 1885 1887 1971 1969) (4 4 40.0) simpleGrading (1 1 1)
	hex (2614 2616 4934 4932 2615 2617 4935 4933) (4 4 40.0) simpleGrading (1 1 1)
	hex (4934 2616 2618 4936 4935 2617 2619 4937) (4 1 40.0) simpleGrading (1 1 1)
	hex (4932 4934 4936 4938 4933 4935 4937 4939) (4 1 40.0) simpleGrading (1 1 1)
	hex (2614 4932 4938 2612 2615 4933 4939 2613) (4 1 40.0) simpleGrading (1 1 1)
	hex (4936 2618 1888 1972 4937 2619 1889 1973) (4 4 40.0) simpleGrading (1 2 1)
	hex (4938 4936 1972 1970 4939 4937 1973 1971) (4 4 40.0) simpleGrading (1 2 1)
	hex (2612 4938 1970 1886 2613 4939 1971 1887) (4 4 40.0) simpleGrading (1 2 1)
	hex (1888 1890 1974 1972 1889 1891 1975 1973) (4 4 40.0) simpleGrading (1 1 1)
	hex (1890 1892 1976 1974 1891 1893 1977 1975) (4 4 40.0) simpleGrading (1 1 1)
	hex (1892 1894 1978 1976 1893 1895 1979 1977) (4 4 40.0) simpleGrading (1 1 1)
	hex (2718 2720 4942 4940 2719 2721 4943 4941) (4 4 40.0) simpleGrading (1 1 1)
	hex (4942 2720 2722 4944 4943 2721 2723 4945) (4 1 40.0) simpleGrading (1 1 1)
	hex (4940 4942 4944 4946 4941 4943 4945 4947) (4 1 40.0) simpleGrading (1 1 1)
	hex (2718 4940 4946 2716 2719 4941 4947 2717) (4 1 40.0) simpleGrading (1 1 1)
	hex (4944 2722 1896 1980 4945 2723 1897 1981) (4 4 40.0) simpleGrading (1 2 1)
	hex (4946 4944 1980 1978 4947 4945 1981 1979) (4 4 40.0) simpleGrading (1 2 1)
	hex (2716 4946 1978 1894 2717 4947 1979 1895) (4 4 40.0) simpleGrading (1 2 1)
	hex (1896 1898 1982 1980 1897 1899 1983 1981) (4 4 40.0) simpleGrading (1 1 1)
	hex (1898 1900 1984 1982 1899 1901 1985 1983) (4 4 40.0) simpleGrading (1 1 1)
	hex (1900 1902 1986 1984 1901 1903 1987 1985) (4 4 40.0) simpleGrading (1 1 1)
	hex (2822 2824 4950 4948 2823 2825 4951 4949) (4 4 40.0) simpleGrading (1 1 1)
	hex (4950 2824 2826 4952 4951 2825 2827 4953) (4 1 40.0) simpleGrading (1 1 1)
	hex (4948 4950 4952 4954 4949 4951 4953 4955) (4 1 40.0) simpleGrading (1 1 1)
	hex (2822 4948 4954 2820 2823 4949 4955 2821) (4 1 40.0) simpleGrading (1 1 1)
	hex (4952 2826 1904 1988 4953 2827 1905 1989) (4 4 40.0) simpleGrading (1 2 1)
	hex (4954 4952 1988 1986 4955 4953 1989 1987) (4 4 40.0) simpleGrading (1 2 1)
	hex (2820 4954 1986 1902 2821 4955 1987 1903) (4 4 40.0) simpleGrading (1 2 1)
	hex (1904 1906 1990 1988 1905 1907 1991 1989) (4 4 40.0) simpleGrading (1 1 1)
	hex (1906 1908 1992 1990 1907 1909 1993 1991) (4 4 40.0) simpleGrading (1 1 1)
	hex (1908 1910 1994 1992 1909 1911 1995 1993) (4 4 40.0) simpleGrading (1 1 1)
	hex (2926 2928 4958 4956 2927 2929 4959 4957) (4 4 40.0) simpleGrading (1 1 1)
	hex (4958 2928 2930 4960 4959 2929 2931 4961) (4 1 40.0) simpleGrading (1 1 1)
	hex (4956 4958 4960 4962 4957 4959 4961 4963) (4 1 40.0) simpleGrading (1 1 1)
	hex (2926 4956 4962 2924 2927 4957 4963 2925) (4 1 40.0) simpleGrading (1 1 1)
	hex (4960 2930 1912 1996 4961 2931 1913 1997) (4 4 40.0) simpleGrading (1 2 1)
	hex (4962 4960 1996 1994 4963 4961 1997 1995) (4 4 40.0) simpleGrading (1 2 1)
	hex (2924 4962 1994 1910 2925 4963 1995 1911) (4 4 40.0) simpleGrading (1 2 1)
	hex (1912 1914 1998 1996 1913 1915 1999 1997) (4 4 40.0) simpleGrading (1 1 1)
	hex (1914 1916 2000 1998 1915 1917 2001 1999) (4 4 40.0) simpleGrading (1 1 1)
	hex (1916 1918 2002 2000 1917 1919 2003 2001) (4 4 40.0) simpleGrading (1 1 1)
	hex (3030 3032 4966 4964 3031 3033 4967 4965) (4 4 40.0) simpleGrading (1 1 1)
	hex (4966 3032 3034 4968 4967 3033 3035 4969) (4 1 40.0) simpleGrading (1 1 1)
	hex (4964 4966 4968 4970 4965 4967 4969 4971) (4 1 40.0) simpleGrading (1 1 1)
	hex (3030 4964 4970 3028 3031 4965 4971 3029) (4 1 40.0) simpleGrading (1 1 1)
	hex (4968 3034 1920 2004 4969 3035 1921 2005) (4 4 40.0) simpleGrading (1 2 1)
	hex (4970 4968 2004 2002 4971 4969 2005 2003) (4 4 40.0) simpleGrading (1 2 1)
	hex (3028 4970 2002 1918 3029 4971 2003 1919) (4 4 40.0) simpleGrading (1 2 1)
	hex (1920 1922 2006 2004 1921 1923 2007 2005) (4 4 40.0) simpleGrading (1 1 1)
	hex (1922 1924 2008 2006 1923 1925 2009 2007) (4 4 40.0) simpleGrading (1 1 1)
	hex (1924 1926 2010 2008 1925 1927 2011 2009) (4 4 40.0) simpleGrading (1 1 1)
	hex (3134 3136 4974 4972 3135 3137 4975 4973) (4 4 40.0) simpleGrading (1 1 1)
	hex (4974 3136 3138 4976 4975 3137 3139 4977) (4 1 40.0) simpleGrading (1 1 1)
	hex (4972 4974 4976 4978 4973 4975 4977 4979) (4 1 40.0) simpleGrading (1 1 1)
	hex (3134 4972 4978 3132 3135 4973 4979 3133) (4 1 40.0) simpleGrading (1 1 1)
	hex (4976 3138 1928 2012 4977 3139 1929 2013) (4 4 40.0) simpleGrading (1 2 1)
	hex (4978 4976 2012 2010 4979 4977 2013 2011) (4 4 40.0) simpleGrading (1 2 1)
	hex (3132 4978 2010 1926 3133 4979 2011 1927) (4 4 40.0) simpleGrading (1 2 1)
	hex (1928 1930 2014 2012 1929 1931 2015 2013) (4 4 40.0) simpleGrading (1 1 1)
	hex (1932 1934 2018 2016 1933 1935 2019 2017) (4 4 40.0) simpleGrading (1 1 1)
	hex (4986 4984 2152 2150 4987 4985 2153 2151) (4 4 40.0) simpleGrading (1 1 1)
	hex (4986 2150 2148 4980 4987 2151 2149 4981) (4 1 40.0) simpleGrading (1 1 1)
	hex (4984 4986 4980 4982 4985 4987 4981 4983) (4 1 40.0) simpleGrading (1 1 1)
	hex (2152 4984 4982 2154 2153 4985 4983 2155) (4 1 40.0) simpleGrading (1 1 1)
	hex (4980 2148 2018 1934 4981 2149 2019 1935) (4 4 40.0) simpleGrading (1 2 1)
	hex (4982 4980 1934 1936 4983 4981 1935 1937) (4 4 40.0) simpleGrading (1 2 1)
	hex (2154 4982 1936 2020 2155 4983 1937 2021) (4 4 40.0) simpleGrading (1 2 1)
	hex (1936 1938 2022 2020 1937 1939 2023 2021) (4 4 40.0) simpleGrading (1 1 1)
	hex (1938 1940 2024 2022 1939 1941 2025 2023) (4 4 40.0) simpleGrading (1 1 1)
	hex (1940 1942 2026 2024 1941 1943 2027 2025) (4 4 40.0) simpleGrading (1 1 1)
	hex (4994 4992 2256 2254 4995 4993 2257 2255) (4 4 40.0) simpleGrading (1 1 1)
	hex (4994 2254 2252 4988 4995 2255 2253 4989) (4 1 40.0) simpleGrading (1 1 1)
	hex (4992 4994 4988 4990 4993 4995 4989 4991) (4 1 40.0) simpleGrading (1 1 1)
	hex (2256 4992 4990 2258 2257 4993 4991 2259) (4 1 40.0) simpleGrading (1 1 1)
	hex (4988 2252 2026 1942 4989 2253 2027 1943) (4 4 40.0) simpleGrading (1 2 1)
	hex (4990 4988 1942 1944 4991 4989 1943 1945) (4 4 40.0) simpleGrading (1 2 1)
	hex (2258 4990 1944 2028 2259 4991 1945 2029) (4 4 40.0) simpleGrading (1 2 1)
	hex (1944 1946 2030 2028 1945 1947 2031 2029) (4 4 40.0) simpleGrading (1 1 1)
	hex (1946 1948 2032 2030 1947 1949 2033 2031) (4 4 40.0) simpleGrading (1 1 1)
	hex (1948 1950 2034 2032 1949 1951 2035 2033) (4 4 40.0) simpleGrading (1 1 1)
	hex (5002 5000 2360 2358 5003 5001 2361 2359) (4 4 40.0) simpleGrading (1 1 1)
	hex (5002 2358 2356 4996 5003 2359 2357 4997) (4 1 40.0) simpleGrading (1 1 1)
	hex (5000 5002 4996 4998 5001 5003 4997 4999) (4 1 40.0) simpleGrading (1 1 1)
	hex (2360 5000 4998 2362 2361 5001 4999 2363) (4 1 40.0) simpleGrading (1 1 1)
	hex (4996 2356 2034 1950 4997 2357 2035 1951) (4 4 40.0) simpleGrading (1 2 1)
	hex (4998 4996 1950 1952 4999 4997 1951 1953) (4 4 40.0) simpleGrading (1 2 1)
	hex (2362 4998 1952 2036 2363 4999 1953 2037) (4 4 40.0) simpleGrading (1 2 1)
	hex (1952 1954 2038 2036 1953 1955 2039 2037) (4 4 40.0) simpleGrading (1 1 1)
	hex (1954 1956 2040 2038 1955 1957 2041 2039) (4 4 40.0) simpleGrading (1 1 1)
	hex (1956 1958 2042 2040 1957 1959 2043 2041) (4 4 40.0) simpleGrading (1 1 1)
	hex (5010 5008 2464 2462 5011 5009 2465 2463) (4 4 40.0) simpleGrading (1 1 1)
	hex (5010 2462 2460 5004 5011 2463 2461 5005) (4 1 40.0) simpleGrading (1 1 1)
	hex (5008 5010 5004 5006 5009 5011 5005 5007) (4 1 40.0) simpleGrading (1 1 1)
	hex (2464 5008 5006 2466 2465 5009 5007 2467) (4 1 40.0) simpleGrading (1 1 1)
	hex (5004 2460 2042 1958 5005 2461 2043 1959) (4 4 40.0) simpleGrading (1 2 1)
	hex (5006 5004 1958 1960 5007 5005 1959 1961) (4 4 40.0) simpleGrading (1 2 1)
	hex (2466 5006 1960 2044 2467 5007 1961 2045) (4 4 40.0) simpleGrading (1 2 1)
	hex (1960 1962 2046 2044 1961 1963 2047 2045) (4 4 40.0) simpleGrading (1 1 1)
	hex (1962 1964 2048 2046 1963 1965 2049 2047) (4 4 40.0) simpleGrading (1 1 1)
	hex (1964 1966 2050 2048 1965 1967 2051 2049) (4 4 40.0) simpleGrading (1 1 1)
	hex (5018 5016 2568 2566 5019 5017 2569 2567) (4 4 40.0) simpleGrading (1 1 1)
	hex (5018 2566 2564 5012 5019 2567 2565 5013) (4 1 40.0) simpleGrading (1 1 1)
	hex (5016 5018 5012 5014 5017 5019 5013 5015) (4 1 40.0) simpleGrading (1 1 1)
	hex (2568 5016 5014 2570 2569 5017 5015 2571) (4 1 40.0) simpleGrading (1 1 1)
	hex (5012 2564 2050 1966 5013 2565 2051 1967) (4 4 40.0) simpleGrading (1 2 1)
	hex (5014 5012 1966 1968 5015 5013 1967 1969) (4 4 40.0) simpleGrading (1 2 1)
	hex (2570 5014 1968 2052 2571 5015 1969 2053) (4 4 40.0) simpleGrading (1 2 1)
	hex (1968 1970 2054 2052 1969 1971 2055 2053) (4 4 40.0) simpleGrading (1 1 1)
	hex (1970 1972 2056 2054 1971 1973 2057 2055) (4 4 40.0) simpleGrading (1 1 1)
	hex (1972 1974 2058 2056 1973 1975 2059 2057) (4 4 40.0) simpleGrading (1 1 1)
	hex (5026 5024 2672 2670 5027 5025 2673 2671) (4 4 40.0) simpleGrading (1 1 1)
	hex (5026 2670 2668 5020 5027 2671 2669 5021) (4 1 40.0) simpleGrading (1 1 1)
	hex (5024 5026 5020 5022 5025 5027 5021 5023) (4 1 40.0) simpleGrading (1 1 1)
	hex (2672 5024 5022 2674 2673 5025 5023 2675) (4 1 40.0) simpleGrading (1 1 1)
	hex (5020 2668 2058 1974 5021 2669 2059 1975) (4 4 40.0) simpleGrading (1 2 1)
	hex (5022 5020 1974 1976 5023 5021 1975 1977) (4 4 40.0) simpleGrading (1 2 1)
	hex (2674 5022 1976 2060 2675 5023 1977 2061) (4 4 40.0) simpleGrading (1 2 1)
	hex (1976 1978 2062 2060 1977 1979 2063 2061) (4 4 40.0) simpleGrading (1 1 1)
	hex (1978 1980 2064 2062 1979 1981 2065 2063) (4 4 40.0) simpleGrading (1 1 1)
	hex (1980 1982 2066 2064 1981 1983 2067 2065) (4 4 40.0) simpleGrading (1 1 1)
	hex (5034 5032 2776 2774 5035 5033 2777 2775) (4 4 40.0) simpleGrading (1 1 1)
	hex (5034 2774 2772 5028 5035 2775 2773 5029) (4 1 40.0) simpleGrading (1 1 1)
	hex (5032 5034 5028 5030 5033 5035 5029 5031) (4 1 40.0) simpleGrading (1 1 1)
	hex (2776 5032 5030 2778 2777 5033 5031 2779) (4 1 40.0) simpleGrading (1 1 1)
	hex (5028 2772 2066 1982 5029 2773 2067 1983) (4 4 40.0) simpleGrading (1 2 1)
	hex (5030 5028 1982 1984 5031 5029 1983 1985) (4 4 40.0) simpleGrading (1 2 1)
	hex (2778 5030 1984 2068 2779 5031 1985 2069) (4 4 40.0) simpleGrading (1 2 1)
	hex (1984 1986 2070 2068 1985 1987 2071 2069) (4 4 40.0) simpleGrading (1 1 1)
	hex (1986 1988 2072 2070 1987 1989 2073 2071) (4 4 40.0) simpleGrading (1 1 1)
	hex (1988 1990 2074 2072 1989 1991 2075 2073) (4 4 40.0) simpleGrading (1 1 1)
	hex (5042 5040 2880 2878 5043 5041 2881 2879) (4 4 40.0) simpleGrading (1 1 1)
	hex (5042 2878 2876 5036 5043 2879 2877 5037) (4 1 40.0) simpleGrading (1 1 1)
	hex (5040 5042 5036 5038 5041 5043 5037 5039) (4 1 40.0) simpleGrading (1 1 1)
	hex (2880 5040 5038 2882 2881 5041 5039 2883) (4 1 40.0) simpleGrading (1 1 1)
	hex (5036 2876 2074 1990 5037 2877 2075 1991) (4 4 40.0) simpleGrading (1 2 1)
	hex (5038 5036 1990 1992 5039 5037 1991 1993) (4 4 40.0) simpleGrading (1 2 1)
	hex (2882 5038 1992 2076 2883 5039 1993 2077) (4 4 40.0) simpleGrading (1 2 1)
	hex (1992 1994 2078 2076 1993 1995 2079 2077) (4 4 40.0) simpleGrading (1 1 1)
	hex (1994 1996 2080 2078 1995 1997 2081 2079) (4 4 40.0) simpleGrading (1 1 1)
	hex (1996 1998 2082 2080 1997 1999 2083 2081) (4 4 40.0) simpleGrading (1 1 1)
	hex (5050 5048 2984 2982 5051 5049 2985 2983) (4 4 40.0) simpleGrading (1 1 1)
	hex (5050 2982 2980 5044 5051 2983 2981 5045) (4 1 40.0) simpleGrading (1 1 1)
	hex (5048 5050 5044 5046 5049 5051 5045 5047) (4 1 40.0) simpleGrading (1 1 1)
	hex (2984 5048 5046 2986 2985 5049 5047 2987) (4 1 40.0) simpleGrading (1 1 1)
	hex (5044 2980 2082 1998 5045 2981 2083 1999) (4 4 40.0) simpleGrading (1 2 1)
	hex (5046 5044 1998 2000 5047 5045 1999 2001) (4 4 40.0) simpleGrading (1 2 1)
	hex (2986 5046 2000 2084 2987 5047 2001 2085) (4 4 40.0) simpleGrading (1 2 1)
	hex (2000 2002 2086 2084 2001 2003 2087 2085) (4 4 40.0) simpleGrading (1 1 1)
	hex (2002 2004 2088 2086 2003 2005 2089 2087) (4 4 40.0) simpleGrading (1 1 1)
	hex (2004 2006 2090 2088 2005 2007 2091 2089) (4 4 40.0) simpleGrading (1 1 1)
	hex (5058 5056 3088 3086 5059 5057 3089 3087) (4 4 40.0) simpleGrading (1 1 1)
	hex (5058 3086 3084 5052 5059 3087 3085 5053) (4 1 40.0) simpleGrading (1 1 1)
	hex (5056 5058 5052 5054 5057 5059 5053 5055) (4 1 40.0) simpleGrading (1 1 1)
	hex (3088 5056 5054 3090 3089 5057 5055 3091) (4 1 40.0) simpleGrading (1 1 1)
	hex (5052 3084 2090 2006 5053 3085 2091 2007) (4 4 40.0) simpleGrading (1 2 1)
	hex (5054 5052 2006 2008 5055 5053 2007 2009) (4 4 40.0) simpleGrading (1 2 1)
	hex (3090 5054 2008 2092 3091 5055 2009 2093) (4 4 40.0) simpleGrading (1 2 1)
	hex (2008 2010 2094 2092 2009 2011 2095 2093) (4 4 40.0) simpleGrading (1 1 1)
	hex (2010 2012 2096 2094 2011 2013 2097 2095) (4 4 40.0) simpleGrading (1 1 1)
	hex (2012 2014 2098 2096 2013 2015 2099 2097) (4 4 40.0) simpleGrading (1 1 1)
	hex (5060 5062 5064 5066 5061 5063 5065 5067) (45 24 40.0) simpleGrading (1 1 1)
	hex (5068 5070 5072 5074 5069 5071 5073 5075) (6 48 40.0) simpleGrading (1 1 1)
	hex (5076 5078 5080 5082 5077 5079 5081 5083) (6 48 40.0) simpleGrading (1 1 1)
	hex (5084 5086 5088 5090 5085 5087 5089 5091) (145 24 40.0) simpleGrading (1 1 1)
);

boundary
(
top
{
	type patch;
	faces
	(
		(1 3 87 85)
		(2103 2105 3143 3141)
		(3143 2105 2107 3145)
		(3141 3143 3145 3147)
		(2103 3141 3147 2101)
		(3145 2107 5 89)
		(3147 3145 89 87)
		(2101 3147 87 3)
		(5 7 91 89)
		(7 9 93 91)
		(9 11 95 93)
		(2207 2209 3151 3149)
		(3151 2209 2211 3153)
		(3149 3151 3153 3155)
		(2207 3149 3155 2205)
		(3153 2211 13 97)
		(3155 3153 97 95)
		(2205 3155 95 11)
		(13 15 99 97)
		(15 17 101 99)
		(17 19 103 101)
		(2311 2313 3159 3157)
		(3159 2313 2315 3161)
		(3157 3159 3161 3163)
		(2311 3157 3163 2309)
		(3161 2315 21 105)
		(3163 3161 105 103)
		(2309 3163 103 19)
		(21 23 107 105)
		(23 25 109 107)
		(25 27 111 109)
		(2415 2417 3167 3165)
		(3167 2417 2419 3169)
		(3165 3167 3169 3171)
		(2415 3165 3171 2413)
		(3169 2419 29 113)
		(3171 3169 113 111)
		(2413 3171 111 27)
		(29 31 115 113)
		(31 33 117 115)
		(33 35 119 117)
		(2519 2521 3175 3173)
		(3175 2521 2523 3177)
		(3173 3175 3177 3179)
		(2519 3173 3179 2517)
		(3177 2523 37 121)
		(3179 3177 121 119)
		(2517 3179 119 35)
		(37 39 123 121)
		(39 41 125 123)
		(41 43 127 125)
		(2623 2625 3183 3181)
		(3183 2625 2627 3185)
		(3181 3183 3185 3187)
		(2623 3181 3187 2621)
		(3185 2627 45 129)
		(3187 3185 129 127)
		(2621 3187 127 43)
		(45 47 131 129)
		(47 49 133 131)
		(49 51 135 133)
		(2727 2729 3191 3189)
		(3191 2729 2731 3193)
		(3189 3191 3193 3195)
		(2727 3189 3195 2725)
		(3193 2731 53 137)
		(3195 3193 137 135)
		(2725 3195 135 51)
		(53 55 139 137)
		(55 57 141 139)
		(57 59 143 141)
		(2831 2833 3199 3197)
		(3199 2833 2835 3201)
		(3197 3199 3201 3203)
		(2831 3197 3203 2829)
		(3201 2835 61 145)
		(3203 3201 145 143)
		(2829 3203 143 59)
		(61 63 147 145)
		(63 65 149 147)
		(65 67 151 149)
		(2935 2937 3207 3205)
		(3207 2937 2939 3209)
		(3205 3207 3209 3211)
		(2935 3205 3211 2933)
		(3209 2939 69 153)
		(3211 3209 153 151)
		(2933 3211 151 67)
		(69 71 155 153)
		(71 73 157 155)
		(73 75 159 157)
		(3039 3041 3215 3213)
		(3215 3041 3043 3217)
		(3213 3215 3217 3219)
		(3039 3213 3219 3037)
		(3217 3043 77 161)
		(3219 3217 161 159)
		(3037 3219 159 75)
		(77 79 163 161)
		(79 81 165 163)
		(81 83 167 165)
		(85 87 171 169)
		(87 89 173 171)
		(89 91 175 173)
		(3227 3225 2161 2159)
		(3227 2159 2157 3221)
		(3225 3227 3221 3223)
		(2161 3225 3223 2163)
		(3221 2157 175 91)
		(3223 3221 91 93)
		(2163 3223 93 177)
		(93 95 179 177)
		(95 97 181 179)
		(97 99 183 181)
		(3235 3233 2265 2263)
		(3235 2263 2261 3229)
		(3233 3235 3229 3231)
		(2265 3233 3231 2267)
		(3229 2261 183 99)
		(3231 3229 99 101)
		(2267 3231 101 185)
		(101 103 187 185)
		(103 105 189 187)
		(105 107 191 189)
		(3243 3241 2369 2367)
		(3243 2367 2365 3237)
		(3241 3243 3237 3239)
		(2369 3241 3239 2371)
		(3237 2365 191 107)
		(3239 3237 107 109)
		(2371 3239 109 193)
		(109 111 195 193)
		(111 113 197 195)
		(113 115 199 197)
		(3251 3249 2473 2471)
		(3251 2471 2469 3245)
		(3249 3251 3245 3247)
		(2473 3249 3247 2475)
		(3245 2469 199 115)
		(3247 3245 115 117)
		(2475 3247 117 201)
		(117 119 203 201)
		(119 121 205 203)
		(121 123 207 205)
		(3259 3257 2577 2575)
		(3259 2575 2573 3253)
		(3257 3259 3253 3255)
		(2577 3257 3255 2579)
		(3253 2573 207 123)
		(3255 3253 123 125)
		(2579 3255 125 209)
		(125 127 211 209)
		(127 129 213 211)
		(129 131 215 213)
		(3267 3265 2681 2679)
		(3267 2679 2677 3261)
		(3265 3267 3261 3263)
		(2681 3265 3263 2683)
		(3261 2677 215 131)
		(3263 3261 131 133)
		(2683 3263 133 217)
		(133 135 219 217)
		(135 137 221 219)
		(137 139 223 221)
		(3275 3273 2785 2783)
		(3275 2783 2781 3269)
		(3273 3275 3269 3271)
		(2785 3273 3271 2787)
		(3269 2781 223 139)
		(3271 3269 139 141)
		(2787 3271 141 225)
		(141 143 227 225)
		(143 145 229 227)
		(145 147 231 229)
		(3283 3281 2889 2887)
		(3283 2887 2885 3277)
		(3281 3283 3277 3279)
		(2889 3281 3279 2891)
		(3277 2885 231 147)
		(3279 3277 147 149)
		(2891 3279 149 233)
		(149 151 235 233)
		(151 153 237 235)
		(153 155 239 237)
		(3291 3289 2993 2991)
		(3291 2991 2989 3285)
		(3289 3291 3285 3287)
		(2993 3289 3287 2995)
		(3285 2989 239 155)
		(3287 3285 155 157)
		(2995 3287 157 241)
		(157 159 243 241)
		(159 161 245 243)
		(161 163 247 245)
		(3299 3297 3097 3095)
		(3299 3095 3093 3293)
		(3297 3299 3293 3295)
		(3097 3297 3295 3099)
		(3293 3093 247 163)
		(3295 3293 163 165)
		(3099 3295 165 249)
		(165 167 251 249)
		(169 171 255 253)
		(171 173 257 255)
		(173 175 259 257)
		(2159 2161 3303 3301)
		(3303 2161 2163 3305)
		(3301 3303 3305 3307)
		(2159 3301 3307 2157)
		(3305 2163 177 261)
		(3307 3305 261 259)
		(2157 3307 259 175)
		(177 179 263 261)
		(179 181 265 263)
		(181 183 267 265)
		(2263 2265 3311 3309)
		(3311 2265 2267 3313)
		(3309 3311 3313 3315)
		(2263 3309 3315 2261)
		(3313 2267 185 269)
		(3315 3313 269 267)
		(2261 3315 267 183)
		(185 187 271 269)
		(187 189 273 271)
		(189 191 275 273)
		(2367 2369 3319 3317)
		(3319 2369 2371 3321)
		(3317 3319 3321 3323)
		(2367 3317 3323 2365)
		(3321 2371 193 277)
		(3323 3321 277 275)
		(2365 3323 275 191)
		(193 195 279 277)
		(195 197 281 279)
		(197 199 283 281)
		(2471 2473 3327 3325)
		(3327 2473 2475 3329)
		(3325 3327 3329 3331)
		(2471 3325 3331 2469)
		(3329 2475 201 285)
		(3331 3329 285 283)
		(2469 3331 283 199)
		(201 203 287 285)
		(203 205 289 287)
		(205 207 291 289)
		(2575 2577 3335 3333)
		(3335 2577 2579 3337)
		(3333 3335 3337 3339)
		(2575 3333 3339 2573)
		(3337 2579 209 293)
		(3339 3337 293 291)
		(2573 3339 291 207)
		(209 211 295 293)
		(211 213 297 295)
		(213 215 299 297)
		(2679 2681 3343 3341)
		(3343 2681 2683 3345)
		(3341 3343 3345 3347)
		(2679 3341 3347 2677)
		(3345 2683 217 301)
		(3347 3345 301 299)
		(2677 3347 299 215)
		(217 219 303 301)
		(219 221 305 303)
		(221 223 307 305)
		(2783 2785 3351 3349)
		(3351 2785 2787 3353)
		(3349 3351 3353 3355)
		(2783 3349 3355 2781)
		(3353 2787 225 309)
		(3355 3353 309 307)
		(2781 3355 307 223)
		(225 227 311 309)
		(227 229 313 311)
		(229 231 315 313)
		(2887 2889 3359 3357)
		(3359 2889 2891 3361)
		(3357 3359 3361 3363)
		(2887 3357 3363 2885)
		(3361 2891 233 317)
		(3363 3361 317 315)
		(2885 3363 315 231)
		(233 235 319 317)
		(235 237 321 319)
		(237 239 323 321)
		(2991 2993 3367 3365)
		(3367 2993 2995 3369)
		(3365 3367 3369 3371)
		(2991 3365 3371 2989)
		(3369 2995 241 325)
		(3371 3369 325 323)
		(2989 3371 323 239)
		(241 243 327 325)
		(243 245 329 327)
		(245 247 331 329)
		(3095 3097 3375 3373)
		(3375 3097 3099 3377)
		(3373 3375 3377 3379)
		(3095 3373 3379 3093)
		(3377 3099 249 333)
		(3379 3377 333 331)
		(3093 3379 331 247)
		(249 251 335 333)
		(253 255 339 337)
		(3387 3385 2113 2111)
		(3387 2111 2109 3381)
		(3385 3387 3381 3383)
		(2113 3385 3383 2115)
		(3381 2109 339 255)
		(3383 3381 255 257)
		(2115 3383 257 341)
		(257 259 343 341)
		(259 261 345 343)
		(261 263 347 345)
		(3395 3393 2217 2215)
		(3395 2215 2213 3389)
		(3393 3395 3389 3391)
		(2217 3393 3391 2219)
		(3389 2213 347 263)
		(3391 3389 263 265)
		(2219 3391 265 349)
		(265 267 351 349)
		(267 269 353 351)
		(269 271 355 353)
		(3403 3401 2321 2319)
		(3403 2319 2317 3397)
		(3401 3403 3397 3399)
		(2321 3401 3399 2323)
		(3397 2317 355 271)
		(3399 3397 271 273)
		(2323 3399 273 357)
		(273 275 359 357)
		(275 277 361 359)
		(277 279 363 361)
		(3411 3409 2425 2423)
		(3411 2423 2421 3405)
		(3409 3411 3405 3407)
		(2425 3409 3407 2427)
		(3405 2421 363 279)
		(3407 3405 279 281)
		(2427 3407 281 365)
		(281 283 367 365)
		(283 285 369 367)
		(285 287 371 369)
		(3419 3417 2529 2527)
		(3419 2527 2525 3413)
		(3417 3419 3413 3415)
		(2529 3417 3415 2531)
		(3413 2525 371 287)
		(3415 3413 287 289)
		(2531 3415 289 373)
		(289 291 375 373)
		(291 293 377 375)
		(293 295 379 377)
		(3427 3425 2633 2631)
		(3427 2631 2629 3421)
		(3425 3427 3421 3423)
		(2633 3425 3423 2635)
		(3421 2629 379 295)
		(3423 3421 295 297)
		(2635 3423 297 381)
		(297 299 383 381)
		(299 301 385 383)
		(301 303 387 385)
		(3435 3433 2737 2735)
		(3435 2735 2733 3429)
		(3433 3435 3429 3431)
		(2737 3433 3431 2739)
		(3429 2733 387 303)
		(3431 3429 303 305)
		(2739 3431 305 389)
		(305 307 391 389)
		(307 309 393 391)
		(309 311 395 393)
		(3443 3441 2841 2839)
		(3443 2839 2837 3437)
		(3441 3443 3437 3439)
		(2841 3441 3439 2843)
		(3437 2837 395 311)
		(3439 3437 311 313)
		(2843 3439 313 397)
		(313 315 399 397)
		(315 317 401 399)
		(317 319 403 401)
		(3451 3449 2945 2943)
		(3451 2943 2941 3445)
		(3449 3451 3445 3447)
		(2945 3449 3447 2947)
		(3445 2941 403 319)
		(3447 3445 319 321)
		(2947 3447 321 405)
		(321 323 407 405)
		(323 325 409 407)
		(325 327 411 409)
		(3459 3457 3049 3047)
		(3459 3047 3045 3453)
		(3457 3459 3453 3455)
		(3049 3457 3455 3051)
		(3453 3045 411 327)
		(3455 3453 327 329)
		(3051 3455 329 413)
		(329 331 415 413)
		(331 333 417 415)
		(333 335 419 417)
		(337 339 423 421)
		(2111 2113 3463 3461)
		(3463 2113 2115 3465)
		(3461 3463 3465 3467)
		(2111 3461 3467 2109)
		(3465 2115 341 425)
		(3467 3465 425 423)
		(2109 3467 423 339)
		(341 343 427 425)
		(343 345 429 427)
		(345 347 431 429)
		(2215 2217 3471 3469)
		(3471 2217 2219 3473)
		(3469 3471 3473 3475)
		(2215 3469 3475 2213)
		(3473 2219 349 433)
		(3475 3473 433 431)
		(2213 3475 431 347)
		(349 351 435 433)
		(351 353 437 435)
		(353 355 439 437)
		(2319 2321 3479 3477)
		(3479 2321 2323 3481)
		(3477 3479 3481 3483)
		(2319 3477 3483 2317)
		(3481 2323 357 441)
		(3483 3481 441 439)
		(2317 3483 439 355)
		(357 359 443 441)
		(359 361 445 443)
		(361 363 447 445)
		(2423 2425 3487 3485)
		(3487 2425 2427 3489)
		(3485 3487 3489 3491)
		(2423 3485 3491 2421)
		(3489 2427 365 449)
		(3491 3489 449 447)
		(2421 3491 447 363)
		(365 367 451 449)
		(367 369 453 451)
		(369 371 455 453)
		(2527 2529 3495 3493)
		(3495 2529 2531 3497)
		(3493 3495 3497 3499)
		(2527 3493 3499 2525)
		(3497 2531 373 457)
		(3499 3497 457 455)
		(2525 3499 455 371)
		(373 375 459 457)
		(375 377 461 459)
		(377 379 463 461)
		(2631 2633 3503 3501)
		(3503 2633 2635 3505)
		(3501 3503 3505 3507)
		(2631 3501 3507 2629)
		(3505 2635 381 465)
		(3507 3505 465 463)
		(2629 3507 463 379)
		(381 383 467 465)
		(383 385 469 467)
		(385 387 471 469)
		(2735 2737 3511 3509)
		(3511 2737 2739 3513)
		(3509 3511 3513 3515)
		(2735 3509 3515 2733)
		(3513 2739 389 473)
		(3515 3513 473 471)
		(2733 3515 471 387)
		(389 391 475 473)
		(391 393 477 475)
		(393 395 479 477)
		(2839 2841 3519 3517)
		(3519 2841 2843 3521)
		(3517 3519 3521 3523)
		(2839 3517 3523 2837)
		(3521 2843 397 481)
		(3523 3521 481 479)
		(2837 3523 479 395)
		(397 399 483 481)
		(399 401 485 483)
		(401 403 487 485)
		(2943 2945 3527 3525)
		(3527 2945 2947 3529)
		(3525 3527 3529 3531)
		(2943 3525 3531 2941)
		(3529 2947 405 489)
		(3531 3529 489 487)
		(2941 3531 487 403)
		(405 407 491 489)
		(407 409 493 491)
		(409 411 495 493)
		(3047 3049 3535 3533)
		(3535 3049 3051 3537)
		(3533 3535 3537 3539)
		(3047 3533 3539 3045)
		(3537 3051 413 497)
		(3539 3537 497 495)
		(3045 3539 495 411)
		(413 415 499 497)
		(415 417 501 499)
		(417 419 503 501)
		(421 423 507 505)
		(423 425 509 507)
		(425 427 511 509)
		(3547 3545 2169 2167)
		(3547 2167 2165 3541)
		(3545 3547 3541 3543)
		(2169 3545 3543 2171)
		(3541 2165 511 427)
		(3543 3541 427 429)
		(2171 3543 429 513)
		(429 431 515 513)
		(431 433 517 515)
		(433 435 519 517)
		(3555 3553 2273 2271)
		(3555 2271 2269 3549)
		(3553 3555 3549 3551)
		(2273 3553 3551 2275)
		(3549 2269 519 435)
		(3551 3549 435 437)
		(2275 3551 437 521)
		(437 439 523 521)
		(439 441 525 523)
		(441 443 527 525)
		(3563 3561 2377 2375)
		(3563 2375 2373 3557)
		(3561 3563 3557 3559)
		(2377 3561 3559 2379)
		(3557 2373 527 443)
		(3559 3557 443 445)
		(2379 3559 445 529)
		(445 447 531 529)
		(447 449 533 531)
		(449 451 535 533)
		(3571 3569 2481 2479)
		(3571 2479 2477 3565)
		(3569 3571 3565 3567)
		(2481 3569 3567 2483)
		(3565 2477 535 451)
		(3567 3565 451 453)
		(2483 3567 453 537)
		(453 455 539 537)
		(455 457 541 539)
		(457 459 543 541)
		(3579 3577 2585 2583)
		(3579 2583 2581 3573)
		(3577 3579 3573 3575)
		(2585 3577 3575 2587)
		(3573 2581 543 459)
		(3575 3573 459 461)
		(2587 3575 461 545)
		(461 463 547 545)
		(463 465 549 547)
		(465 467 551 549)
		(3587 3585 2689 2687)
		(3587 2687 2685 3581)
		(3585 3587 3581 3583)
		(2689 3585 3583 2691)
		(3581 2685 551 467)
		(3583 3581 467 469)
		(2691 3583 469 553)
		(469 471 555 553)
		(471 473 557 555)
		(473 475 559 557)
		(3595 3593 2793 2791)
		(3595 2791 2789 3589)
		(3593 3595 3589 3591)
		(2793 3593 3591 2795)
		(3589 2789 559 475)
		(3591 3589 475 477)
		(2795 3591 477 561)
		(477 479 563 561)
		(479 481 565 563)
		(481 483 567 565)
		(3603 3601 2897 2895)
		(3603 2895 2893 3597)
		(3601 3603 3597 3599)
		(2897 3601 3599 2899)
		(3597 2893 567 483)
		(3599 3597 483 485)
		(2899 3599 485 569)
		(485 487 571 569)
		(487 489 573 571)
		(489 491 575 573)
		(3611 3609 3001 2999)
		(3611 2999 2997 3605)
		(3609 3611 3605 3607)
		(3001 3609 3607 3003)
		(3605 2997 575 491)
		(3607 3605 491 493)
		(3003 3607 493 577)
		(493 495 579 577)
		(495 497 581 579)
		(497 499 583 581)
		(3619 3617 3105 3103)
		(3619 3103 3101 3613)
		(3617 3619 3613 3615)
		(3105 3617 3615 3107)
		(3613 3101 583 499)
		(3615 3613 499 501)
		(3107 3615 501 585)
		(501 503 587 585)
		(505 507 591 589)
		(507 509 593 591)
		(509 511 595 593)
		(2167 2169 3623 3621)
		(3623 2169 2171 3625)
		(3621 3623 3625 3627)
		(2167 3621 3627 2165)
		(3625 2171 513 597)
		(3627 3625 597 595)
		(2165 3627 595 511)
		(513 515 599 597)
		(515 517 601 599)
		(517 519 603 601)
		(2271 2273 3631 3629)
		(3631 2273 2275 3633)
		(3629 3631 3633 3635)
		(2271 3629 3635 2269)
		(3633 2275 521 605)
		(3635 3633 605 603)
		(2269 3635 603 519)
		(521 523 607 605)
		(523 525 609 607)
		(525 527 611 609)
		(2375 2377 3639 3637)
		(3639 2377 2379 3641)
		(3637 3639 3641 3643)
		(2375 3637 3643 2373)
		(3641 2379 529 613)
		(3643 3641 613 611)
		(2373 3643 611 527)
		(529 531 615 613)
		(531 533 617 615)
		(533 535 619 617)
		(2479 2481 3647 3645)
		(3647 2481 2483 3649)
		(3645 3647 3649 3651)
		(2479 3645 3651 2477)
		(3649 2483 537 621)
		(3651 3649 621 619)
		(2477 3651 619 535)
		(537 539 623 621)
		(539 541 625 623)
		(541 543 627 625)
		(2583 2585 3655 3653)
		(3655 2585 2587 3657)
		(3653 3655 3657 3659)
		(2583 3653 3659 2581)
		(3657 2587 545 629)
		(3659 3657 629 627)
		(2581 3659 627 543)
		(545 547 631 629)
		(547 549 633 631)
		(549 551 635 633)
		(2687 2689 3663 3661)
		(3663 2689 2691 3665)
		(3661 3663 3665 3667)
		(2687 3661 3667 2685)
		(3665 2691 553 637)
		(3667 3665 637 635)
		(2685 3667 635 551)
		(553 555 639 637)
		(555 557 641 639)
		(557 559 643 641)
		(2791 2793 3671 3669)
		(3671 2793 2795 3673)
		(3669 3671 3673 3675)
		(2791 3669 3675 2789)
		(3673 2795 561 645)
		(3675 3673 645 643)
		(2789 3675 643 559)
		(561 563 647 645)
		(563 565 649 647)
		(565 567 651 649)
		(2895 2897 3679 3677)
		(3679 2897 2899 3681)
		(3677 3679 3681 3683)
		(2895 3677 3683 2893)
		(3681 2899 569 653)
		(3683 3681 653 651)
		(2893 3683 651 567)
		(569 571 655 653)
		(571 573 657 655)
		(573 575 659 657)
		(2999 3001 3687 3685)
		(3687 3001 3003 3689)
		(3685 3687 3689 3691)
		(2999 3685 3691 2997)
		(3689 3003 577 661)
		(3691 3689 661 659)
		(2997 3691 659 575)
		(577 579 663 661)
		(579 581 665 663)
		(581 583 667 665)
		(3103 3105 3695 3693)
		(3695 3105 3107 3697)
		(3693 3695 3697 3699)
		(3103 3693 3699 3101)
		(3697 3107 585 669)
		(3699 3697 669 667)
		(3101 3699 667 583)
		(585 587 671 669)
		(589 591 675 673)
		(3707 3705 2121 2119)
		(3707 2119 2117 3701)
		(3705 3707 3701 3703)
		(2121 3705 3703 2123)
		(3701 2117 675 591)
		(3703 3701 591 593)
		(2123 3703 593 677)
		(593 595 679 677)
		(595 597 681 679)
		(597 599 683 681)
		(3715 3713 2225 2223)
		(3715 2223 2221 3709)
		(3713 3715 3709 3711)
		(2225 3713 3711 2227)
		(3709 2221 683 599)
		(3711 3709 599 601)
		(2227 3711 601 685)
		(601 603 687 685)
		(603 605 689 687)
		(605 607 691 689)
		(3723 3721 2329 2327)
		(3723 2327 2325 3717)
		(3721 3723 3717 3719)
		(2329 3721 3719 2331)
		(3717 2325 691 607)
		(3719 3717 607 609)
		(2331 3719 609 693)
		(609 611 695 693)
		(611 613 697 695)
		(613 615 699 697)
		(3731 3729 2433 2431)
		(3731 2431 2429 3725)
		(3729 3731 3725 3727)
		(2433 3729 3727 2435)
		(3725 2429 699 615)
		(3727 3725 615 617)
		(2435 3727 617 701)
		(617 619 703 701)
		(619 621 705 703)
		(621 623 707 705)
		(3739 3737 2537 2535)
		(3739 2535 2533 3733)
		(3737 3739 3733 3735)
		(2537 3737 3735 2539)
		(3733 2533 707 623)
		(3735 3733 623 625)
		(2539 3735 625 709)
		(625 627 711 709)
		(627 629 713 711)
		(629 631 715 713)
		(3747 3745 2641 2639)
		(3747 2639 2637 3741)
		(3745 3747 3741 3743)
		(2641 3745 3743 2643)
		(3741 2637 715 631)
		(3743 3741 631 633)
		(2643 3743 633 717)
		(633 635 719 717)
		(635 637 721 719)
		(637 639 723 721)
		(3755 3753 2745 2743)
		(3755 2743 2741 3749)
		(3753 3755 3749 3751)
		(2745 3753 3751 2747)
		(3749 2741 723 639)
		(3751 3749 639 641)
		(2747 3751 641 725)
		(641 643 727 725)
		(643 645 729 727)
		(645 647 731 729)
		(3763 3761 2849 2847)
		(3763 2847 2845 3757)
		(3761 3763 3757 3759)
		(2849 3761 3759 2851)
		(3757 2845 731 647)
		(3759 3757 647 649)
		(2851 3759 649 733)
		(649 651 735 733)
		(651 653 737 735)
		(653 655 739 737)
		(3771 3769 2953 2951)
		(3771 2951 2949 3765)
		(3769 3771 3765 3767)
		(2953 3769 3767 2955)
		(3765 2949 739 655)
		(3767 3765 655 657)
		(2955 3767 657 741)
		(657 659 743 741)
		(659 661 745 743)
		(661 663 747 745)
		(3779 3777 3057 3055)
		(3779 3055 3053 3773)
		(3777 3779 3773 3775)
		(3057 3777 3775 3059)
		(3773 3053 747 663)
		(3775 3773 663 665)
		(3059 3775 665 749)
		(665 667 751 749)
		(667 669 753 751)
		(669 671 755 753)
		(673 675 759 757)
		(2119 2121 3783 3781)
		(3783 2121 2123 3785)
		(3781 3783 3785 3787)
		(2119 3781 3787 2117)
		(3785 2123 677 761)
		(3787 3785 761 759)
		(2117 3787 759 675)
		(677 679 763 761)
		(679 681 765 763)
		(681 683 767 765)
		(2223 2225 3791 3789)
		(3791 2225 2227 3793)
		(3789 3791 3793 3795)
		(2223 3789 3795 2221)
		(3793 2227 685 769)
		(3795 3793 769 767)
		(2221 3795 767 683)
		(685 687 771 769)
		(687 689 773 771)
		(689 691 775 773)
		(2327 2329 3799 3797)
		(3799 2329 2331 3801)
		(3797 3799 3801 3803)
		(2327 3797 3803 2325)
		(3801 2331 693 777)
		(3803 3801 777 775)
		(2325 3803 775 691)
		(693 695 779 777)
		(695 697 781 779)
		(697 699 783 781)
		(2431 2433 3807 3805)
		(3807 2433 2435 3809)
		(3805 3807 3809 3811)
		(2431 3805 3811 2429)
		(3809 2435 701 785)
		(3811 3809 785 783)
		(2429 3811 783 699)
		(701 703 787 785)
		(703 705 789 787)
		(705 707 791 789)
		(2535 2537 3815 3813)
		(3815 2537 2539 3817)
		(3813 3815 3817 3819)
		(2535 3813 3819 2533)
		(3817 2539 709 793)
		(3819 3817 793 791)
		(2533 3819 791 707)
		(709 711 795 793)
		(711 713 797 795)
		(713 715 799 797)
		(2639 2641 3823 3821)
		(3823 2641 2643 3825)
		(3821 3823 3825 3827)
		(2639 3821 3827 2637)
		(3825 2643 717 801)
		(3827 3825 801 799)
		(2637 3827 799 715)
		(717 719 803 801)
		(719 721 805 803)
		(721 723 807 805)
		(2743 2745 3831 3829)
		(3831 2745 2747 3833)
		(3829 3831 3833 3835)
		(2743 3829 3835 2741)
		(3833 2747 725 809)
		(3835 3833 809 807)
		(2741 3835 807 723)
		(725 727 811 809)
		(727 729 813 811)
		(729 731 815 813)
		(2847 2849 3839 3837)
		(3839 2849 2851 3841)
		(3837 3839 3841 3843)
		(2847 3837 3843 2845)
		(3841 2851 733 817)
		(3843 3841 817 815)
		(2845 3843 815 731)
		(733 735 819 817)
		(735 737 821 819)
		(737 739 823 821)
		(2951 2953 3847 3845)
		(3847 2953 2955 3849)
		(3845 3847 3849 3851)
		(2951 3845 3851 2949)
		(3849 2955 741 825)
		(3851 3849 825 823)
		(2949 3851 823 739)
		(741 743 827 825)
		(743 745 829 827)
		(745 747 831 829)
		(3055 3057 3855 3853)
		(3855 3057 3059 3857)
		(3853 3855 3857 3859)
		(3055 3853 3859 3053)
		(3857 3059 749 833)
		(3859 3857 833 831)
		(3053 3859 831 747)
		(749 751 835 833)
		(751 753 837 835)
		(753 755 839 837)
		(757 759 843 841)
		(759 761 845 843)
		(761 763 847 845)
		(3867 3865 2177 2175)
		(3867 2175 2173 3861)
		(3865 3867 3861 3863)
		(2177 3865 3863 2179)
		(3861 2173 847 763)
		(3863 3861 763 765)
		(2179 3863 765 849)
		(765 767 851 849)
		(767 769 853 851)
		(769 771 855 853)
		(3875 3873 2281 2279)
		(3875 2279 2277 3869)
		(3873 3875 3869 3871)
		(2281 3873 3871 2283)
		(3869 2277 855 771)
		(3871 3869 771 773)
		(2283 3871 773 857)
		(773 775 859 857)
		(775 777 861 859)
		(777 779 863 861)
		(3883 3881 2385 2383)
		(3883 2383 2381 3877)
		(3881 3883 3877 3879)
		(2385 3881 3879 2387)
		(3877 2381 863 779)
		(3879 3877 779 781)
		(2387 3879 781 865)
		(781 783 867 865)
		(783 785 869 867)
		(785 787 871 869)
		(3891 3889 2489 2487)
		(3891 2487 2485 3885)
		(3889 3891 3885 3887)
		(2489 3889 3887 2491)
		(3885 2485 871 787)
		(3887 3885 787 789)
		(2491 3887 789 873)
		(789 791 875 873)
		(791 793 877 875)
		(793 795 879 877)
		(3899 3897 2593 2591)
		(3899 2591 2589 3893)
		(3897 3899 3893 3895)
		(2593 3897 3895 2595)
		(3893 2589 879 795)
		(3895 3893 795 797)
		(2595 3895 797 881)
		(797 799 883 881)
		(799 801 885 883)
		(801 803 887 885)
		(3907 3905 2697 2695)
		(3907 2695 2693 3901)
		(3905 3907 3901 3903)
		(2697 3905 3903 2699)
		(3901 2693 887 803)
		(3903 3901 803 805)
		(2699 3903 805 889)
		(805 807 891 889)
		(807 809 893 891)
		(809 811 895 893)
		(3915 3913 2801 2799)
		(3915 2799 2797 3909)
		(3913 3915 3909 3911)
		(2801 3913 3911 2803)
		(3909 2797 895 811)
		(3911 3909 811 813)
		(2803 3911 813 897)
		(813 815 899 897)
		(815 817 901 899)
		(817 819 903 901)
		(3923 3921 2905 2903)
		(3923 2903 2901 3917)
		(3921 3923 3917 3919)
		(2905 3921 3919 2907)
		(3917 2901 903 819)
		(3919 3917 819 821)
		(2907 3919 821 905)
		(821 823 907 905)
		(823 825 909 907)
		(825 827 911 909)
		(3931 3929 3009 3007)
		(3931 3007 3005 3925)
		(3929 3931 3925 3927)
		(3009 3929 3927 3011)
		(3925 3005 911 827)
		(3927 3925 827 829)
		(3011 3927 829 913)
		(829 831 915 913)
		(831 833 917 915)
		(833 835 919 917)
		(3939 3937 3113 3111)
		(3939 3111 3109 3933)
		(3937 3939 3933 3935)
		(3113 3937 3935 3115)
		(3933 3109 919 835)
		(3935 3933 835 837)
		(3115 3935 837 921)
		(837 839 923 921)
		(841 843 927 925)
		(843 845 929 927)
		(845 847 931 929)
		(2175 2177 3943 3941)
		(3943 2177 2179 3945)
		(3941 3943 3945 3947)
		(2175 3941 3947 2173)
		(3945 2179 849 933)
		(3947 3945 933 931)
		(2173 3947 931 847)
		(849 851 935 933)
		(851 853 937 935)
		(853 855 939 937)
		(2279 2281 3951 3949)
		(3951 2281 2283 3953)
		(3949 3951 3953 3955)
		(2279 3949 3955 2277)
		(3953 2283 857 941)
		(3955 3953 941 939)
		(2277 3955 939 855)
		(857 859 943 941)
		(859 861 945 943)
		(861 863 947 945)
		(2383 2385 3959 3957)
		(3959 2385 2387 3961)
		(3957 3959 3961 3963)
		(2383 3957 3963 2381)
		(3961 2387 865 949)
		(3963 3961 949 947)
		(2381 3963 947 863)
		(865 867 951 949)
		(867 869 953 951)
		(869 871 955 953)
		(2487 2489 3967 3965)
		(3967 2489 2491 3969)
		(3965 3967 3969 3971)
		(2487 3965 3971 2485)
		(3969 2491 873 957)
		(3971 3969 957 955)
		(2485 3971 955 871)
		(873 875 959 957)
		(875 877 961 959)
		(877 879 963 961)
		(2591 2593 3975 3973)
		(3975 2593 2595 3977)
		(3973 3975 3977 3979)
		(2591 3973 3979 2589)
		(3977 2595 881 965)
		(3979 3977 965 963)
		(2589 3979 963 879)
		(881 883 967 965)
		(883 885 969 967)
		(885 887 971 969)
		(2695 2697 3983 3981)
		(3983 2697 2699 3985)
		(3981 3983 3985 3987)
		(2695 3981 3987 2693)
		(3985 2699 889 973)
		(3987 3985 973 971)
		(2693 3987 971 887)
		(889 891 975 973)
		(891 893 977 975)
		(893 895 979 977)
		(2799 2801 3991 3989)
		(3991 2801 2803 3993)
		(3989 3991 3993 3995)
		(2799 3989 3995 2797)
		(3993 2803 897 981)
		(3995 3993 981 979)
		(2797 3995 979 895)
		(897 899 983 981)
		(899 901 985 983)
		(901 903 987 985)
		(2903 2905 3999 3997)
		(3999 2905 2907 4001)
		(3997 3999 4001 4003)
		(2903 3997 4003 2901)
		(4001 2907 905 989)
		(4003 4001 989 987)
		(2901 4003 987 903)
		(905 907 991 989)
		(907 909 993 991)
		(909 911 995 993)
		(3007 3009 4007 4005)
		(4007 3009 3011 4009)
		(4005 4007 4009 4011)
		(3007 4005 4011 3005)
		(4009 3011 913 997)
		(4011 4009 997 995)
		(3005 4011 995 911)
		(913 915 999 997)
		(915 917 1001 999)
		(917 919 1003 1001)
		(3111 3113 4015 4013)
		(4015 3113 3115 4017)
		(4013 4015 4017 4019)
		(3111 4013 4019 3109)
		(4017 3115 921 1005)
		(4019 4017 1005 1003)
		(3109 4019 1003 919)
		(921 923 1007 1005)
		(925 927 1011 1009)
		(4027 4025 2129 2127)
		(4027 2127 2125 4021)
		(4025 4027 4021 4023)
		(2129 4025 4023 2131)
		(4021 2125 1011 927)
		(4023 4021 927 929)
		(2131 4023 929 1013)
		(929 931 1015 1013)
		(931 933 1017 1015)
		(933 935 1019 1017)
		(4035 4033 2233 2231)
		(4035 2231 2229 4029)
		(4033 4035 4029 4031)
		(2233 4033 4031 2235)
		(4029 2229 1019 935)
		(4031 4029 935 937)
		(2235 4031 937 1021)
		(937 939 1023 1021)
		(939 941 1025 1023)
		(941 943 1027 1025)
		(4043 4041 2337 2335)
		(4043 2335 2333 4037)
		(4041 4043 4037 4039)
		(2337 4041 4039 2339)
		(4037 2333 1027 943)
		(4039 4037 943 945)
		(2339 4039 945 1029)
		(945 947 1031 1029)
		(947 949 1033 1031)
		(949 951 1035 1033)
		(4051 4049 2441 2439)
		(4051 2439 2437 4045)
		(4049 4051 4045 4047)
		(2441 4049 4047 2443)
		(4045 2437 1035 951)
		(4047 4045 951 953)
		(2443 4047 953 1037)
		(953 955 1039 1037)
		(955 957 1041 1039)
		(957 959 1043 1041)
		(4059 4057 2545 2543)
		(4059 2543 2541 4053)
		(4057 4059 4053 4055)
		(2545 4057 4055 2547)
		(4053 2541 1043 959)
		(4055 4053 959 961)
		(2547 4055 961 1045)
		(961 963 1047 1045)
		(963 965 1049 1047)
		(965 967 1051 1049)
		(4067 4065 2649 2647)
		(4067 2647 2645 4061)
		(4065 4067 4061 4063)
		(2649 4065 4063 2651)
		(4061 2645 1051 967)
		(4063 4061 967 969)
		(2651 4063 969 1053)
		(969 971 1055 1053)
		(971 973 1057 1055)
		(973 975 1059 1057)
		(4075 4073 2753 2751)
		(4075 2751 2749 4069)
		(4073 4075 4069 4071)
		(2753 4073 4071 2755)
		(4069 2749 1059 975)
		(4071 4069 975 977)
		(2755 4071 977 1061)
		(977 979 1063 1061)
		(979 981 1065 1063)
		(981 983 1067 1065)
		(4083 4081 2857 2855)
		(4083 2855 2853 4077)
		(4081 4083 4077 4079)
		(2857 4081 4079 2859)
		(4077 2853 1067 983)
		(4079 4077 983 985)
		(2859 4079 985 1069)
		(985 987 1071 1069)
		(987 989 1073 1071)
		(989 991 1075 1073)
		(4091 4089 2961 2959)
		(4091 2959 2957 4085)
		(4089 4091 4085 4087)
		(2961 4089 4087 2963)
		(4085 2957 1075 991)
		(4087 4085 991 993)
		(2963 4087 993 1077)
		(993 995 1079 1077)
		(995 997 1081 1079)
		(997 999 1083 1081)
		(4099 4097 3065 3063)
		(4099 3063 3061 4093)
		(4097 4099 4093 4095)
		(3065 4097 4095 3067)
		(4093 3061 1083 999)
		(4095 4093 999 1001)
		(3067 4095 1001 1085)
		(1001 1003 1087 1085)
		(1003 1005 1089 1087)
		(1005 1007 1091 1089)
		(1009 1011 1095 1093)
		(2127 2129 4103 4101)
		(4103 2129 2131 4105)
		(4101 4103 4105 4107)
		(2127 4101 4107 2125)
		(4105 2131 1013 1097)
		(4107 4105 1097 1095)
		(2125 4107 1095 1011)
		(1013 1015 1099 1097)
		(1015 1017 1101 1099)
		(1017 1019 1103 1101)
		(2231 2233 4111 4109)
		(4111 2233 2235 4113)
		(4109 4111 4113 4115)
		(2231 4109 4115 2229)
		(4113 2235 1021 1105)
		(4115 4113 1105 1103)
		(2229 4115 1103 1019)
		(1021 1023 1107 1105)
		(1023 1025 1109 1107)
		(1025 1027 1111 1109)
		(2335 2337 4119 4117)
		(4119 2337 2339 4121)
		(4117 4119 4121 4123)
		(2335 4117 4123 2333)
		(4121 2339 1029 1113)
		(4123 4121 1113 1111)
		(2333 4123 1111 1027)
		(1029 1031 1115 1113)
		(1031 1033 1117 1115)
		(1033 1035 1119 1117)
		(2439 2441 4127 4125)
		(4127 2441 2443 4129)
		(4125 4127 4129 4131)
		(2439 4125 4131 2437)
		(4129 2443 1037 1121)
		(4131 4129 1121 1119)
		(2437 4131 1119 1035)
		(1037 1039 1123 1121)
		(1039 1041 1125 1123)
		(1041 1043 1127 1125)
		(2543 2545 4135 4133)
		(4135 2545 2547 4137)
		(4133 4135 4137 4139)
		(2543 4133 4139 2541)
		(4137 2547 1045 1129)
		(4139 4137 1129 1127)
		(2541 4139 1127 1043)
		(1045 1047 1131 1129)
		(1047 1049 1133 1131)
		(1049 1051 1135 1133)
		(2647 2649 4143 4141)
		(4143 2649 2651 4145)
		(4141 4143 4145 4147)
		(2647 4141 4147 2645)
		(4145 2651 1053 1137)
		(4147 4145 1137 1135)
		(2645 4147 1135 1051)
		(1053 1055 1139 1137)
		(1055 1057 1141 1139)
		(1057 1059 1143 1141)
		(2751 2753 4151 4149)
		(4151 2753 2755 4153)
		(4149 4151 4153 4155)
		(2751 4149 4155 2749)
		(4153 2755 1061 1145)
		(4155 4153 1145 1143)
		(2749 4155 1143 1059)
		(1061 1063 1147 1145)
		(1063 1065 1149 1147)
		(1065 1067 1151 1149)
		(2855 2857 4159 4157)
		(4159 2857 2859 4161)
		(4157 4159 4161 4163)
		(2855 4157 4163 2853)
		(4161 2859 1069 1153)
		(4163 4161 1153 1151)
		(2853 4163 1151 1067)
		(1069 1071 1155 1153)
		(1071 1073 1157 1155)
		(1073 1075 1159 1157)
		(2959 2961 4167 4165)
		(4167 2961 2963 4169)
		(4165 4167 4169 4171)
		(2959 4165 4171 2957)
		(4169 2963 1077 1161)
		(4171 4169 1161 1159)
		(2957 4171 1159 1075)
		(1077 1079 1163 1161)
		(1079 1081 1165 1163)
		(1081 1083 1167 1165)
		(3063 3065 4175 4173)
		(4175 3065 3067 4177)
		(4173 4175 4177 4179)
		(3063 4173 4179 3061)
		(4177 3067 1085 1169)
		(4179 4177 1169 1167)
		(3061 4179 1167 1083)
		(1085 1087 1171 1169)
		(1087 1089 1173 1171)
		(1089 1091 1175 1173)
		(1093 1095 1179 1177)
		(1095 1097 1181 1179)
		(1097 1099 1183 1181)
		(4187 4185 2185 2183)
		(4187 2183 2181 4181)
		(4185 4187 4181 4183)
		(2185 4185 4183 2187)
		(4181 2181 1183 1099)
		(4183 4181 1099 1101)
		(2187 4183 1101 1185)
		(1101 1103 1187 1185)
		(1103 1105 1189 1187)
		(1105 1107 1191 1189)
		(4195 4193 2289 2287)
		(4195 2287 2285 4189)
		(4193 4195 4189 4191)
		(2289 4193 4191 2291)
		(4189 2285 1191 1107)
		(4191 4189 1107 1109)
		(2291 4191 1109 1193)
		(1109 1111 1195 1193)
		(1111 1113 1197 1195)
		(1113 1115 1199 1197)
		(4203 4201 2393 2391)
		(4203 2391 2389 4197)
		(4201 4203 4197 4199)
		(2393 4201 4199 2395)
		(4197 2389 1199 1115)
		(4199 4197 1115 1117)
		(2395 4199 1117 1201)
		(1117 1119 1203 1201)
		(1119 1121 1205 1203)
		(1121 1123 1207 1205)
		(4211 4209 2497 2495)
		(4211 2495 2493 4205)
		(4209 4211 4205 4207)
		(2497 4209 4207 2499)
		(4205 2493 1207 1123)
		(4207 4205 1123 1125)
		(2499 4207 1125 1209)
		(1125 1127 1211 1209)
		(1127 1129 1213 1211)
		(1129 1131 1215 1213)
		(4219 4217 2601 2599)
		(4219 2599 2597 4213)
		(4217 4219 4213 4215)
		(2601 4217 4215 2603)
		(4213 2597 1215 1131)
		(4215 4213 1131 1133)
		(2603 4215 1133 1217)
		(1133 1135 1219 1217)
		(1135 1137 1221 1219)
		(1137 1139 1223 1221)
		(4227 4225 2705 2703)
		(4227 2703 2701 4221)
		(4225 4227 4221 4223)
		(2705 4225 4223 2707)
		(4221 2701 1223 1139)
		(4223 4221 1139 1141)
		(2707 4223 1141 1225)
		(1141 1143 1227 1225)
		(1143 1145 1229 1227)
		(1145 1147 1231 1229)
		(4235 4233 2809 2807)
		(4235 2807 2805 4229)
		(4233 4235 4229 4231)
		(2809 4233 4231 2811)
		(4229 2805 1231 1147)
		(4231 4229 1147 1149)
		(2811 4231 1149 1233)
		(1149 1151 1235 1233)
		(1151 1153 1237 1235)
		(1153 1155 1239 1237)
		(4243 4241 2913 2911)
		(4243 2911 2909 4237)
		(4241 4243 4237 4239)
		(2913 4241 4239 2915)
		(4237 2909 1239 1155)
		(4239 4237 1155 1157)
		(2915 4239 1157 1241)
		(1157 1159 1243 1241)
		(1159 1161 1245 1243)
		(1161 1163 1247 1245)
		(4251 4249 3017 3015)
		(4251 3015 3013 4245)
		(4249 4251 4245 4247)
		(3017 4249 4247 3019)
		(4245 3013 1247 1163)
		(4247 4245 1163 1165)
		(3019 4247 1165 1249)
		(1165 1167 1251 1249)
		(1167 1169 1253 1251)
		(1169 1171 1255 1253)
		(4259 4257 3121 3119)
		(4259 3119 3117 4253)
		(4257 4259 4253 4255)
		(3121 4257 4255 3123)
		(4253 3117 1255 1171)
		(4255 4253 1171 1173)
		(3123 4255 1173 1257)
		(1173 1175 1259 1257)
		(1177 1179 1263 1261)
		(1179 1181 1265 1263)
		(1181 1183 1267 1265)
		(2183 2185 4263 4261)
		(4263 2185 2187 4265)
		(4261 4263 4265 4267)
		(2183 4261 4267 2181)
		(4265 2187 1185 1269)
		(4267 4265 1269 1267)
		(2181 4267 1267 1183)
		(1185 1187 1271 1269)
		(1187 1189 1273 1271)
		(1189 1191 1275 1273)
		(2287 2289 4271 4269)
		(4271 2289 2291 4273)
		(4269 4271 4273 4275)
		(2287 4269 4275 2285)
		(4273 2291 1193 1277)
		(4275 4273 1277 1275)
		(2285 4275 1275 1191)
		(1193 1195 1279 1277)
		(1195 1197 1281 1279)
		(1197 1199 1283 1281)
		(2391 2393 4279 4277)
		(4279 2393 2395 4281)
		(4277 4279 4281 4283)
		(2391 4277 4283 2389)
		(4281 2395 1201 1285)
		(4283 4281 1285 1283)
		(2389 4283 1283 1199)
		(1201 1203 1287 1285)
		(1203 1205 1289 1287)
		(1205 1207 1291 1289)
		(2495 2497 4287 4285)
		(4287 2497 2499 4289)
		(4285 4287 4289 4291)
		(2495 4285 4291 2493)
		(4289 2499 1209 1293)
		(4291 4289 1293 1291)
		(2493 4291 1291 1207)
		(1209 1211 1295 1293)
		(1211 1213 1297 1295)
		(1213 1215 1299 1297)
		(2599 2601 4295 4293)
		(4295 2601 2603 4297)
		(4293 4295 4297 4299)
		(2599 4293 4299 2597)
		(4297 2603 1217 1301)
		(4299 4297 1301 1299)
		(2597 4299 1299 1215)
		(1217 1219 1303 1301)
		(1219 1221 1305 1303)
		(1221 1223 1307 1305)
		(2703 2705 4303 4301)
		(4303 2705 2707 4305)
		(4301 4303 4305 4307)
		(2703 4301 4307 2701)
		(4305 2707 1225 1309)
		(4307 4305 1309 1307)
		(2701 4307 1307 1223)
		(1225 1227 1311 1309)
		(1227 1229 1313 1311)
		(1229 1231 1315 1313)
		(2807 2809 4311 4309)
		(4311 2809 2811 4313)
		(4309 4311 4313 4315)
		(2807 4309 4315 2805)
		(4313 2811 1233 1317)
		(4315 4313 1317 1315)
		(2805 4315 1315 1231)
		(1233 1235 1319 1317)
		(1235 1237 1321 1319)
		(1237 1239 1323 1321)
		(2911 2913 4319 4317)
		(4319 2913 2915 4321)
		(4317 4319 4321 4323)
		(2911 4317 4323 2909)
		(4321 2915 1241 1325)
		(4323 4321 1325 1323)
		(2909 4323 1323 1239)
		(1241 1243 1327 1325)
		(1243 1245 1329 1327)
		(1245 1247 1331 1329)
		(3015 3017 4327 4325)
		(4327 3017 3019 4329)
		(4325 4327 4329 4331)
		(3015 4325 4331 3013)
		(4329 3019 1249 1333)
		(4331 4329 1333 1331)
		(3013 4331 1331 1247)
		(1249 1251 1335 1333)
		(1251 1253 1337 1335)
		(1253 1255 1339 1337)
		(3119 3121 4335 4333)
		(4335 3121 3123 4337)
		(4333 4335 4337 4339)
		(3119 4333 4339 3117)
		(4337 3123 1257 1341)
		(4339 4337 1341 1339)
		(3117 4339 1339 1255)
		(1257 1259 1343 1341)
		(1261 1263 1347 1345)
		(4347 4345 2137 2135)
		(4347 2135 2133 4341)
		(4345 4347 4341 4343)
		(2137 4345 4343 2139)
		(4341 2133 1347 1263)
		(4343 4341 1263 1265)
		(2139 4343 1265 1349)
		(1265 1267 1351 1349)
		(1267 1269 1353 1351)
		(1269 1271 1355 1353)
		(4355 4353 2241 2239)
		(4355 2239 2237 4349)
		(4353 4355 4349 4351)
		(2241 4353 4351 2243)
		(4349 2237 1355 1271)
		(4351 4349 1271 1273)
		(2243 4351 1273 1357)
		(1273 1275 1359 1357)
		(1275 1277 1361 1359)
		(1277 1279 1363 1361)
		(4363 4361 2345 2343)
		(4363 2343 2341 4357)
		(4361 4363 4357 4359)
		(2345 4361 4359 2347)
		(4357 2341 1363 1279)
		(4359 4357 1279 1281)
		(2347 4359 1281 1365)
		(1281 1283 1367 1365)
		(1283 1285 1369 1367)
		(1285 1287 1371 1369)
		(4371 4369 2449 2447)
		(4371 2447 2445 4365)
		(4369 4371 4365 4367)
		(2449 4369 4367 2451)
		(4365 2445 1371 1287)
		(4367 4365 1287 1289)
		(2451 4367 1289 1373)
		(1289 1291 1375 1373)
		(1291 1293 1377 1375)
		(1293 1295 1379 1377)
		(4379 4377 2553 2551)
		(4379 2551 2549 4373)
		(4377 4379 4373 4375)
		(2553 4377 4375 2555)
		(4373 2549 1379 1295)
		(4375 4373 1295 1297)
		(2555 4375 1297 1381)
		(1297 1299 1383 1381)
		(1299 1301 1385 1383)
		(1301 1303 1387 1385)
		(4387 4385 2657 2655)
		(4387 2655 2653 4381)
		(4385 4387 4381 4383)
		(2657 4385 4383 2659)
		(4381 2653 1387 1303)
		(4383 4381 1303 1305)
		(2659 4383 1305 1389)
		(1305 1307 1391 1389)
		(1307 1309 1393 1391)
		(1309 1311 1395 1393)
		(4395 4393 2761 2759)
		(4395 2759 2757 4389)
		(4393 4395 4389 4391)
		(2761 4393 4391 2763)
		(4389 2757 1395 1311)
		(4391 4389 1311 1313)
		(2763 4391 1313 1397)
		(1313 1315 1399 1397)
		(1315 1317 1401 1399)
		(1317 1319 1403 1401)
		(4403 4401 2865 2863)
		(4403 2863 2861 4397)
		(4401 4403 4397 4399)
		(2865 4401 4399 2867)
		(4397 2861 1403 1319)
		(4399 4397 1319 1321)
		(2867 4399 1321 1405)
		(1321 1323 1407 1405)
		(1323 1325 1409 1407)
		(1325 1327 1411 1409)
		(4411 4409 2969 2967)
		(4411 2967 2965 4405)
		(4409 4411 4405 4407)
		(2969 4409 4407 2971)
		(4405 2965 1411 1327)
		(4407 4405 1327 1329)
		(2971 4407 1329 1413)
		(1329 1331 1415 1413)
		(1331 1333 1417 1415)
		(1333 1335 1419 1417)
		(4419 4417 3073 3071)
		(4419 3071 3069 4413)
		(4417 4419 4413 4415)
		(3073 4417 4415 3075)
		(4413 3069 1419 1335)
		(4415 4413 1335 1337)
		(3075 4415 1337 1421)
		(1337 1339 1423 1421)
		(1339 1341 1425 1423)
		(1341 1343 1427 1425)
		(1345 1347 1431 1429)
		(2135 2137 4423 4421)
		(4423 2137 2139 4425)
		(4421 4423 4425 4427)
		(2135 4421 4427 2133)
		(4425 2139 1349 1433)
		(4427 4425 1433 1431)
		(2133 4427 1431 1347)
		(1349 1351 1435 1433)
		(1351 1353 1437 1435)
		(1353 1355 1439 1437)
		(2239 2241 4431 4429)
		(4431 2241 2243 4433)
		(4429 4431 4433 4435)
		(2239 4429 4435 2237)
		(4433 2243 1357 1441)
		(4435 4433 1441 1439)
		(2237 4435 1439 1355)
		(1357 1359 1443 1441)
		(1359 1361 1445 1443)
		(1361 1363 1447 1445)
		(2343 2345 4439 4437)
		(4439 2345 2347 4441)
		(4437 4439 4441 4443)
		(2343 4437 4443 2341)
		(4441 2347 1365 1449)
		(4443 4441 1449 1447)
		(2341 4443 1447 1363)
		(1365 1367 1451 1449)
		(1367 1369 1453 1451)
		(1369 1371 1455 1453)
		(2447 2449 4447 4445)
		(4447 2449 2451 4449)
		(4445 4447 4449 4451)
		(2447 4445 4451 2445)
		(4449 2451 1373 1457)
		(4451 4449 1457 1455)
		(2445 4451 1455 1371)
		(1373 1375 1459 1457)
		(1375 1377 1461 1459)
		(1377 1379 1463 1461)
		(2551 2553 4455 4453)
		(4455 2553 2555 4457)
		(4453 4455 4457 4459)
		(2551 4453 4459 2549)
		(4457 2555 1381 1465)
		(4459 4457 1465 1463)
		(2549 4459 1463 1379)
		(1381 1383 1467 1465)
		(1383 1385 1469 1467)
		(1385 1387 1471 1469)
		(2655 2657 4463 4461)
		(4463 2657 2659 4465)
		(4461 4463 4465 4467)
		(2655 4461 4467 2653)
		(4465 2659 1389 1473)
		(4467 4465 1473 1471)
		(2653 4467 1471 1387)
		(1389 1391 1475 1473)
		(1391 1393 1477 1475)
		(1393 1395 1479 1477)
		(2759 2761 4471 4469)
		(4471 2761 2763 4473)
		(4469 4471 4473 4475)
		(2759 4469 4475 2757)
		(4473 2763 1397 1481)
		(4475 4473 1481 1479)
		(2757 4475 1479 1395)
		(1397 1399 1483 1481)
		(1399 1401 1485 1483)
		(1401 1403 1487 1485)
		(2863 2865 4479 4477)
		(4479 2865 2867 4481)
		(4477 4479 4481 4483)
		(2863 4477 4483 2861)
		(4481 2867 1405 1489)
		(4483 4481 1489 1487)
		(2861 4483 1487 1403)
		(1405 1407 1491 1489)
		(1407 1409 1493 1491)
		(1409 1411 1495 1493)
		(2967 2969 4487 4485)
		(4487 2969 2971 4489)
		(4485 4487 4489 4491)
		(2967 4485 4491 2965)
		(4489 2971 1413 1497)
		(4491 4489 1497 1495)
		(2965 4491 1495 1411)
		(1413 1415 1499 1497)
		(1415 1417 1501 1499)
		(1417 1419 1503 1501)
		(3071 3073 4495 4493)
		(4495 3073 3075 4497)
		(4493 4495 4497 4499)
		(3071 4493 4499 3069)
		(4497 3075 1421 1505)
		(4499 4497 1505 1503)
		(3069 4499 1503 1419)
		(1421 1423 1507 1505)
		(1423 1425 1509 1507)
		(1425 1427 1511 1509)
		(1429 1431 1515 1513)
		(1431 1433 1517 1515)
		(1433 1435 1519 1517)
		(4507 4505 2193 2191)
		(4507 2191 2189 4501)
		(4505 4507 4501 4503)
		(2193 4505 4503 2195)
		(4501 2189 1519 1435)
		(4503 4501 1435 1437)
		(2195 4503 1437 1521)
		(1437 1439 1523 1521)
		(1439 1441 1525 1523)
		(1441 1443 1527 1525)
		(4515 4513 2297 2295)
		(4515 2295 2293 4509)
		(4513 4515 4509 4511)
		(2297 4513 4511 2299)
		(4509 2293 1527 1443)
		(4511 4509 1443 1445)
		(2299 4511 1445 1529)
		(1445 1447 1531 1529)
		(1447 1449 1533 1531)
		(1449 1451 1535 1533)
		(4523 4521 2401 2399)
		(4523 2399 2397 4517)
		(4521 4523 4517 4519)
		(2401 4521 4519 2403)
		(4517 2397 1535 1451)
		(4519 4517 1451 1453)
		(2403 4519 1453 1537)
		(1453 1455 1539 1537)
		(1455 1457 1541 1539)
		(1457 1459 1543 1541)
		(4531 4529 2505 2503)
		(4531 2503 2501 4525)
		(4529 4531 4525 4527)
		(2505 4529 4527 2507)
		(4525 2501 1543 1459)
		(4527 4525 1459 1461)
		(2507 4527 1461 1545)
		(1461 1463 1547 1545)
		(1463 1465 1549 1547)
		(1465 1467 1551 1549)
		(4539 4537 2609 2607)
		(4539 2607 2605 4533)
		(4537 4539 4533 4535)
		(2609 4537 4535 2611)
		(4533 2605 1551 1467)
		(4535 4533 1467 1469)
		(2611 4535 1469 1553)
		(1469 1471 1555 1553)
		(1471 1473 1557 1555)
		(1473 1475 1559 1557)
		(4547 4545 2713 2711)
		(4547 2711 2709 4541)
		(4545 4547 4541 4543)
		(2713 4545 4543 2715)
		(4541 2709 1559 1475)
		(4543 4541 1475 1477)
		(2715 4543 1477 1561)
		(1477 1479 1563 1561)
		(1479 1481 1565 1563)
		(1481 1483 1567 1565)
		(4555 4553 2817 2815)
		(4555 2815 2813 4549)
		(4553 4555 4549 4551)
		(2817 4553 4551 2819)
		(4549 2813 1567 1483)
		(4551 4549 1483 1485)
		(2819 4551 1485 1569)
		(1485 1487 1571 1569)
		(1487 1489 1573 1571)
		(1489 1491 1575 1573)
		(4563 4561 2921 2919)
		(4563 2919 2917 4557)
		(4561 4563 4557 4559)
		(2921 4561 4559 2923)
		(4557 2917 1575 1491)
		(4559 4557 1491 1493)
		(2923 4559 1493 1577)
		(1493 1495 1579 1577)
		(1495 1497 1581 1579)
		(1497 1499 1583 1581)
		(4571 4569 3025 3023)
		(4571 3023 3021 4565)
		(4569 4571 4565 4567)
		(3025 4569 4567 3027)
		(4565 3021 1583 1499)
		(4567 4565 1499 1501)
		(3027 4567 1501 1585)
		(1501 1503 1587 1585)
		(1503 1505 1589 1587)
		(1505 1507 1591 1589)
		(4579 4577 3129 3127)
		(4579 3127 3125 4573)
		(4577 4579 4573 4575)
		(3129 4577 4575 3131)
		(4573 3125 1591 1507)
		(4575 4573 1507 1509)
		(3131 4575 1509 1593)
		(1509 1511 1595 1593)
		(1513 1515 1599 1597)
		(1515 1517 1601 1599)
		(1517 1519 1603 1601)
		(2191 2193 4583 4581)
		(4583 2193 2195 4585)
		(4581 4583 4585 4587)
		(2191 4581 4587 2189)
		(4585 2195 1521 1605)
		(4587 4585 1605 1603)
		(2189 4587 1603 1519)
		(1521 1523 1607 1605)
		(1523 1525 1609 1607)
		(1525 1527 1611 1609)
		(2295 2297 4591 4589)
		(4591 2297 2299 4593)
		(4589 4591 4593 4595)
		(2295 4589 4595 2293)
		(4593 2299 1529 1613)
		(4595 4593 1613 1611)
		(2293 4595 1611 1527)
		(1529 1531 1615 1613)
		(1531 1533 1617 1615)
		(1533 1535 1619 1617)
		(2399 2401 4599 4597)
		(4599 2401 2403 4601)
		(4597 4599 4601 4603)
		(2399 4597 4603 2397)
		(4601 2403 1537 1621)
		(4603 4601 1621 1619)
		(2397 4603 1619 1535)
		(1537 1539 1623 1621)
		(1539 1541 1625 1623)
		(1541 1543 1627 1625)
		(2503 2505 4607 4605)
		(4607 2505 2507 4609)
		(4605 4607 4609 4611)
		(2503 4605 4611 2501)
		(4609 2507 1545 1629)
		(4611 4609 1629 1627)
		(2501 4611 1627 1543)
		(1545 1547 1631 1629)
		(1547 1549 1633 1631)
		(1549 1551 1635 1633)
		(2607 2609 4615 4613)
		(4615 2609 2611 4617)
		(4613 4615 4617 4619)
		(2607 4613 4619 2605)
		(4617 2611 1553 1637)
		(4619 4617 1637 1635)
		(2605 4619 1635 1551)
		(1553 1555 1639 1637)
		(1555 1557 1641 1639)
		(1557 1559 1643 1641)
		(2711 2713 4623 4621)
		(4623 2713 2715 4625)
		(4621 4623 4625 4627)
		(2711 4621 4627 2709)
		(4625 2715 1561 1645)
		(4627 4625 1645 1643)
		(2709 4627 1643 1559)
		(1561 1563 1647 1645)
		(1563 1565 1649 1647)
		(1565 1567 1651 1649)
		(2815 2817 4631 4629)
		(4631 2817 2819 4633)
		(4629 4631 4633 4635)
		(2815 4629 4635 2813)
		(4633 2819 1569 1653)
		(4635 4633 1653 1651)
		(2813 4635 1651 1567)
		(1569 1571 1655 1653)
		(1571 1573 1657 1655)
		(1573 1575 1659 1657)
		(2919 2921 4639 4637)
		(4639 2921 2923 4641)
		(4637 4639 4641 4643)
		(2919 4637 4643 2917)
		(4641 2923 1577 1661)
		(4643 4641 1661 1659)
		(2917 4643 1659 1575)
		(1577 1579 1663 1661)
		(1579 1581 1665 1663)
		(1581 1583 1667 1665)
		(3023 3025 4647 4645)
		(4647 3025 3027 4649)
		(4645 4647 4649 4651)
		(3023 4645 4651 3021)
		(4649 3027 1585 1669)
		(4651 4649 1669 1667)
		(3021 4651 1667 1583)
		(1585 1587 1671 1669)
		(1587 1589 1673 1671)
		(1589 1591 1675 1673)
		(3127 3129 4655 4653)
		(4655 3129 3131 4657)
		(4653 4655 4657 4659)
		(3127 4653 4659 3125)
		(4657 3131 1593 1677)
		(4659 4657 1677 1675)
		(3125 4659 1675 1591)
		(1593 1595 1679 1677)
		(1597 1599 1683 1681)
		(4667 4665 2145 2143)
		(4667 2143 2141 4661)
		(4665 4667 4661 4663)
		(2145 4665 4663 2147)
		(4661 2141 1683 1599)
		(4663 4661 1599 1601)
		(2147 4663 1601 1685)
		(1601 1603 1687 1685)
		(1603 1605 1689 1687)
		(1605 1607 1691 1689)
		(4675 4673 2249 2247)
		(4675 2247 2245 4669)
		(4673 4675 4669 4671)
		(2249 4673 4671 2251)
		(4669 2245 1691 1607)
		(4671 4669 1607 1609)
		(2251 4671 1609 1693)
		(1609 1611 1695 1693)
		(1611 1613 1697 1695)
		(1613 1615 1699 1697)
		(4683 4681 2353 2351)
		(4683 2351 2349 4677)
		(4681 4683 4677 4679)
		(2353 4681 4679 2355)
		(4677 2349 1699 1615)
		(4679 4677 1615 1617)
		(2355 4679 1617 1701)
		(1617 1619 1703 1701)
		(1619 1621 1705 1703)
		(1621 1623 1707 1705)
		(4691 4689 2457 2455)
		(4691 2455 2453 4685)
		(4689 4691 4685 4687)
		(2457 4689 4687 2459)
		(4685 2453 1707 1623)
		(4687 4685 1623 1625)
		(2459 4687 1625 1709)
		(1625 1627 1711 1709)
		(1627 1629 1713 1711)
		(1629 1631 1715 1713)
		(4699 4697 2561 2559)
		(4699 2559 2557 4693)
		(4697 4699 4693 4695)
		(2561 4697 4695 2563)
		(4693 2557 1715 1631)
		(4695 4693 1631 1633)
		(2563 4695 1633 1717)
		(1633 1635 1719 1717)
		(1635 1637 1721 1719)
		(1637 1639 1723 1721)
		(4707 4705 2665 2663)
		(4707 2663 2661 4701)
		(4705 4707 4701 4703)
		(2665 4705 4703 2667)
		(4701 2661 1723 1639)
		(4703 4701 1639 1641)
		(2667 4703 1641 1725)
		(1641 1643 1727 1725)
		(1643 1645 1729 1727)
		(1645 1647 1731 1729)
		(4715 4713 2769 2767)
		(4715 2767 2765 4709)
		(4713 4715 4709 4711)
		(2769 4713 4711 2771)
		(4709 2765 1731 1647)
		(4711 4709 1647 1649)
		(2771 4711 1649 1733)
		(1649 1651 1735 1733)
		(1651 1653 1737 1735)
		(1653 1655 1739 1737)
		(4723 4721 2873 2871)
		(4723 2871 2869 4717)
		(4721 4723 4717 4719)
		(2873 4721 4719 2875)
		(4717 2869 1739 1655)
		(4719 4717 1655 1657)
		(2875 4719 1657 1741)
		(1657 1659 1743 1741)
		(1659 1661 1745 1743)
		(1661 1663 1747 1745)
		(4731 4729 2977 2975)
		(4731 2975 2973 4725)
		(4729 4731 4725 4727)
		(2977 4729 4727 2979)
		(4725 2973 1747 1663)
		(4727 4725 1663 1665)
		(2979 4727 1665 1749)
		(1665 1667 1751 1749)
		(1667 1669 1753 1751)
		(1669 1671 1755 1753)
		(4739 4737 3081 3079)
		(4739 3079 3077 4733)
		(4737 4739 4733 4735)
		(3081 4737 4735 3083)
		(4733 3077 1755 1671)
		(4735 4733 1671 1673)
		(3083 4735 1673 1757)
		(1673 1675 1759 1757)
		(1675 1677 1761 1759)
		(1677 1679 1763 1761)
		(1681 1683 1767 1765)
		(2143 2145 4743 4741)
		(4743 2145 2147 4745)
		(4741 4743 4745 4747)
		(2143 4741 4747 2141)
		(4745 2147 1685 1769)
		(4747 4745 1769 1767)
		(2141 4747 1767 1683)
		(1685 1687 1771 1769)
		(1687 1689 1773 1771)
		(1689 1691 1775 1773)
		(2247 2249 4751 4749)
		(4751 2249 2251 4753)
		(4749 4751 4753 4755)
		(2247 4749 4755 2245)
		(4753 2251 1693 1777)
		(4755 4753 1777 1775)
		(2245 4755 1775 1691)
		(1693 1695 1779 1777)
		(1695 1697 1781 1779)
		(1697 1699 1783 1781)
		(2351 2353 4759 4757)
		(4759 2353 2355 4761)
		(4757 4759 4761 4763)
		(2351 4757 4763 2349)
		(4761 2355 1701 1785)
		(4763 4761 1785 1783)
		(2349 4763 1783 1699)
		(1701 1703 1787 1785)
		(1703 1705 1789 1787)
		(1705 1707 1791 1789)
		(2455 2457 4767 4765)
		(4767 2457 2459 4769)
		(4765 4767 4769 4771)
		(2455 4765 4771 2453)
		(4769 2459 1709 1793)
		(4771 4769 1793 1791)
		(2453 4771 1791 1707)
		(1709 1711 1795 1793)
		(1711 1713 1797 1795)
		(1713 1715 1799 1797)
		(2559 2561 4775 4773)
		(4775 2561 2563 4777)
		(4773 4775 4777 4779)
		(2559 4773 4779 2557)
		(4777 2563 1717 1801)
		(4779 4777 1801 1799)
		(2557 4779 1799 1715)
		(1717 1719 1803 1801)
		(1719 1721 1805 1803)
		(1721 1723 1807 1805)
		(2663 2665 4783 4781)
		(4783 2665 2667 4785)
		(4781 4783 4785 4787)
		(2663 4781 4787 2661)
		(4785 2667 1725 1809)
		(4787 4785 1809 1807)
		(2661 4787 1807 1723)
		(1725 1727 1811 1809)
		(1727 1729 1813 1811)
		(1729 1731 1815 1813)
		(2767 2769 4791 4789)
		(4791 2769 2771 4793)
		(4789 4791 4793 4795)
		(2767 4789 4795 2765)
		(4793 2771 1733 1817)
		(4795 4793 1817 1815)
		(2765 4795 1815 1731)
		(1733 1735 1819 1817)
		(1735 1737 1821 1819)
		(1737 1739 1823 1821)
		(2871 2873 4799 4797)
		(4799 2873 2875 4801)
		(4797 4799 4801 4803)
		(2871 4797 4803 2869)
		(4801 2875 1741 1825)
		(4803 4801 1825 1823)
		(2869 4803 1823 1739)
		(1741 1743 1827 1825)
		(1743 1745 1829 1827)
		(1745 1747 1831 1829)
		(2975 2977 4807 4805)
		(4807 2977 2979 4809)
		(4805 4807 4809 4811)
		(2975 4805 4811 2973)
		(4809 2979 1749 1833)
		(4811 4809 1833 1831)
		(2973 4811 1831 1747)
		(1749 1751 1835 1833)
		(1751 1753 1837 1835)
		(1753 1755 1839 1837)
		(3079 3081 4815 4813)
		(4815 3081 3083 4817)
		(4813 4815 4817 4819)
		(3079 4813 4819 3077)
		(4817 3083 1757 1841)
		(4819 4817 1841 1839)
		(3077 4819 1839 1755)
		(1757 1759 1843 1841)
		(1759 1761 1845 1843)
		(1761 1763 1847 1845)
		(1765 1767 1851 1849)
		(1767 1769 1853 1851)
		(1769 1771 1855 1853)
		(4827 4825 2201 2199)
		(4827 2199 2197 4821)
		(4825 4827 4821 4823)
		(2201 4825 4823 2203)
		(4821 2197 1855 1771)
		(4823 4821 1771 1773)
		(2203 4823 1773 1857)
		(1773 1775 1859 1857)
		(1775 1777 1861 1859)
		(1777 1779 1863 1861)
		(4835 4833 2305 2303)
		(4835 2303 2301 4829)
		(4833 4835 4829 4831)
		(2305 4833 4831 2307)
		(4829 2301 1863 1779)
		(4831 4829 1779 1781)
		(2307 4831 1781 1865)
		(1781 1783 1867 1865)
		(1783 1785 1869 1867)
		(1785 1787 1871 1869)
		(4843 4841 2409 2407)
		(4843 2407 2405 4837)
		(4841 4843 4837 4839)
		(2409 4841 4839 2411)
		(4837 2405 1871 1787)
		(4839 4837 1787 1789)
		(2411 4839 1789 1873)
		(1789 1791 1875 1873)
		(1791 1793 1877 1875)
		(1793 1795 1879 1877)
		(4851 4849 2513 2511)
		(4851 2511 2509 4845)
		(4849 4851 4845 4847)
		(2513 4849 4847 2515)
		(4845 2509 1879 1795)
		(4847 4845 1795 1797)
		(2515 4847 1797 1881)
		(1797 1799 1883 1881)
		(1799 1801 1885 1883)
		(1801 1803 1887 1885)
		(4859 4857 2617 2615)
		(4859 2615 2613 4853)
		(4857 4859 4853 4855)
		(2617 4857 4855 2619)
		(4853 2613 1887 1803)
		(4855 4853 1803 1805)
		(2619 4855 1805 1889)
		(1805 1807 1891 1889)
		(1807 1809 1893 1891)
		(1809 1811 1895 1893)
		(4867 4865 2721 2719)
		(4867 2719 2717 4861)
		(4865 4867 4861 4863)
		(2721 4865 4863 2723)
		(4861 2717 1895 1811)
		(4863 4861 1811 1813)
		(2723 4863 1813 1897)
		(1813 1815 1899 1897)
		(1815 1817 1901 1899)
		(1817 1819 1903 1901)
		(4875 4873 2825 2823)
		(4875 2823 2821 4869)
		(4873 4875 4869 4871)
		(2825 4873 4871 2827)
		(4869 2821 1903 1819)
		(4871 4869 1819 1821)
		(2827 4871 1821 1905)
		(1821 1823 1907 1905)
		(1823 1825 1909 1907)
		(1825 1827 1911 1909)
		(4883 4881 2929 2927)
		(4883 2927 2925 4877)
		(4881 4883 4877 4879)
		(2929 4881 4879 2931)
		(4877 2925 1911 1827)
		(4879 4877 1827 1829)
		(2931 4879 1829 1913)
		(1829 1831 1915 1913)
		(1831 1833 1917 1915)
		(1833 1835 1919 1917)
		(4891 4889 3033 3031)
		(4891 3031 3029 4885)
		(4889 4891 4885 4887)
		(3033 4889 4887 3035)
		(4885 3029 1919 1835)
		(4887 4885 1835 1837)
		(3035 4887 1837 1921)
		(1837 1839 1923 1921)
		(1839 1841 1925 1923)
		(1841 1843 1927 1925)
		(4899 4897 3137 3135)
		(4899 3135 3133 4893)
		(4897 4899 4893 4895)
		(3137 4897 4895 3139)
		(4893 3133 1927 1843)
		(4895 4893 1843 1845)
		(3139 4895 1845 1929)
		(1845 1847 1931 1929)
		(1849 1851 1935 1933)
		(1851 1853 1937 1935)
		(1853 1855 1939 1937)
		(2199 2201 4903 4901)
		(4903 2201 2203 4905)
		(4901 4903 4905 4907)
		(2199 4901 4907 2197)
		(4905 2203 1857 1941)
		(4907 4905 1941 1939)
		(2197 4907 1939 1855)
		(1857 1859 1943 1941)
		(1859 1861 1945 1943)
		(1861 1863 1947 1945)
		(2303 2305 4911 4909)
		(4911 2305 2307 4913)
		(4909 4911 4913 4915)
		(2303 4909 4915 2301)
		(4913 2307 1865 1949)
		(4915 4913 1949 1947)
		(2301 4915 1947 1863)
		(1865 1867 1951 1949)
		(1867 1869 1953 1951)
		(1869 1871 1955 1953)
		(2407 2409 4919 4917)
		(4919 2409 2411 4921)
		(4917 4919 4921 4923)
		(2407 4917 4923 2405)
		(4921 2411 1873 1957)
		(4923 4921 1957 1955)
		(2405 4923 1955 1871)
		(1873 1875 1959 1957)
		(1875 1877 1961 1959)
		(1877 1879 1963 1961)
		(2511 2513 4927 4925)
		(4927 2513 2515 4929)
		(4925 4927 4929 4931)
		(2511 4925 4931 2509)
		(4929 2515 1881 1965)
		(4931 4929 1965 1963)
		(2509 4931 1963 1879)
		(1881 1883 1967 1965)
		(1883 1885 1969 1967)
		(1885 1887 1971 1969)
		(2615 2617 4935 4933)
		(4935 2617 2619 4937)
		(4933 4935 4937 4939)
		(2615 4933 4939 2613)
		(4937 2619 1889 1973)
		(4939 4937 1973 1971)
		(2613 4939 1971 1887)
		(1889 1891 1975 1973)
		(1891 1893 1977 1975)
		(1893 1895 1979 1977)
		(2719 2721 4943 4941)
		(4943 2721 2723 4945)
		(4941 4943 4945 4947)
		(2719 4941 4947 2717)
		(4945 2723 1897 1981)
		(4947 4945 1981 1979)
		(2717 4947 1979 1895)
		(1897 1899 1983 1981)
		(1899 1901 1985 1983)
		(1901 1903 1987 1985)
		(2823 2825 4951 4949)
		(4951 2825 2827 4953)
		(4949 4951 4953 4955)
		(2823 4949 4955 2821)
		(4953 2827 1905 1989)
		(4955 4953 1989 1987)
		(2821 4955 1987 1903)
		(1905 1907 1991 1989)
		(1907 1909 1993 1991)
		(1909 1911 1995 1993)
		(2927 2929 4959 4957)
		(4959 2929 2931 4961)
		(4957 4959 4961 4963)
		(2927 4957 4963 2925)
		(4961 2931 1913 1997)
		(4963 4961 1997 1995)
		(2925 4963 1995 1911)
		(1913 1915 1999 1997)
		(1915 1917 2001 1999)
		(1917 1919 2003 2001)
		(3031 3033 4967 4965)
		(4967 3033 3035 4969)
		(4965 4967 4969 4971)
		(3031 4965 4971 3029)
		(4969 3035 1921 2005)
		(4971 4969 2005 2003)
		(3029 4971 2003 1919)
		(1921 1923 2007 2005)
		(1923 1925 2009 2007)
		(1925 1927 2011 2009)
		(3135 3137 4975 4973)
		(4975 3137 3139 4977)
		(4973 4975 4977 4979)
		(3135 4973 4979 3133)
		(4977 3139 1929 2013)
		(4979 4977 2013 2011)
		(3133 4979 2011 1927)
		(1929 1931 2015 2013)
		(1933 1935 2019 2017)
		(4987 4985 2153 2151)
		(4987 2151 2149 4981)
		(4985 4987 4981 4983)
		(2153 4985 4983 2155)
		(4981 2149 2019 1935)
		(4983 4981 1935 1937)
		(2155 4983 1937 2021)
		(1937 1939 2023 2021)
		(1939 1941 2025 2023)
		(1941 1943 2027 2025)
		(4995 4993 2257 2255)
		(4995 2255 2253 4989)
		(4993 4995 4989 4991)
		(2257 4993 4991 2259)
		(4989 2253 2027 1943)
		(4991 4989 1943 1945)
		(2259 4991 1945 2029)
		(1945 1947 2031 2029)
		(1947 1949 2033 2031)
		(1949 1951 2035 2033)
		(5003 5001 2361 2359)
		(5003 2359 2357 4997)
		(5001 5003 4997 4999)
		(2361 5001 4999 2363)
		(4997 2357 2035 1951)
		(4999 4997 1951 1953)
		(2363 4999 1953 2037)
		(1953 1955 2039 2037)
		(1955 1957 2041 2039)
		(1957 1959 2043 2041)
		(5011 5009 2465 2463)
		(5011 2463 2461 5005)
		(5009 5011 5005 5007)
		(2465 5009 5007 2467)
		(5005 2461 2043 1959)
		(5007 5005 1959 1961)
		(2467 5007 1961 2045)
		(1961 1963 2047 2045)
		(1963 1965 2049 2047)
		(1965 1967 2051 2049)
		(5019 5017 2569 2567)
		(5019 2567 2565 5013)
		(5017 5019 5013 5015)
		(2569 5017 5015 2571)
		(5013 2565 2051 1967)
		(5015 5013 1967 1969)
		(2571 5015 1969 2053)
		(1969 1971 2055 2053)
		(1971 1973 2057 2055)
		(1973 1975 2059 2057)
		(5027 5025 2673 2671)
		(5027 2671 2669 5021)
		(5025 5027 5021 5023)
		(2673 5025 5023 2675)
		(5021 2669 2059 1975)
		(5023 5021 1975 1977)
		(2675 5023 1977 2061)
		(1977 1979 2063 2061)
		(1979 1981 2065 2063)
		(1981 1983 2067 2065)
		(5035 5033 2777 2775)
		(5035 2775 2773 5029)
		(5033 5035 5029 5031)
		(2777 5033 5031 2779)
		(5029 2773 2067 1983)
		(5031 5029 1983 1985)
		(2779 5031 1985 2069)
		(1985 1987 2071 2069)
		(1987 1989 2073 2071)
		(1989 1991 2075 2073)
		(5043 5041 2881 2879)
		(5043 2879 2877 5037)
		(5041 5043 5037 5039)
		(2881 5041 5039 2883)
		(5037 2877 2075 1991)
		(5039 5037 1991 1993)
		(2883 5039 1993 2077)
		(1993 1995 2079 2077)
		(1995 1997 2081 2079)
		(1997 1999 2083 2081)
		(5051 5049 2985 2983)
		(5051 2983 2981 5045)
		(5049 5051 5045 5047)
		(2985 5049 5047 2987)
		(5045 2981 2083 1999)
		(5047 5045 1999 2001)
		(2987 5047 2001 2085)
		(2001 2003 2087 2085)
		(2003 2005 2089 2087)
		(2005 2007 2091 2089)
		(5059 5057 3089 3087)
		(5059 3087 3085 5053)
		(5057 5059 5053 5055)
		(3089 5057 5055 3091)
		(5053 3085 2091 2007)
		(5055 5053 2007 2009)
		(3091 5055 2009 2093)
		(2009 2011 2095 2093)
		(2011 2013 2097 2095)
		(2013 2015 2099 2097)
		(5061 5063 5065 5067)
		(5069 5071 5073 5075)
		(5077 5079 5081 5083)
		(5085 5087 5089 5091)
	);
}

bottom
{
	type wall;
	faces
	(
		(0 2 86 84)
		(2102 2104 3142 3140)
		(3142 2104 2106 3144)
		(3140 3142 3144 3146)
		(2102 3140 3146 2100)
		(3144 2106 4 88)
		(3146 3144 88 86)
		(2100 3146 86 2)
		(4 6 90 88)
		(6 8 92 90)
		(8 10 94 92)
		(2206 2208 3150 3148)
		(3150 2208 2210 3152)
		(3148 3150 3152 3154)
		(2206 3148 3154 2204)
		(3152 2210 12 96)
		(3154 3152 96 94)
		(2204 3154 94 10)
		(12 14 98 96)
		(14 16 100 98)
		(16 18 102 100)
		(2310 2312 3158 3156)
		(3158 2312 2314 3160)
		(3156 3158 3160 3162)
		(2310 3156 3162 2308)
		(3160 2314 20 104)
		(3162 3160 104 102)
		(2308 3162 102 18)
		(20 22 106 104)
		(22 24 108 106)
		(24 26 110 108)
		(2414 2416 3166 3164)
		(3166 2416 2418 3168)
		(3164 3166 3168 3170)
		(2414 3164 3170 2412)
		(3168 2418 28 112)
		(3170 3168 112 110)
		(2412 3170 110 26)
		(28 30 114 112)
		(30 32 116 114)
		(32 34 118 116)
		(2518 2520 3174 3172)
		(3174 2520 2522 3176)
		(3172 3174 3176 3178)
		(2518 3172 3178 2516)
		(3176 2522 36 120)
		(3178 3176 120 118)
		(2516 3178 118 34)
		(36 38 122 120)
		(38 40 124 122)
		(40 42 126 124)
		(2622 2624 3182 3180)
		(3182 2624 2626 3184)
		(3180 3182 3184 3186)
		(2622 3180 3186 2620)
		(3184 2626 44 128)
		(3186 3184 128 126)
		(2620 3186 126 42)
		(44 46 130 128)
		(46 48 132 130)
		(48 50 134 132)
		(2726 2728 3190 3188)
		(3190 2728 2730 3192)
		(3188 3190 3192 3194)
		(2726 3188 3194 2724)
		(3192 2730 52 136)
		(3194 3192 136 134)
		(2724 3194 134 50)
		(52 54 138 136)
		(54 56 140 138)
		(56 58 142 140)
		(2830 2832 3198 3196)
		(3198 2832 2834 3200)
		(3196 3198 3200 3202)
		(2830 3196 3202 2828)
		(3200 2834 60 144)
		(3202 3200 144 142)
		(2828 3202 142 58)
		(60 62 146 144)
		(62 64 148 146)
		(64 66 150 148)
		(2934 2936 3206 3204)
		(3206 2936 2938 3208)
		(3204 3206 3208 3210)
		(2934 3204 3210 2932)
		(3208 2938 68 152)
		(3210 3208 152 150)
		(2932 3210 150 66)
		(68 70 154 152)
		(70 72 156 154)
		(72 74 158 156)
		(3038 3040 3214 3212)
		(3214 3040 3042 3216)
		(3212 3214 3216 3218)
		(3038 3212 3218 3036)
		(3216 3042 76 160)
		(3218 3216 160 158)
		(3036 3218 158 74)
		(76 78 162 160)
		(78 80 164 162)
		(80 82 166 164)
		(84 86 170 168)
		(86 88 172 170)
		(88 90 174 172)
		(3226 3224 2160 2158)
		(3226 2158 2156 3220)
		(3224 3226 3220 3222)
		(2160 3224 3222 2162)
		(3220 2156 174 90)
		(3222 3220 90 92)
		(2162 3222 92 176)
		(92 94 178 176)
		(94 96 180 178)
		(96 98 182 180)
		(3234 3232 2264 2262)
		(3234 2262 2260 3228)
		(3232 3234 3228 3230)
		(2264 3232 3230 2266)
		(3228 2260 182 98)
		(3230 3228 98 100)
		(2266 3230 100 184)
		(100 102 186 184)
		(102 104 188 186)
		(104 106 190 188)
		(3242 3240 2368 2366)
		(3242 2366 2364 3236)
		(3240 3242 3236 3238)
		(2368 3240 3238 2370)
		(3236 2364 190 106)
		(3238 3236 106 108)
		(2370 3238 108 192)
		(108 110 194 192)
		(110 112 196 194)
		(112 114 198 196)
		(3250 3248 2472 2470)
		(3250 2470 2468 3244)
		(3248 3250 3244 3246)
		(2472 3248 3246 2474)
		(3244 2468 198 114)
		(3246 3244 114 116)
		(2474 3246 116 200)
		(116 118 202 200)
		(118 120 204 202)
		(120 122 206 204)
		(3258 3256 2576 2574)
		(3258 2574 2572 3252)
		(3256 3258 3252 3254)
		(2576 3256 3254 2578)
		(3252 2572 206 122)
		(3254 3252 122 124)
		(2578 3254 124 208)
		(124 126 210 208)
		(126 128 212 210)
		(128 130 214 212)
		(3266 3264 2680 2678)
		(3266 2678 2676 3260)
		(3264 3266 3260 3262)
		(2680 3264 3262 2682)
		(3260 2676 214 130)
		(3262 3260 130 132)
		(2682 3262 132 216)
		(132 134 218 216)
		(134 136 220 218)
		(136 138 222 220)
		(3274 3272 2784 2782)
		(3274 2782 2780 3268)
		(3272 3274 3268 3270)
		(2784 3272 3270 2786)
		(3268 2780 222 138)
		(3270 3268 138 140)
		(2786 3270 140 224)
		(140 142 226 224)
		(142 144 228 226)
		(144 146 230 228)
		(3282 3280 2888 2886)
		(3282 2886 2884 3276)
		(3280 3282 3276 3278)
		(2888 3280 3278 2890)
		(3276 2884 230 146)
		(3278 3276 146 148)
		(2890 3278 148 232)
		(148 150 234 232)
		(150 152 236 234)
		(152 154 238 236)
		(3290 3288 2992 2990)
		(3290 2990 2988 3284)
		(3288 3290 3284 3286)
		(2992 3288 3286 2994)
		(3284 2988 238 154)
		(3286 3284 154 156)
		(2994 3286 156 240)
		(156 158 242 240)
		(158 160 244 242)
		(160 162 246 244)
		(3298 3296 3096 3094)
		(3298 3094 3092 3292)
		(3296 3298 3292 3294)
		(3096 3296 3294 3098)
		(3292 3092 246 162)
		(3294 3292 162 164)
		(3098 3294 164 248)
		(164 166 250 248)
		(168 170 254 252)
		(170 172 256 254)
		(172 174 258 256)
		(2158 2160 3302 3300)
		(3302 2160 2162 3304)
		(3300 3302 3304 3306)
		(2158 3300 3306 2156)
		(3304 2162 176 260)
		(3306 3304 260 258)
		(2156 3306 258 174)
		(176 178 262 260)
		(178 180 264 262)
		(180 182 266 264)
		(2262 2264 3310 3308)
		(3310 2264 2266 3312)
		(3308 3310 3312 3314)
		(2262 3308 3314 2260)
		(3312 2266 184 268)
		(3314 3312 268 266)
		(2260 3314 266 182)
		(184 186 270 268)
		(186 188 272 270)
		(188 190 274 272)
		(2366 2368 3318 3316)
		(3318 2368 2370 3320)
		(3316 3318 3320 3322)
		(2366 3316 3322 2364)
		(3320 2370 192 276)
		(3322 3320 276 274)
		(2364 3322 274 190)
		(192 194 278 276)
		(194 196 280 278)
		(196 198 282 280)
		(2470 2472 3326 3324)
		(3326 2472 2474 3328)
		(3324 3326 3328 3330)
		(2470 3324 3330 2468)
		(3328 2474 200 284)
		(3330 3328 284 282)
		(2468 3330 282 198)
		(200 202 286 284)
		(202 204 288 286)
		(204 206 290 288)
		(2574 2576 3334 3332)
		(3334 2576 2578 3336)
		(3332 3334 3336 3338)
		(2574 3332 3338 2572)
		(3336 2578 208 292)
		(3338 3336 292 290)
		(2572 3338 290 206)
		(208 210 294 292)
		(210 212 296 294)
		(212 214 298 296)
		(2678 2680 3342 3340)
		(3342 2680 2682 3344)
		(3340 3342 3344 3346)
		(2678 3340 3346 2676)
		(3344 2682 216 300)
		(3346 3344 300 298)
		(2676 3346 298 214)
		(216 218 302 300)
		(218 220 304 302)
		(220 222 306 304)
		(2782 2784 3350 3348)
		(3350 2784 2786 3352)
		(3348 3350 3352 3354)
		(2782 3348 3354 2780)
		(3352 2786 224 308)
		(3354 3352 308 306)
		(2780 3354 306 222)
		(224 226 310 308)
		(226 228 312 310)
		(228 230 314 312)
		(2886 2888 3358 3356)
		(3358 2888 2890 3360)
		(3356 3358 3360 3362)
		(2886 3356 3362 2884)
		(3360 2890 232 316)
		(3362 3360 316 314)
		(2884 3362 314 230)
		(232 234 318 316)
		(234 236 320 318)
		(236 238 322 320)
		(2990 2992 3366 3364)
		(3366 2992 2994 3368)
		(3364 3366 3368 3370)
		(2990 3364 3370 2988)
		(3368 2994 240 324)
		(3370 3368 324 322)
		(2988 3370 322 238)
		(240 242 326 324)
		(242 244 328 326)
		(244 246 330 328)
		(3094 3096 3374 3372)
		(3374 3096 3098 3376)
		(3372 3374 3376 3378)
		(3094 3372 3378 3092)
		(3376 3098 248 332)
		(3378 3376 332 330)
		(3092 3378 330 246)
		(248 250 334 332)
		(252 254 338 336)
		(3386 3384 2112 2110)
		(3386 2110 2108 3380)
		(3384 3386 3380 3382)
		(2112 3384 3382 2114)
		(3380 2108 338 254)
		(3382 3380 254 256)
		(2114 3382 256 340)
		(256 258 342 340)
		(258 260 344 342)
		(260 262 346 344)
		(3394 3392 2216 2214)
		(3394 2214 2212 3388)
		(3392 3394 3388 3390)
		(2216 3392 3390 2218)
		(3388 2212 346 262)
		(3390 3388 262 264)
		(2218 3390 264 348)
		(264 266 350 348)
		(266 268 352 350)
		(268 270 354 352)
		(3402 3400 2320 2318)
		(3402 2318 2316 3396)
		(3400 3402 3396 3398)
		(2320 3400 3398 2322)
		(3396 2316 354 270)
		(3398 3396 270 272)
		(2322 3398 272 356)
		(272 274 358 356)
		(274 276 360 358)
		(276 278 362 360)
		(3410 3408 2424 2422)
		(3410 2422 2420 3404)
		(3408 3410 3404 3406)
		(2424 3408 3406 2426)
		(3404 2420 362 278)
		(3406 3404 278 280)
		(2426 3406 280 364)
		(280 282 366 364)
		(282 284 368 366)
		(284 286 370 368)
		(3418 3416 2528 2526)
		(3418 2526 2524 3412)
		(3416 3418 3412 3414)
		(2528 3416 3414 2530)
		(3412 2524 370 286)
		(3414 3412 286 288)
		(2530 3414 288 372)
		(288 290 374 372)
		(290 292 376 374)
		(292 294 378 376)
		(3426 3424 2632 2630)
		(3426 2630 2628 3420)
		(3424 3426 3420 3422)
		(2632 3424 3422 2634)
		(3420 2628 378 294)
		(3422 3420 294 296)
		(2634 3422 296 380)
		(296 298 382 380)
		(298 300 384 382)
		(300 302 386 384)
		(3434 3432 2736 2734)
		(3434 2734 2732 3428)
		(3432 3434 3428 3430)
		(2736 3432 3430 2738)
		(3428 2732 386 302)
		(3430 3428 302 304)
		(2738 3430 304 388)
		(304 306 390 388)
		(306 308 392 390)
		(308 310 394 392)
		(3442 3440 2840 2838)
		(3442 2838 2836 3436)
		(3440 3442 3436 3438)
		(2840 3440 3438 2842)
		(3436 2836 394 310)
		(3438 3436 310 312)
		(2842 3438 312 396)
		(312 314 398 396)
		(314 316 400 398)
		(316 318 402 400)
		(3450 3448 2944 2942)
		(3450 2942 2940 3444)
		(3448 3450 3444 3446)
		(2944 3448 3446 2946)
		(3444 2940 402 318)
		(3446 3444 318 320)
		(2946 3446 320 404)
		(320 322 406 404)
		(322 324 408 406)
		(324 326 410 408)
		(3458 3456 3048 3046)
		(3458 3046 3044 3452)
		(3456 3458 3452 3454)
		(3048 3456 3454 3050)
		(3452 3044 410 326)
		(3454 3452 326 328)
		(3050 3454 328 412)
		(328 330 414 412)
		(330 332 416 414)
		(332 334 418 416)
		(336 338 422 420)
		(2110 2112 3462 3460)
		(3462 2112 2114 3464)
		(3460 3462 3464 3466)
		(2110 3460 3466 2108)
		(3464 2114 340 424)
		(3466 3464 424 422)
		(2108 3466 422 338)
		(340 342 426 424)
		(342 344 428 426)
		(344 346 430 428)
		(2214 2216 3470 3468)
		(3470 2216 2218 3472)
		(3468 3470 3472 3474)
		(2214 3468 3474 2212)
		(3472 2218 348 432)
		(3474 3472 432 430)
		(2212 3474 430 346)
		(348 350 434 432)
		(350 352 436 434)
		(352 354 438 436)
		(2318 2320 3478 3476)
		(3478 2320 2322 3480)
		(3476 3478 3480 3482)
		(2318 3476 3482 2316)
		(3480 2322 356 440)
		(3482 3480 440 438)
		(2316 3482 438 354)
		(356 358 442 440)
		(358 360 444 442)
		(360 362 446 444)
		(2422 2424 3486 3484)
		(3486 2424 2426 3488)
		(3484 3486 3488 3490)
		(2422 3484 3490 2420)
		(3488 2426 364 448)
		(3490 3488 448 446)
		(2420 3490 446 362)
		(364 366 450 448)
		(366 368 452 450)
		(368 370 454 452)
		(2526 2528 3494 3492)
		(3494 2528 2530 3496)
		(3492 3494 3496 3498)
		(2526 3492 3498 2524)
		(3496 2530 372 456)
		(3498 3496 456 454)
		(2524 3498 454 370)
		(372 374 458 456)
		(374 376 460 458)
		(376 378 462 460)
		(2630 2632 3502 3500)
		(3502 2632 2634 3504)
		(3500 3502 3504 3506)
		(2630 3500 3506 2628)
		(3504 2634 380 464)
		(3506 3504 464 462)
		(2628 3506 462 378)
		(380 382 466 464)
		(382 384 468 466)
		(384 386 470 468)
		(2734 2736 3510 3508)
		(3510 2736 2738 3512)
		(3508 3510 3512 3514)
		(2734 3508 3514 2732)
		(3512 2738 388 472)
		(3514 3512 472 470)
		(2732 3514 470 386)
		(388 390 474 472)
		(390 392 476 474)
		(392 394 478 476)
		(2838 2840 3518 3516)
		(3518 2840 2842 3520)
		(3516 3518 3520 3522)
		(2838 3516 3522 2836)
		(3520 2842 396 480)
		(3522 3520 480 478)
		(2836 3522 478 394)
		(396 398 482 480)
		(398 400 484 482)
		(400 402 486 484)
		(2942 2944 3526 3524)
		(3526 2944 2946 3528)
		(3524 3526 3528 3530)
		(2942 3524 3530 2940)
		(3528 2946 404 488)
		(3530 3528 488 486)
		(2940 3530 486 402)
		(404 406 490 488)
		(406 408 492 490)
		(408 410 494 492)
		(3046 3048 3534 3532)
		(3534 3048 3050 3536)
		(3532 3534 3536 3538)
		(3046 3532 3538 3044)
		(3536 3050 412 496)
		(3538 3536 496 494)
		(3044 3538 494 410)
		(412 414 498 496)
		(414 416 500 498)
		(416 418 502 500)
		(420 422 506 504)
		(422 424 508 506)
		(424 426 510 508)
		(3546 3544 2168 2166)
		(3546 2166 2164 3540)
		(3544 3546 3540 3542)
		(2168 3544 3542 2170)
		(3540 2164 510 426)
		(3542 3540 426 428)
		(2170 3542 428 512)
		(428 430 514 512)
		(430 432 516 514)
		(432 434 518 516)
		(3554 3552 2272 2270)
		(3554 2270 2268 3548)
		(3552 3554 3548 3550)
		(2272 3552 3550 2274)
		(3548 2268 518 434)
		(3550 3548 434 436)
		(2274 3550 436 520)
		(436 438 522 520)
		(438 440 524 522)
		(440 442 526 524)
		(3562 3560 2376 2374)
		(3562 2374 2372 3556)
		(3560 3562 3556 3558)
		(2376 3560 3558 2378)
		(3556 2372 526 442)
		(3558 3556 442 444)
		(2378 3558 444 528)
		(444 446 530 528)
		(446 448 532 530)
		(448 450 534 532)
		(3570 3568 2480 2478)
		(3570 2478 2476 3564)
		(3568 3570 3564 3566)
		(2480 3568 3566 2482)
		(3564 2476 534 450)
		(3566 3564 450 452)
		(2482 3566 452 536)
		(452 454 538 536)
		(454 456 540 538)
		(456 458 542 540)
		(3578 3576 2584 2582)
		(3578 2582 2580 3572)
		(3576 3578 3572 3574)
		(2584 3576 3574 2586)
		(3572 2580 542 458)
		(3574 3572 458 460)
		(2586 3574 460 544)
		(460 462 546 544)
		(462 464 548 546)
		(464 466 550 548)
		(3586 3584 2688 2686)
		(3586 2686 2684 3580)
		(3584 3586 3580 3582)
		(2688 3584 3582 2690)
		(3580 2684 550 466)
		(3582 3580 466 468)
		(2690 3582 468 552)
		(468 470 554 552)
		(470 472 556 554)
		(472 474 558 556)
		(3594 3592 2792 2790)
		(3594 2790 2788 3588)
		(3592 3594 3588 3590)
		(2792 3592 3590 2794)
		(3588 2788 558 474)
		(3590 3588 474 476)
		(2794 3590 476 560)
		(476 478 562 560)
		(478 480 564 562)
		(480 482 566 564)
		(3602 3600 2896 2894)
		(3602 2894 2892 3596)
		(3600 3602 3596 3598)
		(2896 3600 3598 2898)
		(3596 2892 566 482)
		(3598 3596 482 484)
		(2898 3598 484 568)
		(484 486 570 568)
		(486 488 572 570)
		(488 490 574 572)
		(3610 3608 3000 2998)
		(3610 2998 2996 3604)
		(3608 3610 3604 3606)
		(3000 3608 3606 3002)
		(3604 2996 574 490)
		(3606 3604 490 492)
		(3002 3606 492 576)
		(492 494 578 576)
		(494 496 580 578)
		(496 498 582 580)
		(3618 3616 3104 3102)
		(3618 3102 3100 3612)
		(3616 3618 3612 3614)
		(3104 3616 3614 3106)
		(3612 3100 582 498)
		(3614 3612 498 500)
		(3106 3614 500 584)
		(500 502 586 584)
		(504 506 590 588)
		(506 508 592 590)
		(508 510 594 592)
		(2166 2168 3622 3620)
		(3622 2168 2170 3624)
		(3620 3622 3624 3626)
		(2166 3620 3626 2164)
		(3624 2170 512 596)
		(3626 3624 596 594)
		(2164 3626 594 510)
		(512 514 598 596)
		(514 516 600 598)
		(516 518 602 600)
		(2270 2272 3630 3628)
		(3630 2272 2274 3632)
		(3628 3630 3632 3634)
		(2270 3628 3634 2268)
		(3632 2274 520 604)
		(3634 3632 604 602)
		(2268 3634 602 518)
		(520 522 606 604)
		(522 524 608 606)
		(524 526 610 608)
		(2374 2376 3638 3636)
		(3638 2376 2378 3640)
		(3636 3638 3640 3642)
		(2374 3636 3642 2372)
		(3640 2378 528 612)
		(3642 3640 612 610)
		(2372 3642 610 526)
		(528 530 614 612)
		(530 532 616 614)
		(532 534 618 616)
		(2478 2480 3646 3644)
		(3646 2480 2482 3648)
		(3644 3646 3648 3650)
		(2478 3644 3650 2476)
		(3648 2482 536 620)
		(3650 3648 620 618)
		(2476 3650 618 534)
		(536 538 622 620)
		(538 540 624 622)
		(540 542 626 624)
		(2582 2584 3654 3652)
		(3654 2584 2586 3656)
		(3652 3654 3656 3658)
		(2582 3652 3658 2580)
		(3656 2586 544 628)
		(3658 3656 628 626)
		(2580 3658 626 542)
		(544 546 630 628)
		(546 548 632 630)
		(548 550 634 632)
		(2686 2688 3662 3660)
		(3662 2688 2690 3664)
		(3660 3662 3664 3666)
		(2686 3660 3666 2684)
		(3664 2690 552 636)
		(3666 3664 636 634)
		(2684 3666 634 550)
		(552 554 638 636)
		(554 556 640 638)
		(556 558 642 640)
		(2790 2792 3670 3668)
		(3670 2792 2794 3672)
		(3668 3670 3672 3674)
		(2790 3668 3674 2788)
		(3672 2794 560 644)
		(3674 3672 644 642)
		(2788 3674 642 558)
		(560 562 646 644)
		(562 564 648 646)
		(564 566 650 648)
		(2894 2896 3678 3676)
		(3678 2896 2898 3680)
		(3676 3678 3680 3682)
		(2894 3676 3682 2892)
		(3680 2898 568 652)
		(3682 3680 652 650)
		(2892 3682 650 566)
		(568 570 654 652)
		(570 572 656 654)
		(572 574 658 656)
		(2998 3000 3686 3684)
		(3686 3000 3002 3688)
		(3684 3686 3688 3690)
		(2998 3684 3690 2996)
		(3688 3002 576 660)
		(3690 3688 660 658)
		(2996 3690 658 574)
		(576 578 662 660)
		(578 580 664 662)
		(580 582 666 664)
		(3102 3104 3694 3692)
		(3694 3104 3106 3696)
		(3692 3694 3696 3698)
		(3102 3692 3698 3100)
		(3696 3106 584 668)
		(3698 3696 668 666)
		(3100 3698 666 582)
		(584 586 670 668)
		(588 590 674 672)
		(3706 3704 2120 2118)
		(3706 2118 2116 3700)
		(3704 3706 3700 3702)
		(2120 3704 3702 2122)
		(3700 2116 674 590)
		(3702 3700 590 592)
		(2122 3702 592 676)
		(592 594 678 676)
		(594 596 680 678)
		(596 598 682 680)
		(3714 3712 2224 2222)
		(3714 2222 2220 3708)
		(3712 3714 3708 3710)
		(2224 3712 3710 2226)
		(3708 2220 682 598)
		(3710 3708 598 600)
		(2226 3710 600 684)
		(600 602 686 684)
		(602 604 688 686)
		(604 606 690 688)
		(3722 3720 2328 2326)
		(3722 2326 2324 3716)
		(3720 3722 3716 3718)
		(2328 3720 3718 2330)
		(3716 2324 690 606)
		(3718 3716 606 608)
		(2330 3718 608 692)
		(608 610 694 692)
		(610 612 696 694)
		(612 614 698 696)
		(3730 3728 2432 2430)
		(3730 2430 2428 3724)
		(3728 3730 3724 3726)
		(2432 3728 3726 2434)
		(3724 2428 698 614)
		(3726 3724 614 616)
		(2434 3726 616 700)
		(616 618 702 700)
		(618 620 704 702)
		(620 622 706 704)
		(3738 3736 2536 2534)
		(3738 2534 2532 3732)
		(3736 3738 3732 3734)
		(2536 3736 3734 2538)
		(3732 2532 706 622)
		(3734 3732 622 624)
		(2538 3734 624 708)
		(624 626 710 708)
		(626 628 712 710)
		(628 630 714 712)
		(3746 3744 2640 2638)
		(3746 2638 2636 3740)
		(3744 3746 3740 3742)
		(2640 3744 3742 2642)
		(3740 2636 714 630)
		(3742 3740 630 632)
		(2642 3742 632 716)
		(632 634 718 716)
		(634 636 720 718)
		(636 638 722 720)
		(3754 3752 2744 2742)
		(3754 2742 2740 3748)
		(3752 3754 3748 3750)
		(2744 3752 3750 2746)
		(3748 2740 722 638)
		(3750 3748 638 640)
		(2746 3750 640 724)
		(640 642 726 724)
		(642 644 728 726)
		(644 646 730 728)
		(3762 3760 2848 2846)
		(3762 2846 2844 3756)
		(3760 3762 3756 3758)
		(2848 3760 3758 2850)
		(3756 2844 730 646)
		(3758 3756 646 648)
		(2850 3758 648 732)
		(648 650 734 732)
		(650 652 736 734)
		(652 654 738 736)
		(3770 3768 2952 2950)
		(3770 2950 2948 3764)
		(3768 3770 3764 3766)
		(2952 3768 3766 2954)
		(3764 2948 738 654)
		(3766 3764 654 656)
		(2954 3766 656 740)
		(656 658 742 740)
		(658 660 744 742)
		(660 662 746 744)
		(3778 3776 3056 3054)
		(3778 3054 3052 3772)
		(3776 3778 3772 3774)
		(3056 3776 3774 3058)
		(3772 3052 746 662)
		(3774 3772 662 664)
		(3058 3774 664 748)
		(664 666 750 748)
		(666 668 752 750)
		(668 670 754 752)
		(672 674 758 756)
		(2118 2120 3782 3780)
		(3782 2120 2122 3784)
		(3780 3782 3784 3786)
		(2118 3780 3786 2116)
		(3784 2122 676 760)
		(3786 3784 760 758)
		(2116 3786 758 674)
		(676 678 762 760)
		(678 680 764 762)
		(680 682 766 764)
		(2222 2224 3790 3788)
		(3790 2224 2226 3792)
		(3788 3790 3792 3794)
		(2222 3788 3794 2220)
		(3792 2226 684 768)
		(3794 3792 768 766)
		(2220 3794 766 682)
		(684 686 770 768)
		(686 688 772 770)
		(688 690 774 772)
		(2326 2328 3798 3796)
		(3798 2328 2330 3800)
		(3796 3798 3800 3802)
		(2326 3796 3802 2324)
		(3800 2330 692 776)
		(3802 3800 776 774)
		(2324 3802 774 690)
		(692 694 778 776)
		(694 696 780 778)
		(696 698 782 780)
		(2430 2432 3806 3804)
		(3806 2432 2434 3808)
		(3804 3806 3808 3810)
		(2430 3804 3810 2428)
		(3808 2434 700 784)
		(3810 3808 784 782)
		(2428 3810 782 698)
		(700 702 786 784)
		(702 704 788 786)
		(704 706 790 788)
		(2534 2536 3814 3812)
		(3814 2536 2538 3816)
		(3812 3814 3816 3818)
		(2534 3812 3818 2532)
		(3816 2538 708 792)
		(3818 3816 792 790)
		(2532 3818 790 706)
		(708 710 794 792)
		(710 712 796 794)
		(712 714 798 796)
		(2638 2640 3822 3820)
		(3822 2640 2642 3824)
		(3820 3822 3824 3826)
		(2638 3820 3826 2636)
		(3824 2642 716 800)
		(3826 3824 800 798)
		(2636 3826 798 714)
		(716 718 802 800)
		(718 720 804 802)
		(720 722 806 804)
		(2742 2744 3830 3828)
		(3830 2744 2746 3832)
		(3828 3830 3832 3834)
		(2742 3828 3834 2740)
		(3832 2746 724 808)
		(3834 3832 808 806)
		(2740 3834 806 722)
		(724 726 810 808)
		(726 728 812 810)
		(728 730 814 812)
		(2846 2848 3838 3836)
		(3838 2848 2850 3840)
		(3836 3838 3840 3842)
		(2846 3836 3842 2844)
		(3840 2850 732 816)
		(3842 3840 816 814)
		(2844 3842 814 730)
		(732 734 818 816)
		(734 736 820 818)
		(736 738 822 820)
		(2950 2952 3846 3844)
		(3846 2952 2954 3848)
		(3844 3846 3848 3850)
		(2950 3844 3850 2948)
		(3848 2954 740 824)
		(3850 3848 824 822)
		(2948 3850 822 738)
		(740 742 826 824)
		(742 744 828 826)
		(744 746 830 828)
		(3054 3056 3854 3852)
		(3854 3056 3058 3856)
		(3852 3854 3856 3858)
		(3054 3852 3858 3052)
		(3856 3058 748 832)
		(3858 3856 832 830)
		(3052 3858 830 746)
		(748 750 834 832)
		(750 752 836 834)
		(752 754 838 836)
		(756 758 842 840)
		(758 760 844 842)
		(760 762 846 844)
		(3866 3864 2176 2174)
		(3866 2174 2172 3860)
		(3864 3866 3860 3862)
		(2176 3864 3862 2178)
		(3860 2172 846 762)
		(3862 3860 762 764)
		(2178 3862 764 848)
		(764 766 850 848)
		(766 768 852 850)
		(768 770 854 852)
		(3874 3872 2280 2278)
		(3874 2278 2276 3868)
		(3872 3874 3868 3870)
		(2280 3872 3870 2282)
		(3868 2276 854 770)
		(3870 3868 770 772)
		(2282 3870 772 856)
		(772 774 858 856)
		(774 776 860 858)
		(776 778 862 860)
		(3882 3880 2384 2382)
		(3882 2382 2380 3876)
		(3880 3882 3876 3878)
		(2384 3880 3878 2386)
		(3876 2380 862 778)
		(3878 3876 778 780)
		(2386 3878 780 864)
		(780 782 866 864)
		(782 784 868 866)
		(784 786 870 868)
		(3890 3888 2488 2486)
		(3890 2486 2484 3884)
		(3888 3890 3884 3886)
		(2488 3888 3886 2490)
		(3884 2484 870 786)
		(3886 3884 786 788)
		(2490 3886 788 872)
		(788 790 874 872)
		(790 792 876 874)
		(792 794 878 876)
		(3898 3896 2592 2590)
		(3898 2590 2588 3892)
		(3896 3898 3892 3894)
		(2592 3896 3894 2594)
		(3892 2588 878 794)
		(3894 3892 794 796)
		(2594 3894 796 880)
		(796 798 882 880)
		(798 800 884 882)
		(800 802 886 884)
		(3906 3904 2696 2694)
		(3906 2694 2692 3900)
		(3904 3906 3900 3902)
		(2696 3904 3902 2698)
		(3900 2692 886 802)
		(3902 3900 802 804)
		(2698 3902 804 888)
		(804 806 890 888)
		(806 808 892 890)
		(808 810 894 892)
		(3914 3912 2800 2798)
		(3914 2798 2796 3908)
		(3912 3914 3908 3910)
		(2800 3912 3910 2802)
		(3908 2796 894 810)
		(3910 3908 810 812)
		(2802 3910 812 896)
		(812 814 898 896)
		(814 816 900 898)
		(816 818 902 900)
		(3922 3920 2904 2902)
		(3922 2902 2900 3916)
		(3920 3922 3916 3918)
		(2904 3920 3918 2906)
		(3916 2900 902 818)
		(3918 3916 818 820)
		(2906 3918 820 904)
		(820 822 906 904)
		(822 824 908 906)
		(824 826 910 908)
		(3930 3928 3008 3006)
		(3930 3006 3004 3924)
		(3928 3930 3924 3926)
		(3008 3928 3926 3010)
		(3924 3004 910 826)
		(3926 3924 826 828)
		(3010 3926 828 912)
		(828 830 914 912)
		(830 832 916 914)
		(832 834 918 916)
		(3938 3936 3112 3110)
		(3938 3110 3108 3932)
		(3936 3938 3932 3934)
		(3112 3936 3934 3114)
		(3932 3108 918 834)
		(3934 3932 834 836)
		(3114 3934 836 920)
		(836 838 922 920)
		(840 842 926 924)
		(842 844 928 926)
		(844 846 930 928)
		(2174 2176 3942 3940)
		(3942 2176 2178 3944)
		(3940 3942 3944 3946)
		(2174 3940 3946 2172)
		(3944 2178 848 932)
		(3946 3944 932 930)
		(2172 3946 930 846)
		(848 850 934 932)
		(850 852 936 934)
		(852 854 938 936)
		(2278 2280 3950 3948)
		(3950 2280 2282 3952)
		(3948 3950 3952 3954)
		(2278 3948 3954 2276)
		(3952 2282 856 940)
		(3954 3952 940 938)
		(2276 3954 938 854)
		(856 858 942 940)
		(858 860 944 942)
		(860 862 946 944)
		(2382 2384 3958 3956)
		(3958 2384 2386 3960)
		(3956 3958 3960 3962)
		(2382 3956 3962 2380)
		(3960 2386 864 948)
		(3962 3960 948 946)
		(2380 3962 946 862)
		(864 866 950 948)
		(866 868 952 950)
		(868 870 954 952)
		(2486 2488 3966 3964)
		(3966 2488 2490 3968)
		(3964 3966 3968 3970)
		(2486 3964 3970 2484)
		(3968 2490 872 956)
		(3970 3968 956 954)
		(2484 3970 954 870)
		(872 874 958 956)
		(874 876 960 958)
		(876 878 962 960)
		(2590 2592 3974 3972)
		(3974 2592 2594 3976)
		(3972 3974 3976 3978)
		(2590 3972 3978 2588)
		(3976 2594 880 964)
		(3978 3976 964 962)
		(2588 3978 962 878)
		(880 882 966 964)
		(882 884 968 966)
		(884 886 970 968)
		(2694 2696 3982 3980)
		(3982 2696 2698 3984)
		(3980 3982 3984 3986)
		(2694 3980 3986 2692)
		(3984 2698 888 972)
		(3986 3984 972 970)
		(2692 3986 970 886)
		(888 890 974 972)
		(890 892 976 974)
		(892 894 978 976)
		(2798 2800 3990 3988)
		(3990 2800 2802 3992)
		(3988 3990 3992 3994)
		(2798 3988 3994 2796)
		(3992 2802 896 980)
		(3994 3992 980 978)
		(2796 3994 978 894)
		(896 898 982 980)
		(898 900 984 982)
		(900 902 986 984)
		(2902 2904 3998 3996)
		(3998 2904 2906 4000)
		(3996 3998 4000 4002)
		(2902 3996 4002 2900)
		(4000 2906 904 988)
		(4002 4000 988 986)
		(2900 4002 986 902)
		(904 906 990 988)
		(906 908 992 990)
		(908 910 994 992)
		(3006 3008 4006 4004)
		(4006 3008 3010 4008)
		(4004 4006 4008 4010)
		(3006 4004 4010 3004)
		(4008 3010 912 996)
		(4010 4008 996 994)
		(3004 4010 994 910)
		(912 914 998 996)
		(914 916 1000 998)
		(916 918 1002 1000)
		(3110 3112 4014 4012)
		(4014 3112 3114 4016)
		(4012 4014 4016 4018)
		(3110 4012 4018 3108)
		(4016 3114 920 1004)
		(4018 4016 1004 1002)
		(3108 4018 1002 918)
		(920 922 1006 1004)
		(924 926 1010 1008)
		(4026 4024 2128 2126)
		(4026 2126 2124 4020)
		(4024 4026 4020 4022)
		(2128 4024 4022 2130)
		(4020 2124 1010 926)
		(4022 4020 926 928)
		(2130 4022 928 1012)
		(928 930 1014 1012)
		(930 932 1016 1014)
		(932 934 1018 1016)
		(4034 4032 2232 2230)
		(4034 2230 2228 4028)
		(4032 4034 4028 4030)
		(2232 4032 4030 2234)
		(4028 2228 1018 934)
		(4030 4028 934 936)
		(2234 4030 936 1020)
		(936 938 1022 1020)
		(938 940 1024 1022)
		(940 942 1026 1024)
		(4042 4040 2336 2334)
		(4042 2334 2332 4036)
		(4040 4042 4036 4038)
		(2336 4040 4038 2338)
		(4036 2332 1026 942)
		(4038 4036 942 944)
		(2338 4038 944 1028)
		(944 946 1030 1028)
		(946 948 1032 1030)
		(948 950 1034 1032)
		(4050 4048 2440 2438)
		(4050 2438 2436 4044)
		(4048 4050 4044 4046)
		(2440 4048 4046 2442)
		(4044 2436 1034 950)
		(4046 4044 950 952)
		(2442 4046 952 1036)
		(952 954 1038 1036)
		(954 956 1040 1038)
		(956 958 1042 1040)
		(4058 4056 2544 2542)
		(4058 2542 2540 4052)
		(4056 4058 4052 4054)
		(2544 4056 4054 2546)
		(4052 2540 1042 958)
		(4054 4052 958 960)
		(2546 4054 960 1044)
		(960 962 1046 1044)
		(962 964 1048 1046)
		(964 966 1050 1048)
		(4066 4064 2648 2646)
		(4066 2646 2644 4060)
		(4064 4066 4060 4062)
		(2648 4064 4062 2650)
		(4060 2644 1050 966)
		(4062 4060 966 968)
		(2650 4062 968 1052)
		(968 970 1054 1052)
		(970 972 1056 1054)
		(972 974 1058 1056)
		(4074 4072 2752 2750)
		(4074 2750 2748 4068)
		(4072 4074 4068 4070)
		(2752 4072 4070 2754)
		(4068 2748 1058 974)
		(4070 4068 974 976)
		(2754 4070 976 1060)
		(976 978 1062 1060)
		(978 980 1064 1062)
		(980 982 1066 1064)
		(4082 4080 2856 2854)
		(4082 2854 2852 4076)
		(4080 4082 4076 4078)
		(2856 4080 4078 2858)
		(4076 2852 1066 982)
		(4078 4076 982 984)
		(2858 4078 984 1068)
		(984 986 1070 1068)
		(986 988 1072 1070)
		(988 990 1074 1072)
		(4090 4088 2960 2958)
		(4090 2958 2956 4084)
		(4088 4090 4084 4086)
		(2960 4088 4086 2962)
		(4084 2956 1074 990)
		(4086 4084 990 992)
		(2962 4086 992 1076)
		(992 994 1078 1076)
		(994 996 1080 1078)
		(996 998 1082 1080)
		(4098 4096 3064 3062)
		(4098 3062 3060 4092)
		(4096 4098 4092 4094)
		(3064 4096 4094 3066)
		(4092 3060 1082 998)
		(4094 4092 998 1000)
		(3066 4094 1000 1084)
		(1000 1002 1086 1084)
		(1002 1004 1088 1086)
		(1004 1006 1090 1088)
		(1008 1010 1094 1092)
		(2126 2128 4102 4100)
		(4102 2128 2130 4104)
		(4100 4102 4104 4106)
		(2126 4100 4106 2124)
		(4104 2130 1012 1096)
		(4106 4104 1096 1094)
		(2124 4106 1094 1010)
		(1012 1014 1098 1096)
		(1014 1016 1100 1098)
		(1016 1018 1102 1100)
		(2230 2232 4110 4108)
		(4110 2232 2234 4112)
		(4108 4110 4112 4114)
		(2230 4108 4114 2228)
		(4112 2234 1020 1104)
		(4114 4112 1104 1102)
		(2228 4114 1102 1018)
		(1020 1022 1106 1104)
		(1022 1024 1108 1106)
		(1024 1026 1110 1108)
		(2334 2336 4118 4116)
		(4118 2336 2338 4120)
		(4116 4118 4120 4122)
		(2334 4116 4122 2332)
		(4120 2338 1028 1112)
		(4122 4120 1112 1110)
		(2332 4122 1110 1026)
		(1028 1030 1114 1112)
		(1030 1032 1116 1114)
		(1032 1034 1118 1116)
		(2438 2440 4126 4124)
		(4126 2440 2442 4128)
		(4124 4126 4128 4130)
		(2438 4124 4130 2436)
		(4128 2442 1036 1120)
		(4130 4128 1120 1118)
		(2436 4130 1118 1034)
		(1036 1038 1122 1120)
		(1038 1040 1124 1122)
		(1040 1042 1126 1124)
		(2542 2544 4134 4132)
		(4134 2544 2546 4136)
		(4132 4134 4136 4138)
		(2542 4132 4138 2540)
		(4136 2546 1044 1128)
		(4138 4136 1128 1126)
		(2540 4138 1126 1042)
		(1044 1046 1130 1128)
		(1046 1048 1132 1130)
		(1048 1050 1134 1132)
		(2646 2648 4142 4140)
		(4142 2648 2650 4144)
		(4140 4142 4144 4146)
		(2646 4140 4146 2644)
		(4144 2650 1052 1136)
		(4146 4144 1136 1134)
		(2644 4146 1134 1050)
		(1052 1054 1138 1136)
		(1054 1056 1140 1138)
		(1056 1058 1142 1140)
		(2750 2752 4150 4148)
		(4150 2752 2754 4152)
		(4148 4150 4152 4154)
		(2750 4148 4154 2748)
		(4152 2754 1060 1144)
		(4154 4152 1144 1142)
		(2748 4154 1142 1058)
		(1060 1062 1146 1144)
		(1062 1064 1148 1146)
		(1064 1066 1150 1148)
		(2854 2856 4158 4156)
		(4158 2856 2858 4160)
		(4156 4158 4160 4162)
		(2854 4156 4162 2852)
		(4160 2858 1068 1152)
		(4162 4160 1152 1150)
		(2852 4162 1150 1066)
		(1068 1070 1154 1152)
		(1070 1072 1156 1154)
		(1072 1074 1158 1156)
		(2958 2960 4166 4164)
		(4166 2960 2962 4168)
		(4164 4166 4168 4170)
		(2958 4164 4170 2956)
		(4168 2962 1076 1160)
		(4170 4168 1160 1158)
		(2956 4170 1158 1074)
		(1076 1078 1162 1160)
		(1078 1080 1164 1162)
		(1080 1082 1166 1164)
		(3062 3064 4174 4172)
		(4174 3064 3066 4176)
		(4172 4174 4176 4178)
		(3062 4172 4178 3060)
		(4176 3066 1084 1168)
		(4178 4176 1168 1166)
		(3060 4178 1166 1082)
		(1084 1086 1170 1168)
		(1086 1088 1172 1170)
		(1088 1090 1174 1172)
		(1092 1094 1178 1176)
		(1094 1096 1180 1178)
		(1096 1098 1182 1180)
		(4186 4184 2184 2182)
		(4186 2182 2180 4180)
		(4184 4186 4180 4182)
		(2184 4184 4182 2186)
		(4180 2180 1182 1098)
		(4182 4180 1098 1100)
		(2186 4182 1100 1184)
		(1100 1102 1186 1184)
		(1102 1104 1188 1186)
		(1104 1106 1190 1188)
		(4194 4192 2288 2286)
		(4194 2286 2284 4188)
		(4192 4194 4188 4190)
		(2288 4192 4190 2290)
		(4188 2284 1190 1106)
		(4190 4188 1106 1108)
		(2290 4190 1108 1192)
		(1108 1110 1194 1192)
		(1110 1112 1196 1194)
		(1112 1114 1198 1196)
		(4202 4200 2392 2390)
		(4202 2390 2388 4196)
		(4200 4202 4196 4198)
		(2392 4200 4198 2394)
		(4196 2388 1198 1114)
		(4198 4196 1114 1116)
		(2394 4198 1116 1200)
		(1116 1118 1202 1200)
		(1118 1120 1204 1202)
		(1120 1122 1206 1204)
		(4210 4208 2496 2494)
		(4210 2494 2492 4204)
		(4208 4210 4204 4206)
		(2496 4208 4206 2498)
		(4204 2492 1206 1122)
		(4206 4204 1122 1124)
		(2498 4206 1124 1208)
		(1124 1126 1210 1208)
		(1126 1128 1212 1210)
		(1128 1130 1214 1212)
		(4218 4216 2600 2598)
		(4218 2598 2596 4212)
		(4216 4218 4212 4214)
		(2600 4216 4214 2602)
		(4212 2596 1214 1130)
		(4214 4212 1130 1132)
		(2602 4214 1132 1216)
		(1132 1134 1218 1216)
		(1134 1136 1220 1218)
		(1136 1138 1222 1220)
		(4226 4224 2704 2702)
		(4226 2702 2700 4220)
		(4224 4226 4220 4222)
		(2704 4224 4222 2706)
		(4220 2700 1222 1138)
		(4222 4220 1138 1140)
		(2706 4222 1140 1224)
		(1140 1142 1226 1224)
		(1142 1144 1228 1226)
		(1144 1146 1230 1228)
		(4234 4232 2808 2806)
		(4234 2806 2804 4228)
		(4232 4234 4228 4230)
		(2808 4232 4230 2810)
		(4228 2804 1230 1146)
		(4230 4228 1146 1148)
		(2810 4230 1148 1232)
		(1148 1150 1234 1232)
		(1150 1152 1236 1234)
		(1152 1154 1238 1236)
		(4242 4240 2912 2910)
		(4242 2910 2908 4236)
		(4240 4242 4236 4238)
		(2912 4240 4238 2914)
		(4236 2908 1238 1154)
		(4238 4236 1154 1156)
		(2914 4238 1156 1240)
		(1156 1158 1242 1240)
		(1158 1160 1244 1242)
		(1160 1162 1246 1244)
		(4250 4248 3016 3014)
		(4250 3014 3012 4244)
		(4248 4250 4244 4246)
		(3016 4248 4246 3018)
		(4244 3012 1246 1162)
		(4246 4244 1162 1164)
		(3018 4246 1164 1248)
		(1164 1166 1250 1248)
		(1166 1168 1252 1250)
		(1168 1170 1254 1252)
		(4258 4256 3120 3118)
		(4258 3118 3116 4252)
		(4256 4258 4252 4254)
		(3120 4256 4254 3122)
		(4252 3116 1254 1170)
		(4254 4252 1170 1172)
		(3122 4254 1172 1256)
		(1172 1174 1258 1256)
		(1176 1178 1262 1260)
		(1178 1180 1264 1262)
		(1180 1182 1266 1264)
		(2182 2184 4262 4260)
		(4262 2184 2186 4264)
		(4260 4262 4264 4266)
		(2182 4260 4266 2180)
		(4264 2186 1184 1268)
		(4266 4264 1268 1266)
		(2180 4266 1266 1182)
		(1184 1186 1270 1268)
		(1186 1188 1272 1270)
		(1188 1190 1274 1272)
		(2286 2288 4270 4268)
		(4270 2288 2290 4272)
		(4268 4270 4272 4274)
		(2286 4268 4274 2284)
		(4272 2290 1192 1276)
		(4274 4272 1276 1274)
		(2284 4274 1274 1190)
		(1192 1194 1278 1276)
		(1194 1196 1280 1278)
		(1196 1198 1282 1280)
		(2390 2392 4278 4276)
		(4278 2392 2394 4280)
		(4276 4278 4280 4282)
		(2390 4276 4282 2388)
		(4280 2394 1200 1284)
		(4282 4280 1284 1282)
		(2388 4282 1282 1198)
		(1200 1202 1286 1284)
		(1202 1204 1288 1286)
		(1204 1206 1290 1288)
		(2494 2496 4286 4284)
		(4286 2496 2498 4288)
		(4284 4286 4288 4290)
		(2494 4284 4290 2492)
		(4288 2498 1208 1292)
		(4290 4288 1292 1290)
		(2492 4290 1290 1206)
		(1208 1210 1294 1292)
		(1210 1212 1296 1294)
		(1212 1214 1298 1296)
		(2598 2600 4294 4292)
		(4294 2600 2602 4296)
		(4292 4294 4296 4298)
		(2598 4292 4298 2596)
		(4296 2602 1216 1300)
		(4298 4296 1300 1298)
		(2596 4298 1298 1214)
		(1216 1218 1302 1300)
		(1218 1220 1304 1302)
		(1220 1222 1306 1304)
		(2702 2704 4302 4300)
		(4302 2704 2706 4304)
		(4300 4302 4304 4306)
		(2702 4300 4306 2700)
		(4304 2706 1224 1308)
		(4306 4304 1308 1306)
		(2700 4306 1306 1222)
		(1224 1226 1310 1308)
		(1226 1228 1312 1310)
		(1228 1230 1314 1312)
		(2806 2808 4310 4308)
		(4310 2808 2810 4312)
		(4308 4310 4312 4314)
		(2806 4308 4314 2804)
		(4312 2810 1232 1316)
		(4314 4312 1316 1314)
		(2804 4314 1314 1230)
		(1232 1234 1318 1316)
		(1234 1236 1320 1318)
		(1236 1238 1322 1320)
		(2910 2912 4318 4316)
		(4318 2912 2914 4320)
		(4316 4318 4320 4322)
		(2910 4316 4322 2908)
		(4320 2914 1240 1324)
		(4322 4320 1324 1322)
		(2908 4322 1322 1238)
		(1240 1242 1326 1324)
		(1242 1244 1328 1326)
		(1244 1246 1330 1328)
		(3014 3016 4326 4324)
		(4326 3016 3018 4328)
		(4324 4326 4328 4330)
		(3014 4324 4330 3012)
		(4328 3018 1248 1332)
		(4330 4328 1332 1330)
		(3012 4330 1330 1246)
		(1248 1250 1334 1332)
		(1250 1252 1336 1334)
		(1252 1254 1338 1336)
		(3118 3120 4334 4332)
		(4334 3120 3122 4336)
		(4332 4334 4336 4338)
		(3118 4332 4338 3116)
		(4336 3122 1256 1340)
		(4338 4336 1340 1338)
		(3116 4338 1338 1254)
		(1256 1258 1342 1340)
		(1260 1262 1346 1344)
		(4346 4344 2136 2134)
		(4346 2134 2132 4340)
		(4344 4346 4340 4342)
		(2136 4344 4342 2138)
		(4340 2132 1346 1262)
		(4342 4340 1262 1264)
		(2138 4342 1264 1348)
		(1264 1266 1350 1348)
		(1266 1268 1352 1350)
		(1268 1270 1354 1352)
		(4354 4352 2240 2238)
		(4354 2238 2236 4348)
		(4352 4354 4348 4350)
		(2240 4352 4350 2242)
		(4348 2236 1354 1270)
		(4350 4348 1270 1272)
		(2242 4350 1272 1356)
		(1272 1274 1358 1356)
		(1274 1276 1360 1358)
		(1276 1278 1362 1360)
		(4362 4360 2344 2342)
		(4362 2342 2340 4356)
		(4360 4362 4356 4358)
		(2344 4360 4358 2346)
		(4356 2340 1362 1278)
		(4358 4356 1278 1280)
		(2346 4358 1280 1364)
		(1280 1282 1366 1364)
		(1282 1284 1368 1366)
		(1284 1286 1370 1368)
		(4370 4368 2448 2446)
		(4370 2446 2444 4364)
		(4368 4370 4364 4366)
		(2448 4368 4366 2450)
		(4364 2444 1370 1286)
		(4366 4364 1286 1288)
		(2450 4366 1288 1372)
		(1288 1290 1374 1372)
		(1290 1292 1376 1374)
		(1292 1294 1378 1376)
		(4378 4376 2552 2550)
		(4378 2550 2548 4372)
		(4376 4378 4372 4374)
		(2552 4376 4374 2554)
		(4372 2548 1378 1294)
		(4374 4372 1294 1296)
		(2554 4374 1296 1380)
		(1296 1298 1382 1380)
		(1298 1300 1384 1382)
		(1300 1302 1386 1384)
		(4386 4384 2656 2654)
		(4386 2654 2652 4380)
		(4384 4386 4380 4382)
		(2656 4384 4382 2658)
		(4380 2652 1386 1302)
		(4382 4380 1302 1304)
		(2658 4382 1304 1388)
		(1304 1306 1390 1388)
		(1306 1308 1392 1390)
		(1308 1310 1394 1392)
		(4394 4392 2760 2758)
		(4394 2758 2756 4388)
		(4392 4394 4388 4390)
		(2760 4392 4390 2762)
		(4388 2756 1394 1310)
		(4390 4388 1310 1312)
		(2762 4390 1312 1396)
		(1312 1314 1398 1396)
		(1314 1316 1400 1398)
		(1316 1318 1402 1400)
		(4402 4400 2864 2862)
		(4402 2862 2860 4396)
		(4400 4402 4396 4398)
		(2864 4400 4398 2866)
		(4396 2860 1402 1318)
		(4398 4396 1318 1320)
		(2866 4398 1320 1404)
		(1320 1322 1406 1404)
		(1322 1324 1408 1406)
		(1324 1326 1410 1408)
		(4410 4408 2968 2966)
		(4410 2966 2964 4404)
		(4408 4410 4404 4406)
		(2968 4408 4406 2970)
		(4404 2964 1410 1326)
		(4406 4404 1326 1328)
		(2970 4406 1328 1412)
		(1328 1330 1414 1412)
		(1330 1332 1416 1414)
		(1332 1334 1418 1416)
		(4418 4416 3072 3070)
		(4418 3070 3068 4412)
		(4416 4418 4412 4414)
		(3072 4416 4414 3074)
		(4412 3068 1418 1334)
		(4414 4412 1334 1336)
		(3074 4414 1336 1420)
		(1336 1338 1422 1420)
		(1338 1340 1424 1422)
		(1340 1342 1426 1424)
		(1344 1346 1430 1428)
		(2134 2136 4422 4420)
		(4422 2136 2138 4424)
		(4420 4422 4424 4426)
		(2134 4420 4426 2132)
		(4424 2138 1348 1432)
		(4426 4424 1432 1430)
		(2132 4426 1430 1346)
		(1348 1350 1434 1432)
		(1350 1352 1436 1434)
		(1352 1354 1438 1436)
		(2238 2240 4430 4428)
		(4430 2240 2242 4432)
		(4428 4430 4432 4434)
		(2238 4428 4434 2236)
		(4432 2242 1356 1440)
		(4434 4432 1440 1438)
		(2236 4434 1438 1354)
		(1356 1358 1442 1440)
		(1358 1360 1444 1442)
		(1360 1362 1446 1444)
		(2342 2344 4438 4436)
		(4438 2344 2346 4440)
		(4436 4438 4440 4442)
		(2342 4436 4442 2340)
		(4440 2346 1364 1448)
		(4442 4440 1448 1446)
		(2340 4442 1446 1362)
		(1364 1366 1450 1448)
		(1366 1368 1452 1450)
		(1368 1370 1454 1452)
		(2446 2448 4446 4444)
		(4446 2448 2450 4448)
		(4444 4446 4448 4450)
		(2446 4444 4450 2444)
		(4448 2450 1372 1456)
		(4450 4448 1456 1454)
		(2444 4450 1454 1370)
		(1372 1374 1458 1456)
		(1374 1376 1460 1458)
		(1376 1378 1462 1460)
		(2550 2552 4454 4452)
		(4454 2552 2554 4456)
		(4452 4454 4456 4458)
		(2550 4452 4458 2548)
		(4456 2554 1380 1464)
		(4458 4456 1464 1462)
		(2548 4458 1462 1378)
		(1380 1382 1466 1464)
		(1382 1384 1468 1466)
		(1384 1386 1470 1468)
		(2654 2656 4462 4460)
		(4462 2656 2658 4464)
		(4460 4462 4464 4466)
		(2654 4460 4466 2652)
		(4464 2658 1388 1472)
		(4466 4464 1472 1470)
		(2652 4466 1470 1386)
		(1388 1390 1474 1472)
		(1390 1392 1476 1474)
		(1392 1394 1478 1476)
		(2758 2760 4470 4468)
		(4470 2760 2762 4472)
		(4468 4470 4472 4474)
		(2758 4468 4474 2756)
		(4472 2762 1396 1480)
		(4474 4472 1480 1478)
		(2756 4474 1478 1394)
		(1396 1398 1482 1480)
		(1398 1400 1484 1482)
		(1400 1402 1486 1484)
		(2862 2864 4478 4476)
		(4478 2864 2866 4480)
		(4476 4478 4480 4482)
		(2862 4476 4482 2860)
		(4480 2866 1404 1488)
		(4482 4480 1488 1486)
		(2860 4482 1486 1402)
		(1404 1406 1490 1488)
		(1406 1408 1492 1490)
		(1408 1410 1494 1492)
		(2966 2968 4486 4484)
		(4486 2968 2970 4488)
		(4484 4486 4488 4490)
		(2966 4484 4490 2964)
		(4488 2970 1412 1496)
		(4490 4488 1496 1494)
		(2964 4490 1494 1410)
		(1412 1414 1498 1496)
		(1414 1416 1500 1498)
		(1416 1418 1502 1500)
		(3070 3072 4494 4492)
		(4494 3072 3074 4496)
		(4492 4494 4496 4498)
		(3070 4492 4498 3068)
		(4496 3074 1420 1504)
		(4498 4496 1504 1502)
		(3068 4498 1502 1418)
		(1420 1422 1506 1504)
		(1422 1424 1508 1506)
		(1424 1426 1510 1508)
		(1428 1430 1514 1512)
		(1430 1432 1516 1514)
		(1432 1434 1518 1516)
		(4506 4504 2192 2190)
		(4506 2190 2188 4500)
		(4504 4506 4500 4502)
		(2192 4504 4502 2194)
		(4500 2188 1518 1434)
		(4502 4500 1434 1436)
		(2194 4502 1436 1520)
		(1436 1438 1522 1520)
		(1438 1440 1524 1522)
		(1440 1442 1526 1524)
		(4514 4512 2296 2294)
		(4514 2294 2292 4508)
		(4512 4514 4508 4510)
		(2296 4512 4510 2298)
		(4508 2292 1526 1442)
		(4510 4508 1442 1444)
		(2298 4510 1444 1528)
		(1444 1446 1530 1528)
		(1446 1448 1532 1530)
		(1448 1450 1534 1532)
		(4522 4520 2400 2398)
		(4522 2398 2396 4516)
		(4520 4522 4516 4518)
		(2400 4520 4518 2402)
		(4516 2396 1534 1450)
		(4518 4516 1450 1452)
		(2402 4518 1452 1536)
		(1452 1454 1538 1536)
		(1454 1456 1540 1538)
		(1456 1458 1542 1540)
		(4530 4528 2504 2502)
		(4530 2502 2500 4524)
		(4528 4530 4524 4526)
		(2504 4528 4526 2506)
		(4524 2500 1542 1458)
		(4526 4524 1458 1460)
		(2506 4526 1460 1544)
		(1460 1462 1546 1544)
		(1462 1464 1548 1546)
		(1464 1466 1550 1548)
		(4538 4536 2608 2606)
		(4538 2606 2604 4532)
		(4536 4538 4532 4534)
		(2608 4536 4534 2610)
		(4532 2604 1550 1466)
		(4534 4532 1466 1468)
		(2610 4534 1468 1552)
		(1468 1470 1554 1552)
		(1470 1472 1556 1554)
		(1472 1474 1558 1556)
		(4546 4544 2712 2710)
		(4546 2710 2708 4540)
		(4544 4546 4540 4542)
		(2712 4544 4542 2714)
		(4540 2708 1558 1474)
		(4542 4540 1474 1476)
		(2714 4542 1476 1560)
		(1476 1478 1562 1560)
		(1478 1480 1564 1562)
		(1480 1482 1566 1564)
		(4554 4552 2816 2814)
		(4554 2814 2812 4548)
		(4552 4554 4548 4550)
		(2816 4552 4550 2818)
		(4548 2812 1566 1482)
		(4550 4548 1482 1484)
		(2818 4550 1484 1568)
		(1484 1486 1570 1568)
		(1486 1488 1572 1570)
		(1488 1490 1574 1572)
		(4562 4560 2920 2918)
		(4562 2918 2916 4556)
		(4560 4562 4556 4558)
		(2920 4560 4558 2922)
		(4556 2916 1574 1490)
		(4558 4556 1490 1492)
		(2922 4558 1492 1576)
		(1492 1494 1578 1576)
		(1494 1496 1580 1578)
		(1496 1498 1582 1580)
		(4570 4568 3024 3022)
		(4570 3022 3020 4564)
		(4568 4570 4564 4566)
		(3024 4568 4566 3026)
		(4564 3020 1582 1498)
		(4566 4564 1498 1500)
		(3026 4566 1500 1584)
		(1500 1502 1586 1584)
		(1502 1504 1588 1586)
		(1504 1506 1590 1588)
		(4578 4576 3128 3126)
		(4578 3126 3124 4572)
		(4576 4578 4572 4574)
		(3128 4576 4574 3130)
		(4572 3124 1590 1506)
		(4574 4572 1506 1508)
		(3130 4574 1508 1592)
		(1508 1510 1594 1592)
		(1512 1514 1598 1596)
		(1514 1516 1600 1598)
		(1516 1518 1602 1600)
		(2190 2192 4582 4580)
		(4582 2192 2194 4584)
		(4580 4582 4584 4586)
		(2190 4580 4586 2188)
		(4584 2194 1520 1604)
		(4586 4584 1604 1602)
		(2188 4586 1602 1518)
		(1520 1522 1606 1604)
		(1522 1524 1608 1606)
		(1524 1526 1610 1608)
		(2294 2296 4590 4588)
		(4590 2296 2298 4592)
		(4588 4590 4592 4594)
		(2294 4588 4594 2292)
		(4592 2298 1528 1612)
		(4594 4592 1612 1610)
		(2292 4594 1610 1526)
		(1528 1530 1614 1612)
		(1530 1532 1616 1614)
		(1532 1534 1618 1616)
		(2398 2400 4598 4596)
		(4598 2400 2402 4600)
		(4596 4598 4600 4602)
		(2398 4596 4602 2396)
		(4600 2402 1536 1620)
		(4602 4600 1620 1618)
		(2396 4602 1618 1534)
		(1536 1538 1622 1620)
		(1538 1540 1624 1622)
		(1540 1542 1626 1624)
		(2502 2504 4606 4604)
		(4606 2504 2506 4608)
		(4604 4606 4608 4610)
		(2502 4604 4610 2500)
		(4608 2506 1544 1628)
		(4610 4608 1628 1626)
		(2500 4610 1626 1542)
		(1544 1546 1630 1628)
		(1546 1548 1632 1630)
		(1548 1550 1634 1632)
		(2606 2608 4614 4612)
		(4614 2608 2610 4616)
		(4612 4614 4616 4618)
		(2606 4612 4618 2604)
		(4616 2610 1552 1636)
		(4618 4616 1636 1634)
		(2604 4618 1634 1550)
		(1552 1554 1638 1636)
		(1554 1556 1640 1638)
		(1556 1558 1642 1640)
		(2710 2712 4622 4620)
		(4622 2712 2714 4624)
		(4620 4622 4624 4626)
		(2710 4620 4626 2708)
		(4624 2714 1560 1644)
		(4626 4624 1644 1642)
		(2708 4626 1642 1558)
		(1560 1562 1646 1644)
		(1562 1564 1648 1646)
		(1564 1566 1650 1648)
		(2814 2816 4630 4628)
		(4630 2816 2818 4632)
		(4628 4630 4632 4634)
		(2814 4628 4634 2812)
		(4632 2818 1568 1652)
		(4634 4632 1652 1650)
		(2812 4634 1650 1566)
		(1568 1570 1654 1652)
		(1570 1572 1656 1654)
		(1572 1574 1658 1656)
		(2918 2920 4638 4636)
		(4638 2920 2922 4640)
		(4636 4638 4640 4642)
		(2918 4636 4642 2916)
		(4640 2922 1576 1660)
		(4642 4640 1660 1658)
		(2916 4642 1658 1574)
		(1576 1578 1662 1660)
		(1578 1580 1664 1662)
		(1580 1582 1666 1664)
		(3022 3024 4646 4644)
		(4646 3024 3026 4648)
		(4644 4646 4648 4650)
		(3022 4644 4650 3020)
		(4648 3026 1584 1668)
		(4650 4648 1668 1666)
		(3020 4650 1666 1582)
		(1584 1586 1670 1668)
		(1586 1588 1672 1670)
		(1588 1590 1674 1672)
		(3126 3128 4654 4652)
		(4654 3128 3130 4656)
		(4652 4654 4656 4658)
		(3126 4652 4658 3124)
		(4656 3130 1592 1676)
		(4658 4656 1676 1674)
		(3124 4658 1674 1590)
		(1592 1594 1678 1676)
		(1596 1598 1682 1680)
		(4666 4664 2144 2142)
		(4666 2142 2140 4660)
		(4664 4666 4660 4662)
		(2144 4664 4662 2146)
		(4660 2140 1682 1598)
		(4662 4660 1598 1600)
		(2146 4662 1600 1684)
		(1600 1602 1686 1684)
		(1602 1604 1688 1686)
		(1604 1606 1690 1688)
		(4674 4672 2248 2246)
		(4674 2246 2244 4668)
		(4672 4674 4668 4670)
		(2248 4672 4670 2250)
		(4668 2244 1690 1606)
		(4670 4668 1606 1608)
		(2250 4670 1608 1692)
		(1608 1610 1694 1692)
		(1610 1612 1696 1694)
		(1612 1614 1698 1696)
		(4682 4680 2352 2350)
		(4682 2350 2348 4676)
		(4680 4682 4676 4678)
		(2352 4680 4678 2354)
		(4676 2348 1698 1614)
		(4678 4676 1614 1616)
		(2354 4678 1616 1700)
		(1616 1618 1702 1700)
		(1618 1620 1704 1702)
		(1620 1622 1706 1704)
		(4690 4688 2456 2454)
		(4690 2454 2452 4684)
		(4688 4690 4684 4686)
		(2456 4688 4686 2458)
		(4684 2452 1706 1622)
		(4686 4684 1622 1624)
		(2458 4686 1624 1708)
		(1624 1626 1710 1708)
		(1626 1628 1712 1710)
		(1628 1630 1714 1712)
		(4698 4696 2560 2558)
		(4698 2558 2556 4692)
		(4696 4698 4692 4694)
		(2560 4696 4694 2562)
		(4692 2556 1714 1630)
		(4694 4692 1630 1632)
		(2562 4694 1632 1716)
		(1632 1634 1718 1716)
		(1634 1636 1720 1718)
		(1636 1638 1722 1720)
		(4706 4704 2664 2662)
		(4706 2662 2660 4700)
		(4704 4706 4700 4702)
		(2664 4704 4702 2666)
		(4700 2660 1722 1638)
		(4702 4700 1638 1640)
		(2666 4702 1640 1724)
		(1640 1642 1726 1724)
		(1642 1644 1728 1726)
		(1644 1646 1730 1728)
		(4714 4712 2768 2766)
		(4714 2766 2764 4708)
		(4712 4714 4708 4710)
		(2768 4712 4710 2770)
		(4708 2764 1730 1646)
		(4710 4708 1646 1648)
		(2770 4710 1648 1732)
		(1648 1650 1734 1732)
		(1650 1652 1736 1734)
		(1652 1654 1738 1736)
		(4722 4720 2872 2870)
		(4722 2870 2868 4716)
		(4720 4722 4716 4718)
		(2872 4720 4718 2874)
		(4716 2868 1738 1654)
		(4718 4716 1654 1656)
		(2874 4718 1656 1740)
		(1656 1658 1742 1740)
		(1658 1660 1744 1742)
		(1660 1662 1746 1744)
		(4730 4728 2976 2974)
		(4730 2974 2972 4724)
		(4728 4730 4724 4726)
		(2976 4728 4726 2978)
		(4724 2972 1746 1662)
		(4726 4724 1662 1664)
		(2978 4726 1664 1748)
		(1664 1666 1750 1748)
		(1666 1668 1752 1750)
		(1668 1670 1754 1752)
		(4738 4736 3080 3078)
		(4738 3078 3076 4732)
		(4736 4738 4732 4734)
		(3080 4736 4734 3082)
		(4732 3076 1754 1670)
		(4734 4732 1670 1672)
		(3082 4734 1672 1756)
		(1672 1674 1758 1756)
		(1674 1676 1760 1758)
		(1676 1678 1762 1760)
		(1680 1682 1766 1764)
		(2142 2144 4742 4740)
		(4742 2144 2146 4744)
		(4740 4742 4744 4746)
		(2142 4740 4746 2140)
		(4744 2146 1684 1768)
		(4746 4744 1768 1766)
		(2140 4746 1766 1682)
		(1684 1686 1770 1768)
		(1686 1688 1772 1770)
		(1688 1690 1774 1772)
		(2246 2248 4750 4748)
		(4750 2248 2250 4752)
		(4748 4750 4752 4754)
		(2246 4748 4754 2244)
		(4752 2250 1692 1776)
		(4754 4752 1776 1774)
		(2244 4754 1774 1690)
		(1692 1694 1778 1776)
		(1694 1696 1780 1778)
		(1696 1698 1782 1780)
		(2350 2352 4758 4756)
		(4758 2352 2354 4760)
		(4756 4758 4760 4762)
		(2350 4756 4762 2348)
		(4760 2354 1700 1784)
		(4762 4760 1784 1782)
		(2348 4762 1782 1698)
		(1700 1702 1786 1784)
		(1702 1704 1788 1786)
		(1704 1706 1790 1788)
		(2454 2456 4766 4764)
		(4766 2456 2458 4768)
		(4764 4766 4768 4770)
		(2454 4764 4770 2452)
		(4768 2458 1708 1792)
		(4770 4768 1792 1790)
		(2452 4770 1790 1706)
		(1708 1710 1794 1792)
		(1710 1712 1796 1794)
		(1712 1714 1798 1796)
		(2558 2560 4774 4772)
		(4774 2560 2562 4776)
		(4772 4774 4776 4778)
		(2558 4772 4778 2556)
		(4776 2562 1716 1800)
		(4778 4776 1800 1798)
		(2556 4778 1798 1714)
		(1716 1718 1802 1800)
		(1718 1720 1804 1802)
		(1720 1722 1806 1804)
		(2662 2664 4782 4780)
		(4782 2664 2666 4784)
		(4780 4782 4784 4786)
		(2662 4780 4786 2660)
		(4784 2666 1724 1808)
		(4786 4784 1808 1806)
		(2660 4786 1806 1722)
		(1724 1726 1810 1808)
		(1726 1728 1812 1810)
		(1728 1730 1814 1812)
		(2766 2768 4790 4788)
		(4790 2768 2770 4792)
		(4788 4790 4792 4794)
		(2766 4788 4794 2764)
		(4792 2770 1732 1816)
		(4794 4792 1816 1814)
		(2764 4794 1814 1730)
		(1732 1734 1818 1816)
		(1734 1736 1820 1818)
		(1736 1738 1822 1820)
		(2870 2872 4798 4796)
		(4798 2872 2874 4800)
		(4796 4798 4800 4802)
		(2870 4796 4802 2868)
		(4800 2874 1740 1824)
		(4802 4800 1824 1822)
		(2868 4802 1822 1738)
		(1740 1742 1826 1824)
		(1742 1744 1828 1826)
		(1744 1746 1830 1828)
		(2974 2976 4806 4804)
		(4806 2976 2978 4808)
		(4804 4806 4808 4810)
		(2974 4804 4810 2972)
		(4808 2978 1748 1832)
		(4810 4808 1832 1830)
		(2972 4810 1830 1746)
		(1748 1750 1834 1832)
		(1750 1752 1836 1834)
		(1752 1754 1838 1836)
		(3078 3080 4814 4812)
		(4814 3080 3082 4816)
		(4812 4814 4816 4818)
		(3078 4812 4818 3076)
		(4816 3082 1756 1840)
		(4818 4816 1840 1838)
		(3076 4818 1838 1754)
		(1756 1758 1842 1840)
		(1758 1760 1844 1842)
		(1760 1762 1846 1844)
		(1764 1766 1850 1848)
		(1766 1768 1852 1850)
		(1768 1770 1854 1852)
		(4826 4824 2200 2198)
		(4826 2198 2196 4820)
		(4824 4826 4820 4822)
		(2200 4824 4822 2202)
		(4820 2196 1854 1770)
		(4822 4820 1770 1772)
		(2202 4822 1772 1856)
		(1772 1774 1858 1856)
		(1774 1776 1860 1858)
		(1776 1778 1862 1860)
		(4834 4832 2304 2302)
		(4834 2302 2300 4828)
		(4832 4834 4828 4830)
		(2304 4832 4830 2306)
		(4828 2300 1862 1778)
		(4830 4828 1778 1780)
		(2306 4830 1780 1864)
		(1780 1782 1866 1864)
		(1782 1784 1868 1866)
		(1784 1786 1870 1868)
		(4842 4840 2408 2406)
		(4842 2406 2404 4836)
		(4840 4842 4836 4838)
		(2408 4840 4838 2410)
		(4836 2404 1870 1786)
		(4838 4836 1786 1788)
		(2410 4838 1788 1872)
		(1788 1790 1874 1872)
		(1790 1792 1876 1874)
		(1792 1794 1878 1876)
		(4850 4848 2512 2510)
		(4850 2510 2508 4844)
		(4848 4850 4844 4846)
		(2512 4848 4846 2514)
		(4844 2508 1878 1794)
		(4846 4844 1794 1796)
		(2514 4846 1796 1880)
		(1796 1798 1882 1880)
		(1798 1800 1884 1882)
		(1800 1802 1886 1884)
		(4858 4856 2616 2614)
		(4858 2614 2612 4852)
		(4856 4858 4852 4854)
		(2616 4856 4854 2618)
		(4852 2612 1886 1802)
		(4854 4852 1802 1804)
		(2618 4854 1804 1888)
		(1804 1806 1890 1888)
		(1806 1808 1892 1890)
		(1808 1810 1894 1892)
		(4866 4864 2720 2718)
		(4866 2718 2716 4860)
		(4864 4866 4860 4862)
		(2720 4864 4862 2722)
		(4860 2716 1894 1810)
		(4862 4860 1810 1812)
		(2722 4862 1812 1896)
		(1812 1814 1898 1896)
		(1814 1816 1900 1898)
		(1816 1818 1902 1900)
		(4874 4872 2824 2822)
		(4874 2822 2820 4868)
		(4872 4874 4868 4870)
		(2824 4872 4870 2826)
		(4868 2820 1902 1818)
		(4870 4868 1818 1820)
		(2826 4870 1820 1904)
		(1820 1822 1906 1904)
		(1822 1824 1908 1906)
		(1824 1826 1910 1908)
		(4882 4880 2928 2926)
		(4882 2926 2924 4876)
		(4880 4882 4876 4878)
		(2928 4880 4878 2930)
		(4876 2924 1910 1826)
		(4878 4876 1826 1828)
		(2930 4878 1828 1912)
		(1828 1830 1914 1912)
		(1830 1832 1916 1914)
		(1832 1834 1918 1916)
		(4890 4888 3032 3030)
		(4890 3030 3028 4884)
		(4888 4890 4884 4886)
		(3032 4888 4886 3034)
		(4884 3028 1918 1834)
		(4886 4884 1834 1836)
		(3034 4886 1836 1920)
		(1836 1838 1922 1920)
		(1838 1840 1924 1922)
		(1840 1842 1926 1924)
		(4898 4896 3136 3134)
		(4898 3134 3132 4892)
		(4896 4898 4892 4894)
		(3136 4896 4894 3138)
		(4892 3132 1926 1842)
		(4894 4892 1842 1844)
		(3138 4894 1844 1928)
		(1844 1846 1930 1928)
		(1848 1850 1934 1932)
		(1850 1852 1936 1934)
		(1852 1854 1938 1936)
		(2198 2200 4902 4900)
		(4902 2200 2202 4904)
		(4900 4902 4904 4906)
		(2198 4900 4906 2196)
		(4904 2202 1856 1940)
		(4906 4904 1940 1938)
		(2196 4906 1938 1854)
		(1856 1858 1942 1940)
		(1858 1860 1944 1942)
		(1860 1862 1946 1944)
		(2302 2304 4910 4908)
		(4910 2304 2306 4912)
		(4908 4910 4912 4914)
		(2302 4908 4914 2300)
		(4912 2306 1864 1948)
		(4914 4912 1948 1946)
		(2300 4914 1946 1862)
		(1864 1866 1950 1948)
		(1866 1868 1952 1950)
		(1868 1870 1954 1952)
		(2406 2408 4918 4916)
		(4918 2408 2410 4920)
		(4916 4918 4920 4922)
		(2406 4916 4922 2404)
		(4920 2410 1872 1956)
		(4922 4920 1956 1954)
		(2404 4922 1954 1870)
		(1872 1874 1958 1956)
		(1874 1876 1960 1958)
		(1876 1878 1962 1960)
		(2510 2512 4926 4924)
		(4926 2512 2514 4928)
		(4924 4926 4928 4930)
		(2510 4924 4930 2508)
		(4928 2514 1880 1964)
		(4930 4928 1964 1962)
		(2508 4930 1962 1878)
		(1880 1882 1966 1964)
		(1882 1884 1968 1966)
		(1884 1886 1970 1968)
		(2614 2616 4934 4932)
		(4934 2616 2618 4936)
		(4932 4934 4936 4938)
		(2614 4932 4938 2612)
		(4936 2618 1888 1972)
		(4938 4936 1972 1970)
		(2612 4938 1970 1886)
		(1888 1890 1974 1972)
		(1890 1892 1976 1974)
		(1892 1894 1978 1976)
		(2718 2720 4942 4940)
		(4942 2720 2722 4944)
		(4940 4942 4944 4946)
		(2718 4940 4946 2716)
		(4944 2722 1896 1980)
		(4946 4944 1980 1978)
		(2716 4946 1978 1894)
		(1896 1898 1982 1980)
		(1898 1900 1984 1982)
		(1900 1902 1986 1984)
		(2822 2824 4950 4948)
		(4950 2824 2826 4952)
		(4948 4950 4952 4954)
		(2822 4948 4954 2820)
		(4952 2826 1904 1988)
		(4954 4952 1988 1986)
		(2820 4954 1986 1902)
		(1904 1906 1990 1988)
		(1906 1908 1992 1990)
		(1908 1910 1994 1992)
		(2926 2928 4958 4956)
		(4958 2928 2930 4960)
		(4956 4958 4960 4962)
		(2926 4956 4962 2924)
		(4960 2930 1912 1996)
		(4962 4960 1996 1994)
		(2924 4962 1994 1910)
		(1912 1914 1998 1996)
		(1914 1916 2000 1998)
		(1916 1918 2002 2000)
		(3030 3032 4966 4964)
		(4966 3032 3034 4968)
		(4964 4966 4968 4970)
		(3030 4964 4970 3028)
		(4968 3034 1920 2004)
		(4970 4968 2004 2002)
		(3028 4970 2002 1918)
		(1920 1922 2006 2004)
		(1922 1924 2008 2006)
		(1924 1926 2010 2008)
		(3134 3136 4974 4972)
		(4974 3136 3138 4976)
		(4972 4974 4976 4978)
		(3134 4972 4978 3132)
		(4976 3138 1928 2012)
		(4978 4976 2012 2010)
		(3132 4978 2010 1926)
		(1928 1930 2014 2012)
		(1932 1934 2018 2016)
		(4986 4984 2152 2150)
		(4986 2150 2148 4980)
		(4984 4986 4980 4982)
		(2152 4984 4982 2154)
		(4980 2148 2018 1934)
		(4982 4980 1934 1936)
		(2154 4982 1936 2020)
		(1936 1938 2022 2020)
		(1938 1940 2024 2022)
		(1940 1942 2026 2024)
		(4994 4992 2256 2254)
		(4994 2254 2252 4988)
		(4992 4994 4988 4990)
		(2256 4992 4990 2258)
		(4988 2252 2026 1942)
		(4990 4988 1942 1944)
		(2258 4990 1944 2028)
		(1944 1946 2030 2028)
		(1946 1948 2032 2030)
		(1948 1950 2034 2032)
		(5002 5000 2360 2358)
		(5002 2358 2356 4996)
		(5000 5002 4996 4998)
		(2360 5000 4998 2362)
		(4996 2356 2034 1950)
		(4998 4996 1950 1952)
		(2362 4998 1952 2036)
		(1952 1954 2038 2036)
		(1954 1956 2040 2038)
		(1956 1958 2042 2040)
		(5010 5008 2464 2462)
		(5010 2462 2460 5004)
		(5008 5010 5004 5006)
		(2464 5008 5006 2466)
		(5004 2460 2042 1958)
		(5006 5004 1958 1960)
		(2466 5006 1960 2044)
		(1960 1962 2046 2044)
		(1962 1964 2048 2046)
		(1964 1966 2050 2048)
		(5018 5016 2568 2566)
		(5018 2566 2564 5012)
		(5016 5018 5012 5014)
		(2568 5016 5014 2570)
		(5012 2564 2050 1966)
		(5014 5012 1966 1968)
		(2570 5014 1968 2052)
		(1968 1970 2054 2052)
		(1970 1972 2056 2054)
		(1972 1974 2058 2056)
		(5026 5024 2672 2670)
		(5026 2670 2668 5020)
		(5024 5026 5020 5022)
		(2672 5024 5022 2674)
		(5020 2668 2058 1974)
		(5022 5020 1974 1976)
		(2674 5022 1976 2060)
		(1976 1978 2062 2060)
		(1978 1980 2064 2062)
		(1980 1982 2066 2064)
		(5034 5032 2776 2774)
		(5034 2774 2772 5028)
		(5032 5034 5028 5030)
		(2776 5032 5030 2778)
		(5028 2772 2066 1982)
		(5030 5028 1982 1984)
		(2778 5030 1984 2068)
		(1984 1986 2070 2068)
		(1986 1988 2072 2070)
		(1988 1990 2074 2072)
		(5042 5040 2880 2878)
		(5042 2878 2876 5036)
		(5040 5042 5036 5038)
		(2880 5040 5038 2882)
		(5036 2876 2074 1990)
		(5038 5036 1990 1992)
		(2882 5038 1992 2076)
		(1992 1994 2078 2076)
		(1994 1996 2080 2078)
		(1996 1998 2082 2080)
		(5050 5048 2984 2982)
		(5050 2982 2980 5044)
		(5048 5050 5044 5046)
		(2984 5048 5046 2986)
		(5044 2980 2082 1998)
		(5046 5044 1998 2000)
		(2986 5046 2000 2084)
		(2000 2002 2086 2084)
		(2002 2004 2088 2086)
		(2004 2006 2090 2088)
		(5058 5056 3088 3086)
		(5058 3086 3084 5052)
		(5056 5058 5052 5054)
		(3088 5056 5054 3090)
		(5052 3084 2090 2006)
		(5054 5052 2006 2008)
		(3090 5054 2008 2092)
		(2008 2010 2094 2092)
		(2010 2012 2096 2094)
		(2012 2014 2098 2096)
		(5060 5062 5064 5066)
		(5068 5070 5072 5074)
		(5076 5078 5080 5082)
		(5084 5086 5088 5090)
	);
}

front
{
	type cyclic;
	neighbourPatch back;
	faces
	(
		(0 2 3 1)
		(2 2100 2101 3)
		(2100 2102 2103 2101)
		(2102 2104 2105 2103)
		(2104 2106 2107 2105)
		(2106 4 5 2107)
		(4 6 7 5)
		(6 8 9 7)
		(8 10 11 9)
		(10 2204 2205 11)
		(2204 2206 2207 2205)
		(2206 2208 2209 2207)
		(2208 2210 2211 2209)
		(2210 12 13 2211)
		(12 14 15 13)
		(14 16 17 15)
		(16 18 19 17)
		(18 2308 2309 19)
		(2308 2310 2311 2309)
		(2310 2312 2313 2311)
		(2312 2314 2315 2313)
		(2314 20 21 2315)
		(20 22 23 21)
		(22 24 25 23)
		(24 26 27 25)
		(26 2412 2413 27)
		(2412 2414 2415 2413)
		(2414 2416 2417 2415)
		(2416 2418 2419 2417)
		(2418 28 29 2419)
		(28 30 31 29)
		(30 32 33 31)
		(32 34 35 33)
		(34 2516 2517 35)
		(2516 2518 2519 2517)
		(2518 2520 2521 2519)
		(2520 2522 2523 2521)
		(2522 36 37 2523)
		(36 38 39 37)
		(38 40 41 39)
		(40 42 43 41)
		(42 2620 2621 43)
		(2620 2622 2623 2621)
		(2622 2624 2625 2623)
		(2624 2626 2627 2625)
		(2626 44 45 2627)
		(44 46 47 45)
		(46 48 49 47)
		(48 50 51 49)
		(50 2724 2725 51)
		(2724 2726 2727 2725)
		(2726 2728 2729 2727)
		(2728 2730 2731 2729)
		(2730 52 53 2731)
		(52 54 55 53)
		(54 56 57 55)
		(56 58 59 57)
		(58 2828 2829 59)
		(2828 2830 2831 2829)
		(2830 2832 2833 2831)
		(2832 2834 2835 2833)
		(2834 60 61 2835)
		(60 62 63 61)
		(62 64 65 63)
		(64 66 67 65)
		(66 2932 2933 67)
		(2932 2934 2935 2933)
		(2934 2936 2937 2935)
		(2936 2938 2939 2937)
		(2938 68 69 2939)
		(68 70 71 69)
		(70 72 73 71)
		(72 74 75 73)
		(74 3036 3037 75)
		(3036 3038 3039 3037)
		(3038 3040 3041 3039)
		(3040 3042 3043 3041)
		(3042 76 77 3043)
		(76 78 79 77)
		(78 80 81 79)
		(80 82 83 81)
		(5060 5062 5063 5061)
		(5068 5070 5071 5069)
		(5076 5078 5079 5077)
		(5084 5086 5087 5085)
	);
}

back
{
	type cyclic;
	neighbourPatch front;
	faces
	(
		(2016 2018 2019 2017)
		(2018 2148 2149 2019)
		(2148 2150 2151 2149)
		(2150 2152 2153 2151)
		(2152 2154 2155 2153)
		(2154 2020 2021 2155)
		(2020 2022 2023 2021)
		(2022 2024 2025 2023)
		(2024 2026 2027 2025)
		(2026 2252 2253 2027)
		(2252 2254 2255 2253)
		(2254 2256 2257 2255)
		(2256 2258 2259 2257)
		(2258 2028 2029 2259)
		(2028 2030 2031 2029)
		(2030 2032 2033 2031)
		(2032 2034 2035 2033)
		(2034 2356 2357 2035)
		(2356 2358 2359 2357)
		(2358 2360 2361 2359)
		(2360 2362 2363 2361)
		(2362 2036 2037 2363)
		(2036 2038 2039 2037)
		(2038 2040 2041 2039)
		(2040 2042 2043 2041)
		(2042 2460 2461 2043)
		(2460 2462 2463 2461)
		(2462 2464 2465 2463)
		(2464 2466 2467 2465)
		(2466 2044 2045 2467)
		(2044 2046 2047 2045)
		(2046 2048 2049 2047)
		(2048 2050 2051 2049)
		(2050 2564 2565 2051)
		(2564 2566 2567 2565)
		(2566 2568 2569 2567)
		(2568 2570 2571 2569)
		(2570 2052 2053 2571)
		(2052 2054 2055 2053)
		(2054 2056 2057 2055)
		(2056 2058 2059 2057)
		(2058 2668 2669 2059)
		(2668 2670 2671 2669)
		(2670 2672 2673 2671)
		(2672 2674 2675 2673)
		(2674 2060 2061 2675)
		(2060 2062 2063 2061)
		(2062 2064 2065 2063)
		(2064 2066 2067 2065)
		(2066 2772 2773 2067)
		(2772 2774 2775 2773)
		(2774 2776 2777 2775)
		(2776 2778 2779 2777)
		(2778 2068 2069 2779)
		(2068 2070 2071 2069)
		(2070 2072 2073 2071)
		(2072 2074 2075 2073)
		(2074 2876 2877 2075)
		(2876 2878 2879 2877)
		(2878 2880 2881 2879)
		(2880 2882 2883 2881)
		(2882 2076 2077 2883)
		(2076 2078 2079 2077)
		(2078 2080 2081 2079)
		(2080 2082 2083 2081)
		(2082 2980 2981 2083)
		(2980 2982 2983 2981)
		(2982 2984 2985 2983)
		(2984 2986 2987 2985)
		(2986 2084 2085 2987)
		(2084 2086 2087 2085)
		(2086 2088 2089 2087)
		(2088 2090 2091 2089)
		(2090 3084 3085 2091)
		(3084 3086 3087 3085)
		(3086 3088 3089 3087)
		(3088 3090 3091 3089)
		(3090 2092 2093 3091)
		(2092 2094 2095 2093)
		(2094 2096 2097 2095)
		(2096 2098 2099 2097)
		(5064 5066 5067 5065)
		(5072 5074 5075 5073)
		(5080 5082 5083 5081)
		(5088 5090 5091 5089)
	);
}

interface3
{
	type patch;
	faces
	(
		(0 84 85 1)
		(84 168 169 85)
		(168 252 253 169)
		(252 336 337 253)
		(336 420 421 337)
		(420 504 505 421)
		(504 588 589 505)
		(588 672 673 589)
		(672 756 757 673)
		(756 840 841 757)
		(840 924 925 841)
		(924 1008 1009 925)
		(1008 1092 1093 1009)
		(1092 1176 1177 1093)
		(1176 1260 1261 1177)
		(1260 1344 1345 1261)
		(1344 1428 1429 1345)
		(1428 1512 1513 1429)
		(1512 1596 1597 1513)
		(1596 1680 1681 1597)
		(1680 1764 1765 1681)
		(1764 1848 1849 1765)
		(1848 1932 1933 1849)
		(1932 2016 2017 1933)
	);
}

interface4
{
	type patch;
	faces
	(
		(82 166 167 83)
		(166 250 251 167)
		(250 334 335 251)
		(334 418 419 335)
		(418 502 503 419)
		(502 586 587 503)
		(586 670 671 587)
		(670 754 755 671)
		(754 838 839 755)
		(838 922 923 839)
		(922 1006 1007 923)
		(1006 1090 1091 1007)
		(1090 1174 1175 1091)
		(1174 1258 1259 1175)
		(1258 1342 1343 1259)
		(1342 1426 1427 1343)
		(1426 1510 1511 1427)
		(1510 1594 1595 1511)
		(1594 1678 1679 1595)
		(1678 1762 1763 1679)
		(1762 1846 1847 1763)
		(1846 1930 1931 1847)
		(1930 2014 2015 1931)
		(2014 2098 2099 2015)
	);
}

interface0
{
	type patch;
	faces
	(
		(5062 5064 5065 5063)
	);
}

inlet
{
	type patch;
	faces
	(
		(5066 5060 5061 5067)
	);
}

interface2
{
	type patch;
	faces
	(
		(5070 5072 5073 5071)
	);
}

interface1
{
	type patch;
	faces
	(
		(5074 5068 5069 5075)
	);
}

interface6
{
	type patch;
	faces
	(
		(5078 5080 5081 5079)
	);
}

interface5
{
	type patch;
	faces
	(
		(5082 5076 5077 5083)
	);
}

outlet
{
	type patch;
	faces
	(
		(5086 5088 5089 5087)
	);
}

interface7
{
	type patch;
	faces
	(
		(5090 5084 5085 5091)
	);
}

);

mergePatchPairs
(
	(interface0 interface1)
	(interface2 interface3)
	(interface4 interface5)
	(interface6 interface7)
);

